"cliente_id","cuenta_id","fecha"
"CLI02609","CTA00001",2021-03-11
"CLI02369","CTA00002",2025-09-12
"CLI01177","CTA00003",2024-05-28
"CLI01098","CTA00004",2022-11-05
"CLI01252","CTA00005",2025-07-25
"CLI03218","CTA00006",2024-05-10
"CLI00634","CTA00007",2024-11-10
"CLI02097","CTA00008",2021-10-22
"CLI01152","CTA00009",2023-08-02
"CLI01327","CTA00010",2020-07-06
"CLI02072","CTA00011",2025-10-16
"CLI03911","CTA00012",2023-04-27
"CLI00356","CTA00013",2022-06-11
"CLI01625","CTA00014",2024-12-19
"CLI00165","CTA00015",2023-12-14
"CLI02670","CTA00016",2025-05-12
"CLI03604","CTA00017",2024-10-04
"CLI02458","CTA00018",2023-10-21
"CLI03954","CTA00019",2023-03-04
"CLI01903","CTA00020",2022-06-11
"CLI00899","CTA00021",2022-02-21
"CLI03369","CTA00022",2020-04-09
"CLI00601","CTA00023",2023-03-12
"CLI01307","CTA00024",2025-05-06
"CLI00932","CTA00025",2024-06-13
"CLI00997","CTA00026",2025-10-30
"CLI02015","CTA00027",2020-08-09
"CLI00621","CTA00028",2024-05-12
"CLI01541","CTA00029",2023-03-31
"CLI03284","CTA00030",2021-07-08
"CLI00860","CTA00031",2023-04-22
"CLI03944","CTA00032",2023-10-31
"CLI00259","CTA00033",2025-09-19
"CLI01338","CTA00034",2025-06-27
"CLI00481","CTA00035",2024-03-17
"CLI01322","CTA00036",2022-05-12
"CLI02072","CTA00037",2024-08-28
"CLI03230","CTA00038",2024-03-19
"CLI00299","CTA00039",2021-11-14
"CLI03983","CTA00040",2025-08-15
"CLI02454","CTA00041",2022-01-27
"CLI02362","CTA00042",2025-05-23
"CLI03720","CTA00043",2022-12-24
"CLI01316","CTA00044",2024-03-03
"CLI00836","CTA00045",2026-03-06
"CLI00982","CTA00046",2021-09-18
"CLI02194","CTA00047",2025-04-07
"CLI03693","CTA00048",2022-03-21
"CLI01372","CTA00049",2023-08-17
"CLI02245","CTA00050",2025-04-14
"CLI01540","CTA00051",2021-08-19
"CLI02274","CTA00052",2025-03-08
"CLI02552","CTA00053",2021-10-06
"CLI03427","CTA00054",2023-05-08
"CLI03032","CTA00055",2023-12-16
"CLI00727","CTA00056",2025-02-04
"CLI00945","CTA00057",2026-03-25
"CLI03317","CTA00058",2020-08-06
"CLI02970","CTA00059",2022-06-30
"CLI00626","CTA00060",2021-04-10
"CLI00262","CTA00061",2023-07-22
"CLI02438","CTA00062",2022-05-10
"CLI00130","CTA00063",2021-07-08
"CLI01396","CTA00064",2025-01-25
"CLI01027","CTA00065",2025-04-05
"CLI00374","CTA00066",2021-01-30
"CLI03477","CTA00067",2025-02-20
"CLI02818","CTA00068",2021-08-13
"CLI01015","CTA00069",2024-05-15
"CLI01894","CTA00070",2025-08-09
"CLI02746","CTA00071",2023-05-05
"CLI00650","CTA00072",2020-01-13
"CLI02088","CTA00073",2020-10-11
"CLI00517","CTA00074",2025-12-30
"CLI00033","CTA00075",2022-06-12
"CLI00945","CTA00076",2022-09-26
"CLI00103","CTA00077",2020-08-25
"CLI01252","CTA00078",2025-03-31
"CLI02157","CTA00079",2024-11-22
"CLI03050","CTA00080",2021-06-17
"CLI01353","CTA00081",2023-07-26
"CLI01693","CTA00082",2023-08-10
"CLI00076","CTA00083",2022-02-06
"CLI03028","CTA00084",2020-02-13
"CLI01801","CTA00085",2022-06-13
"CLI01515","CTA00086",2024-06-14
"CLI03619","CTA00087",2026-02-22
"CLI02781","CTA00088",2023-06-02
"CLI00016","CTA00089",2023-08-23
"CLI01381","CTA00090",2022-11-17
"CLI03804","CTA00091",2024-07-24
"CLI03320","CTA00092",2020-03-10
"CLI03054","CTA00093",2023-02-13
"CLI01349","CTA00094",2022-11-26
"CLI00988","CTA00095",2023-12-06
"CLI03702","CTA00096",2026-01-27
"CLI03714","CTA00097",2024-06-21
"CLI00082","CTA00098",2021-04-25
"CLI01944","CTA00099",2026-03-16
"CLI01905","CTA00100",2022-11-30
"CLI00914","CTA00101",2023-03-14
"CLI00325","CTA00102",2026-07-11
"CLI01646","CTA00103",2025-05-05
"CLI03432","CTA00104",2020-03-12
"CLI02999","CTA00105",2025-07-01
"CLI02344","CTA00106",2025-08-22
"CLI00149","CTA00107",2024-08-18
"CLI03044","CTA00108",2021-03-22
"CLI01593","CTA00109",2020-02-15
"CLI00100","CTA00110",2023-07-11
"CLI00999","CTA00111",2025-05-13
"CLI02346","CTA00112",2026-05-03
"CLI02450","CTA00113",2023-04-24
"CLI00091","CTA00114",2021-07-27
"CLI02829","CTA00115",2024-10-15
"CLI03253","CTA00116",2022-03-22
"CLI01078","CTA00117",2026-01-19
"CLI02899","CTA00118",2025-11-11
"CLI02336","CTA00119",2026-03-30
"CLI00720","CTA00120",2021-01-17
"CLI01782","CTA00121",2023-07-02
"CLI02108","CTA00122",2026-05-14
"CLI01309","CTA00123",2023-11-09
"CLI02897","CTA00124",2023-02-01
"CLI01644","CTA00125",2021-11-13
"CLI03017","CTA00126",2025-11-28
"CLI02425","CTA00127",2021-03-22
"CLI01877","CTA00128",2025-02-16
"CLI02686","CTA00129",2022-02-12
"CLI00427","CTA00130",2021-10-16
"CLI02490","CTA00131",2022-07-07
"CLI01136","CTA00132",2022-06-15
"CLI00584","CTA00133",2021-08-08
"CLI03357","CTA00134",2021-05-03
"CLI00951","CTA00135",2024-03-06
"CLI01537","CTA00136",2025-04-02
"CLI01165","CTA00137",2025-05-07
"CLI01742","CTA00138",2024-08-25
"CLI01925","CTA00139",2023-03-15
"CLI03017","CTA00140",2023-10-03
"CLI00311","CTA00141",2025-07-25
"CLI02960","CTA00142",2024-04-25
"CLI00474","CTA00143",2024-04-30
"CLI02859","CTA00144",2024-01-25
"CLI01578","CTA00145",2021-05-30
"CLI02090","CTA00146",2023-04-13
"CLI00760","CTA00147",2021-03-05
"CLI01889","CTA00148",2021-03-09
"CLI01275","CTA00149",2024-06-11
"CLI03513","CTA00150",2024-01-04
"CLI01693","CTA00151",2020-04-01
"CLI00025","CTA00152",2025-08-24
"CLI01907","CTA00153",2022-03-24
"CLI00703","CTA00154",2021-04-23
"CLI03616","CTA00155",2020-02-29
"CLI03921","CTA00156",2021-01-22
"CLI03310","CTA00157",2024-12-14
"CLI02574","CTA00158",2026-08-04
"CLI00623","CTA00159",2026-01-20
"CLI02310","CTA00160",2021-10-18
"CLI03576","CTA00161",2021-02-09
"CLI00943","CTA00162",2024-03-13
"CLI00299","CTA00163",2021-03-22
"CLI03518","CTA00164",2021-01-13
"CLI02768","CTA00165",2024-07-30
"CLI02417","CTA00166",2021-09-26
"CLI02560","CTA00167",2025-02-03
"CLI02806","CTA00168",2026-05-30
"CLI03441","CTA00169",2020-12-27
"CLI00754","CTA00170",2024-06-28
"CLI00799","CTA00171",2025-11-06
"CLI01954","CTA00172",2020-07-02
"CLI02910","CTA00173",2020-12-01
"CLI01248","CTA00174",2020-11-21
"CLI02822","CTA00175",2026-04-30
"CLI03286","CTA00176",2025-11-10
"CLI00294","CTA00177",2025-07-15
"CLI00607","CTA00178",2026-07-05
"CLI03590","CTA00179",2024-09-03
"CLI03924","CTA00180",2025-07-21
"CLI02812","CTA00181",2025-08-08
"CLI02831","CTA00182",2020-10-05
"CLI00546","CTA00183",2023-06-28
"CLI02474","CTA00184",2024-02-06
"CLI00471","CTA00185",2021-03-01
"CLI02236","CTA00186",2024-06-30
"CLI00254","CTA00187",2024-02-25
"CLI00268","CTA00188",2022-01-20
"CLI00640","CTA00189",2022-10-27
"CLI03482","CTA00190",2023-01-23
"CLI02089","CTA00191",2021-08-14
"CLI03265","CTA00192",2021-08-16
"CLI03650","CTA00193",2026-03-04
"CLI02872","CTA00194",2024-12-17
"CLI00664","CTA00195",2025-12-10
"CLI01122","CTA00196",2024-06-08
"CLI02585","CTA00197",2024-08-01
"CLI00348","CTA00198",2021-05-20
"CLI02155","CTA00199",2026-03-28
"CLI00317","CTA00200",2021-12-11
"CLI01982","CTA00201",2022-07-17
"CLI03086","CTA00202",2024-09-26
"CLI00162","CTA00203",2022-03-17
"CLI00636","CTA00204",2022-07-13
"CLI02754","CTA00205",2023-07-27
"CLI01631","CTA00206",2023-04-03
"CLI01568","CTA00207",2023-11-03
"CLI03995","CTA00208",2021-09-10
"CLI00906","CTA00209",2022-08-07
"CLI01721","CTA00210",2022-11-15
"CLI00796","CTA00211",2022-05-21
"CLI02678","CTA00212",2024-04-16
"CLI03109","CTA00213",2024-07-04
"CLI01162","CTA00214",2024-02-03
"CLI03441","CTA00215",2020-01-07
"CLI03057","CTA00216",2020-05-02
"CLI02821","CTA00217",2020-06-22
"CLI01571","CTA00218",2025-04-30
"CLI00078","CTA00219",2025-07-27
"CLI00526","CTA00220",2025-07-27
"CLI03740","CTA00221",2023-05-17
"CLI03962","CTA00222",2026-07-02
"CLI03169","CTA00223",2026-05-12
"CLI03813","CTA00224",2024-06-30
"CLI02531","CTA00225",2026-02-22
"CLI02230","CTA00226",2023-02-22
"CLI03546","CTA00227",2020-11-25
"CLI01151","CTA00228",2023-07-28
"CLI03871","CTA00229",2022-09-08
"CLI03565","CTA00230",2020-08-24
"CLI01579","CTA00231",2026-07-06
"CLI03764","CTA00232",2022-03-27
"CLI03578","CTA00233",2021-09-12
"CLI03040","CTA00234",2026-06-19
"CLI00337","CTA00235",2022-06-16
"CLI00539","CTA00236",2026-07-23
"CLI01566","CTA00237",2025-03-24
"CLI03252","CTA00238",2025-12-24
"CLI02916","CTA00239",2023-05-08
"CLI02260","CTA00240",2026-06-03
"CLI01611","CTA00241",2020-05-18
"CLI00201","CTA00242",2024-03-21
"CLI01425","CTA00243",2024-02-29
"CLI00062","CTA00244",2025-09-26
"CLI01293","CTA00245",2022-07-08
"CLI02015","CTA00246",2024-05-22
"CLI01406","CTA00247",2023-07-08
"CLI03196","CTA00248",2023-09-14
"CLI03135","CTA00249",2025-06-06
"CLI02609","CTA00250",2023-06-02
"CLI00573","CTA00251",2020-01-10
"CLI03700","CTA00252",2025-04-12
"CLI01793","CTA00253",2020-07-27
"CLI03985","CTA00254",2023-02-26
"CLI00540","CTA00255",2022-05-06
"CLI00002","CTA00256",2025-11-07
"CLI00671","CTA00257",2024-01-30
"CLI03720","CTA00258",2023-04-22
"CLI01151","CTA00259",2022-12-06
"CLI03280","CTA00260",2021-12-09
"CLI00771","CTA00261",2023-02-23
"CLI00741","CTA00262",2023-03-23
"CLI02317","CTA00263",2021-11-18
"CLI01036","CTA00264",2026-07-10
"CLI00705","CTA00265",2026-01-05
"CLI00670","CTA00266",2021-01-20
"CLI01587","CTA00267",2026-02-07
"CLI00444","CTA00268",2020-10-21
"CLI01887","CTA00269",2021-09-22
"CLI02725","CTA00270",2021-04-20
"CLI03631","CTA00271",2024-10-25
"CLI01848","CTA00272",2021-03-28
"CLI03270","CTA00273",2020-11-02
"CLI02960","CTA00274",2022-05-26
"CLI01034","CTA00275",2023-02-07
"CLI03015","CTA00276",2026-02-21
"CLI03327","CTA00277",2022-02-18
"CLI01225","CTA00278",2024-02-18
"CLI01769","CTA00279",2020-02-16
"CLI01945","CTA00280",2023-01-07
"CLI03587","CTA00281",2021-06-05
"CLI02898","CTA00282",2026-07-10
"CLI00181","CTA00283",2021-11-10
"CLI00751","CTA00284",2025-08-03
"CLI01308","CTA00285",2020-08-11
"CLI01788","CTA00286",2021-07-14
"CLI00463","CTA00287",2021-02-06
"CLI02653","CTA00288",2023-07-19
"CLI01337","CTA00289",2025-09-04
"CLI02132","CTA00290",2021-09-21
"CLI03033","CTA00291",2021-12-04
"CLI00464","CTA00292",2023-10-07
"CLI03958","CTA00293",2025-08-17
"CLI00984","CTA00294",2024-06-28
"CLI00225","CTA00295",2022-11-04
"CLI03645","CTA00296",2020-05-25
"CLI01126","CTA00297",2023-09-26
"CLI02219","CTA00298",2020-05-05
"CLI00489","CTA00299",2025-10-02
"CLI03734","CTA00300",2023-07-05
"CLI02970","CTA00301",2022-05-14
"CLI02742","CTA00302",2024-01-14
"CLI03894","CTA00303",2020-04-29
"CLI02004","CTA00304",2025-12-03
"CLI01591","CTA00305",2026-01-10
"CLI03638","CTA00306",2023-07-05
"CLI03071","CTA00307",2020-10-12
"CLI01850","CTA00308",2025-11-15
"CLI01709","CTA00309",2021-09-19
"CLI03493","CTA00310",2021-07-02
"CLI03627","CTA00311",2021-11-05
"CLI01231","CTA00312",2024-09-17
"CLI01109","CTA00313",2023-08-29
"CLI01954","CTA00314",2025-03-18
"CLI00153","CTA00315",2021-03-13
"CLI03942","CTA00316",2023-07-04
"CLI03009","CTA00317",2021-02-15
"CLI01934","CTA00318",2023-03-27
"CLI02288","CTA00319",2022-10-28
"CLI00049","CTA00320",2025-02-19
"CLI03211","CTA00321",2025-10-05
"CLI00156","CTA00322",2025-04-30
"CLI02322","CTA00323",2024-04-30
"CLI01591","CTA00324",2025-02-05
"CLI03298","CTA00325",2024-08-28
"CLI02810","CTA00326",2022-05-10
"CLI02218","CTA00327",2024-03-08
"CLI00292","CTA00328",2026-07-10
"CLI00148","CTA00329",2025-05-11
"CLI02767","CTA00330",2025-02-23
"CLI02237","CTA00331",2020-12-22
"CLI01863","CTA00332",2021-01-09
"CLI03185","CTA00333",2020-08-31
"CLI03099","CTA00334",2024-10-10
"CLI02654","CTA00335",2024-11-01
"CLI02693","CTA00336",2021-08-25
"CLI01110","CTA00337",2022-06-14
"CLI03988","CTA00338",2024-07-16
"CLI03698","CTA00339",2021-03-09
"CLI02298","CTA00340",2021-02-12
"CLI00169","CTA00341",2025-10-20
"CLI00907","CTA00342",2026-08-12
"CLI00732","CTA00343",2022-12-14
"CLI02598","CTA00344",2020-12-04
"CLI03434","CTA00345",2021-02-08
"CLI02505","CTA00346",2024-01-08
"CLI03967","CTA00347",2024-08-17
"CLI00919","CTA00348",2022-10-05
"CLI03930","CTA00349",2024-10-13
"CLI02163","CTA00350",2024-12-06
"CLI03945","CTA00351",2020-06-04
"CLI01803","CTA00352",2026-05-22
"CLI01939","CTA00353",2025-08-09
"CLI02780","CTA00354",2026-01-24
"CLI01237","CTA00355",2022-11-26
"CLI01316","CTA00356",2023-02-11
"CLI03498","CTA00357",2026-03-15
"CLI03286","CTA00358",2023-11-11
"CLI00985","CTA00359",2021-10-27
"CLI02486","CTA00360",2021-04-26
"CLI01851","CTA00361",2026-06-24
"CLI00625","CTA00362",2022-01-02
"CLI00542","CTA00363",2024-12-21
"CLI02747","CTA00364",2025-01-06
"CLI01493","CTA00365",2020-08-04
"CLI01900","CTA00366",2022-02-28
"CLI00917","CTA00367",2021-02-26
"CLI03014","CTA00368",2023-11-02
"CLI03631","CTA00369",2022-09-23
"CLI01129","CTA00370",2021-04-23
"CLI01226","CTA00371",2021-03-31
"CLI02136","CTA00372",2022-12-12
"CLI03442","CTA00373",2021-08-27
"CLI01975","CTA00374",2025-07-30
"CLI02439","CTA00375",2022-10-05
"CLI00398","CTA00376",2026-04-24
"CLI02316","CTA00377",2023-02-15
"CLI01717","CTA00378",2020-09-22
"CLI02867","CTA00379",2025-03-25
"CLI01546","CTA00380",2023-04-22
"CLI03193","CTA00381",2020-05-15
"CLI01625","CTA00382",2020-10-22
"CLI02085","CTA00383",2021-12-11
"CLI02754","CTA00384",2023-09-30
"CLI02211","CTA00385",2024-06-18
"CLI03490","CTA00386",2021-08-10
"CLI01819","CTA00387",2021-02-09
"CLI02094","CTA00388",2024-02-03
"CLI03359","CTA00389",2022-02-12
"CLI00859","CTA00390",2022-10-27
"CLI01488","CTA00391",2020-12-01
"CLI00868","CTA00392",2020-03-11
"CLI00376","CTA00393",2024-01-27
"CLI02869","CTA00394",2026-05-11
"CLI00280","CTA00395",2021-10-07
"CLI02982","CTA00396",2021-11-23
"CLI02804","CTA00397",2022-12-16
"CLI00981","CTA00398",2023-04-01
"CLI01428","CTA00399",2023-04-18
"CLI00715","CTA00400",2024-06-13
"CLI01249","CTA00401",2022-06-03
"CLI03451","CTA00402",2022-01-01
"CLI02254","CTA00403",2020-03-21
"CLI01372","CTA00404",2023-04-22
"CLI01825","CTA00405",2024-06-25
"CLI00605","CTA00406",2022-06-17
"CLI01828","CTA00407",2022-02-22
"CLI03373","CTA00408",2025-05-19
"CLI03936","CTA00409",2021-02-18
"CLI03430","CTA00410",2023-06-06
"CLI02966","CTA00411",2022-04-02
"CLI02732","CTA00412",2024-07-24
"CLI02813","CTA00413",2024-10-05
"CLI00647","CTA00414",2025-06-18
"CLI01900","CTA00415",2023-04-16
"CLI01797","CTA00416",2022-08-11
"CLI00159","CTA00417",2020-07-28
"CLI00928","CTA00418",2020-11-08
"CLI00978","CTA00419",2026-08-10
"CLI02983","CTA00420",2025-01-21
"CLI00653","CTA00421",2022-06-03
"CLI01402","CTA00422",2024-11-19
"CLI03614","CTA00423",2021-04-09
"CLI01078","CTA00424",2026-07-30
"CLI02562","CTA00425",2023-01-19
"CLI02588","CTA00426",2024-07-07
"CLI02435","CTA00427",2025-07-28
"CLI02977","CTA00428",2025-08-25
"CLI01647","CTA00429",2025-08-04
"CLI03037","CTA00430",2024-04-17
"CLI03284","CTA00431",2026-01-26
"CLI02795","CTA00432",2024-05-28
"CLI03337","CTA00433",2021-04-03
"CLI01846","CTA00434",2022-08-24
"CLI01162","CTA00435",2020-06-17
"CLI03783","CTA00436",2022-03-11
"CLI02675","CTA00437",2022-11-30
"CLI03666","CTA00438",2024-04-09
"CLI01433","CTA00439",2022-12-26
"CLI00620","CTA00440",2024-05-15
"CLI02250","CTA00441",2022-06-22
"CLI02121","CTA00442",2025-05-31
"CLI03731","CTA00443",2024-12-27
"CLI00335","CTA00444",2021-04-22
"CLI03118","CTA00445",2023-07-25
"CLI01271","CTA00446",2022-08-19
"CLI02179","CTA00447",2020-04-16
"CLI01174","CTA00448",2022-02-22
"CLI01085","CTA00449",2022-11-28
"CLI01044","CTA00450",2020-02-18
"CLI00682","CTA00451",2020-05-13
"CLI03426","CTA00452",2021-05-29
"CLI00983","CTA00453",2026-08-29
"CLI00529","CTA00454",2023-06-07
"CLI00082","CTA00455",2024-12-05
"CLI01235","CTA00456",2021-09-27
"CLI03246","CTA00457",2023-05-28
"CLI02321","CTA00458",2026-06-06
"CLI00094","CTA00459",2025-11-08
"CLI02378","CTA00460",2025-12-17
"CLI00933","CTA00461",2024-05-13
"CLI03501","CTA00462",2026-04-27
"CLI01714","CTA00463",2026-02-12
"CLI02227","CTA00464",2026-08-12
"CLI02035","CTA00465",2025-06-03
"CLI03146","CTA00466",2025-05-29
"CLI02352","CTA00467",2020-04-08
"CLI02978","CTA00468",2026-02-27
"CLI00954","CTA00469",2022-05-03
"CLI01860","CTA00470",2021-01-13
"CLI00473","CTA00471",2023-01-10
"CLI01370","CTA00472",2022-08-21
"CLI00829","CTA00473",2024-11-30
"CLI01255","CTA00474",2020-04-14
"CLI01390","CTA00475",2025-02-09
"CLI03188","CTA00476",2023-11-28
"CLI02774","CTA00477",2023-05-13
"CLI03059","CTA00478",2024-12-07
"CLI02156","CTA00479",2020-08-03
"CLI02707","CTA00480",2022-12-12
"CLI03398","CTA00481",2022-06-23
"CLI03820","CTA00482",2022-12-25
"CLI00601","CTA00483",2023-05-17
"CLI03614","CTA00484",2022-09-03
"CLI02666","CTA00485",2021-11-30
"CLI02151","CTA00486",2020-06-07
"CLI00755","CTA00487",2023-03-08
"CLI03417","CTA00488",2020-09-22
"CLI01282","CTA00489",2022-07-22
"CLI03465","CTA00490",2026-06-03
"CLI01208","CTA00491",2020-06-02
"CLI00843","CTA00492",2026-04-08
"CLI01414","CTA00493",2023-04-13
"CLI01823","CTA00494",2025-06-28
"CLI00197","CTA00495",2020-08-20
"CLI01678","CTA00496",2020-01-18
"CLI01216","CTA00497",2022-06-04
"CLI02794","CTA00498",2025-09-01
"CLI03631","CTA00499",2023-06-08
"CLI01217","CTA00500",2024-02-04
"CLI01449","CTA00501",2024-03-21
"CLI01930","CTA00502",2022-11-04
"CLI01073","CTA00503",2023-09-05
"CLI02508","CTA00504",2026-03-14
"CLI01046","CTA00505",2020-03-01
"CLI03841","CTA00506",2020-01-24
"CLI03819","CTA00507",2020-07-25
"CLI01401","CTA00508",2023-04-30
"CLI00132","CTA00509",2023-07-12
"CLI01603","CTA00510",2023-10-15
"CLI00187","CTA00511",2023-02-21
"CLI02101","CTA00512",2023-06-24
"CLI02982","CTA00513",2020-07-21
"CLI02685","CTA00514",2021-04-18
"CLI01083","CTA00515",2024-08-18
"CLI02885","CTA00516",2023-03-30
"CLI02730","CTA00517",2021-06-03
"CLI02750","CTA00518",2026-06-28
"CLI01428","CTA00519",2025-07-17
"CLI03234","CTA00520",2022-02-25
"CLI02135","CTA00521",2023-08-24
"CLI00228","CTA00522",2024-05-02
"CLI02041","CTA00523",2023-08-25
"CLI01593","CTA00524",2025-01-05
"CLI01684","CTA00525",2020-04-02
"CLI01929","CTA00526",2022-07-09
"CLI01563","CTA00527",2020-09-15
"CLI01198","CTA00528",2023-06-16
"CLI03246","CTA00529",2020-09-21
"CLI00003","CTA00530",2021-12-21
"CLI00607","CTA00531",2023-07-27
"CLI02751","CTA00532",2023-05-05
"CLI02450","CTA00533",2021-06-06
"CLI02186","CTA00534",2025-06-18
"CLI00481","CTA00535",2025-08-03
"CLI01960","CTA00536",2021-04-12
"CLI00767","CTA00537",2025-03-27
"CLI03668","CTA00538",2026-08-06
"CLI00821","CTA00539",2025-02-25
"CLI02917","CTA00540",2021-09-19
"CLI01990","CTA00541",2021-04-21
"CLI02717","CTA00542",2024-04-26
"CLI01774","CTA00543",2022-10-13
"CLI00708","CTA00544",2022-12-20
"CLI01499","CTA00545",2024-08-20
"CLI02953","CTA00546",2025-12-05
"CLI01192","CTA00547",2021-05-05
"CLI03159","CTA00548",2020-08-30
"CLI02544","CTA00549",2023-01-17
"CLI02266","CTA00550",2020-08-22
"CLI02380","CTA00551",2025-06-09
"CLI03274","CTA00552",2024-09-30
"CLI00110","CTA00553",2024-08-21
"CLI01143","CTA00554",2025-04-17
"CLI00619","CTA00555",2023-06-08
"CLI00727","CTA00556",2020-01-23
"CLI01078","CTA00557",2022-02-19
"CLI03641","CTA00558",2020-05-16
"CLI00027","CTA00559",2024-05-31
"CLI01250","CTA00560",2024-09-28
"CLI00592","CTA00561",2021-11-14
"CLI01134","CTA00562",2024-10-05
"CLI01753","CTA00563",2024-02-28
"CLI02972","CTA00564",2024-12-20
"CLI00527","CTA00565",2025-08-14
"CLI03825","CTA00566",2022-05-17
"CLI02918","CTA00567",2021-03-12
"CLI03095","CTA00568",2024-06-16
"CLI01341","CTA00569",2025-06-17
"CLI01363","CTA00570",2021-11-30
"CLI02826","CTA00571",2021-10-14
"CLI03213","CTA00572",2020-03-20
"CLI03646","CTA00573",2024-02-11
"CLI00870","CTA00574",2021-08-26
"CLI01793","CTA00575",2023-08-21
"CLI00267","CTA00576",2021-12-01
"CLI01389","CTA00577",2020-03-19
"CLI03866","CTA00578",2022-09-27
"CLI03834","CTA00579",2020-07-24
"CLI03658","CTA00580",2025-02-02
"CLI03195","CTA00581",2024-06-12
"CLI02541","CTA00582",2023-05-22
"CLI01871","CTA00583",2022-03-22
"CLI03409","CTA00584",2020-12-18
"CLI01391","CTA00585",2020-07-28
"CLI03976","CTA00586",2021-10-24
"CLI02148","CTA00587",2020-08-30
"CLI01734","CTA00588",2026-05-27
"CLI03530","CTA00589",2022-09-22
"CLI01020","CTA00590",2025-11-23
"CLI02651","CTA00591",2026-05-04
"CLI01236","CTA00592",2023-09-26
"CLI02552","CTA00593",2025-03-05
"CLI00281","CTA00594",2021-12-26
"CLI01535","CTA00595",2020-07-02
"CLI02584","CTA00596",2025-09-17
"CLI01616","CTA00597",2026-01-05
"CLI03948","CTA00598",2020-11-29
"CLI02576","CTA00599",2023-09-26
"CLI01779","CTA00600",2020-02-18
"CLI03075","CTA00601",2020-03-14
"CLI02872","CTA00602",2025-10-28
"CLI01248","CTA00603",2021-05-07
"CLI03221","CTA00604",2022-11-02
"CLI00743","CTA00605",2023-09-18
"CLI02243","CTA00606",2024-03-02
"CLI01546","CTA00607",2024-02-22
"CLI02389","CTA00608",2021-05-27
"CLI03050","CTA00609",2022-02-02
"CLI01671","CTA00610",2025-02-15
"CLI00659","CTA00611",2025-05-04
"CLI00925","CTA00612",2023-07-03
"CLI03373","CTA00613",2022-02-17
"CLI02218","CTA00614",2024-10-19
"CLI02423","CTA00615",2022-03-03
"CLI01710","CTA00616",2021-06-03
"CLI03480","CTA00617",2020-09-11
"CLI01885","CTA00618",2024-04-19
"CLI03576","CTA00619",2023-08-24
"CLI00158","CTA00620",2022-06-23
"CLI01643","CTA00621",2021-10-03
"CLI02989","CTA00622",2026-06-16
"CLI01251","CTA00623",2020-03-28
"CLI02602","CTA00624",2022-01-09
"CLI01779","CTA00625",2022-08-31
"CLI00098","CTA00626",2023-09-21
"CLI03495","CTA00627",2022-09-01
"CLI00820","CTA00628",2021-06-07
"CLI01237","CTA00629",2025-11-24
"CLI01333","CTA00630",2024-03-01
"CLI00427","CTA00631",2020-08-22
"CLI02731","CTA00632",2023-09-11
"CLI01790","CTA00633",2024-10-31
"CLI03098","CTA00634",2022-02-25
"CLI01121","CTA00635",2021-11-23
"CLI01141","CTA00636",2026-05-25
"CLI00646","CTA00637",2022-04-21
"CLI00826","CTA00638",2025-12-31
"CLI02839","CTA00639",2026-04-20
"CLI00938","CTA00640",2024-08-10
"CLI02473","CTA00641",2021-05-25
"CLI02300","CTA00642",2024-10-02
"CLI01468","CTA00643",2022-01-11
"CLI01709","CTA00644",2025-06-17
"CLI01490","CTA00645",2020-12-03
"CLI00751","CTA00646",2025-04-18
"CLI02133","CTA00647",2025-08-03
"CLI01057","CTA00648",2022-03-06
"CLI03979","CTA00649",2024-12-16
"CLI03176","CTA00650",2020-09-27
"CLI01709","CTA00651",2023-08-11
"CLI02446","CTA00652",2023-04-29
"CLI02178","CTA00653",2025-10-06
"CLI02022","CTA00654",2024-08-15
"CLI01325","CTA00655",2024-03-14
"CLI01280","CTA00656",2023-02-25
"CLI02174","CTA00657",2020-08-11
"CLI00547","CTA00658",2026-01-17
"CLI02204","CTA00659",2021-03-03
"CLI01581","CTA00660",2025-02-15
"CLI03216","CTA00661",2023-08-11
"CLI03536","CTA00662",2024-07-27
"CLI00237","CTA00663",2025-04-07
"CLI01160","CTA00664",2025-08-01
"CLI01273","CTA00665",2023-07-08
"CLI00765","CTA00666",2026-04-03
"CLI00503","CTA00667",2023-04-11
"CLI02662","CTA00668",2024-04-14
"CLI03174","CTA00669",2023-03-28
"CLI03016","CTA00670",2023-04-06
"CLI03962","CTA00671",2020-04-13
"CLI00095","CTA00672",2023-03-20
"CLI01957","CTA00673",2026-01-16
"CLI03031","CTA00674",2026-07-29
"CLI01280","CTA00675",2025-08-26
"CLI02281","CTA00676",2023-04-19
"CLI00522","CTA00677",2024-05-19
"CLI02427","CTA00678",2024-02-02
"CLI01212","CTA00679",2023-02-01
"CLI01018","CTA00680",2022-02-08
"CLI00331","CTA00681",2020-11-14
"CLI00987","CTA00682",2024-01-02
"CLI01943","CTA00683",2023-06-27
"CLI01185","CTA00684",2025-08-14
"CLI01238","CTA00685",2026-06-25
"CLI00271","CTA00686",2021-11-01
"CLI03140","CTA00687",2020-12-17
"CLI00828","CTA00688",2023-08-14
"CLI00615","CTA00689",2020-10-19
"CLI00491","CTA00690",2021-02-12
"CLI00138","CTA00691",2021-08-22
"CLI00712","CTA00692",2024-08-08
"CLI03295","CTA00693",2026-07-16
"CLI03036","CTA00694",2023-07-15
"CLI02403","CTA00695",2024-10-10
"CLI00685","CTA00696",2020-01-04
"CLI03156","CTA00697",2024-09-07
"CLI03767","CTA00698",2025-01-19
"CLI03192","CTA00699",2024-10-26
"CLI00688","CTA00700",2022-02-28
"CLI00008","CTA00701",2020-12-04
"CLI00864","CTA00702",2020-02-06
"CLI03971","CTA00703",2025-07-10
"CLI00105","CTA00704",2026-04-17
"CLI00176","CTA00705",2023-03-01
"CLI03659","CTA00706",2020-05-17
"CLI00141","CTA00707",2022-03-21
"CLI00103","CTA00708",2026-01-29
"CLI02578","CTA00709",2020-08-31
"CLI01895","CTA00710",2023-02-14
"CLI01365","CTA00711",2020-07-07
"CLI02181","CTA00712",2022-01-13
"CLI02591","CTA00713",2024-05-01
"CLI01336","CTA00714",2021-08-01
"CLI02580","CTA00715",2023-10-01
"CLI01746","CTA00716",2026-06-30
"CLI03175","CTA00717",2020-02-17
"CLI00753","CTA00718",2026-07-09
"CLI03066","CTA00719",2020-02-15
"CLI00707","CTA00720",2023-09-14
"CLI00752","CTA00721",2025-12-08
"CLI02312","CTA00722",2020-08-23
"CLI00275","CTA00723",2025-06-05
"CLI01138","CTA00724",2023-07-13
"CLI02314","CTA00725",2024-07-30
"CLI03279","CTA00726",2026-06-02
"CLI01853","CTA00727",2025-06-17
"CLI03340","CTA00728",2024-12-02
"CLI00163","CTA00729",2026-02-28
"CLI03764","CTA00730",2025-11-22
"CLI01648","CTA00731",2022-07-30
"CLI01056","CTA00732",2023-01-03
"CLI03773","CTA00733",2025-12-25
"CLI00566","CTA00734",2025-11-19
"CLI00490","CTA00735",2022-10-26
"CLI03490","CTA00736",2023-11-18
"CLI01512","CTA00737",2026-02-25
"CLI01665","CTA00738",2026-07-10
"CLI00461","CTA00739",2022-08-18
"CLI03591","CTA00740",2026-08-16
"CLI01227","CTA00741",2021-07-08
"CLI01035","CTA00742",2025-10-02
"CLI00589","CTA00743",2021-07-28
"CLI03685","CTA00744",2020-06-09
"CLI02786","CTA00745",2024-07-09
"CLI02191","CTA00746",2024-02-04
"CLI03109","CTA00747",2021-02-19
"CLI02446","CTA00748",2026-04-18
"CLI02533","CTA00749",2020-03-09
"CLI02304","CTA00750",2020-05-21
"CLI00346","CTA00751",2026-01-06
"CLI00689","CTA00752",2024-09-25
"CLI02460","CTA00753",2024-04-13
"CLI00722","CTA00754",2020-04-04
"CLI02875","CTA00755",2022-10-12
"CLI01654","CTA00756",2020-12-06
"CLI00273","CTA00757",2022-05-18
"CLI00946","CTA00758",2021-01-13
"CLI00039","CTA00759",2022-02-06
"CLI02029","CTA00760",2020-03-19
"CLI00418","CTA00761",2023-04-04
"CLI00204","CTA00762",2025-08-20
"CLI00222","CTA00763",2025-01-26
"CLI00163","CTA00764",2021-11-13
"CLI02708","CTA00765",2021-12-14
"CLI00474","CTA00766",2023-12-09
"CLI00985","CTA00767",2022-04-03
"CLI00520","CTA00768",2022-05-06
"CLI03348","CTA00769",2025-07-19
"CLI00668","CTA00770",2023-04-02
"CLI02999","CTA00771",2025-04-28
"CLI01390","CTA00772",2021-11-20
"CLI02145","CTA00773",2023-01-04
"CLI01720","CTA00774",2023-10-24
"CLI01582","CTA00775",2023-09-26
"CLI01365","CTA00776",2020-08-26
"CLI00760","CTA00777",2023-06-30
"CLI01010","CTA00778",2023-02-18
"CLI02232","CTA00779",2020-02-27
"CLI01634","CTA00780",2023-05-20
"CLI00318","CTA00781",2021-01-18
"CLI02117","CTA00782",2024-05-12
"CLI01450","CTA00783",2024-12-25
"CLI02316","CTA00784",2024-06-01
"CLI01283","CTA00785",2020-12-03
"CLI02426","CTA00786",2025-07-28
"CLI02066","CTA00787",2023-12-26
"CLI00242","CTA00788",2023-10-14
"CLI02226","CTA00789",2020-02-06
"CLI02991","CTA00790",2023-10-28
"CLI03464","CTA00791",2023-08-25
"CLI03699","CTA00792",2024-05-12
"CLI03560","CTA00793",2026-06-04
"CLI03614","CTA00794",2021-01-06
"CLI01172","CTA00795",2025-10-24
"CLI01843","CTA00796",2026-07-01
"CLI02722","CTA00797",2023-02-23
"CLI03520","CTA00798",2020-10-17
"CLI01301","CTA00799",2024-01-22
"CLI00180","CTA00800",2025-06-28
"CLI03071","CTA00801",2021-09-25
"CLI03155","CTA00802",2023-05-30
"CLI01661","CTA00803",2022-10-24
"CLI02554","CTA00804",2025-11-03
"CLI00747","CTA00805",2021-05-20
"CLI02031","CTA00806",2022-04-10
"CLI03666","CTA00807",2023-11-15
"CLI03112","CTA00808",2021-07-02
"CLI01816","CTA00809",2025-09-18
"CLI00938","CTA00810",2020-07-16
"CLI03229","CTA00811",2024-01-28
"CLI01442","CTA00812",2025-12-13
"CLI02838","CTA00813",2024-08-05
"CLI00900","CTA00814",2021-09-16
"CLI03287","CTA00815",2020-10-29
"CLI03985","CTA00816",2020-01-11
"CLI00236","CTA00817",2020-03-04
"CLI02423","CTA00818",2023-12-20
"CLI03732","CTA00819",2020-12-13
"CLI00691","CTA00820",2022-12-31
"CLI00295","CTA00821",2026-02-19
"CLI02569","CTA00822",2021-07-17
"CLI00831","CTA00823",2025-12-25
"CLI01726","CTA00824",2025-10-06
"CLI02579","CTA00825",2020-10-06
"CLI00021","CTA00826",2024-10-03
"CLI03051","CTA00827",2021-08-31
"CLI01387","CTA00828",2021-10-17
"CLI00959","CTA00829",2020-11-28
"CLI02540","CTA00830",2024-07-16
"CLI02914","CTA00831",2022-12-27
"CLI02420","CTA00832",2026-02-16
"CLI03975","CTA00833",2020-02-23
"CLI03761","CTA00834",2023-02-11
"CLI03908","CTA00835",2021-01-24
"CLI02675","CTA00836",2021-12-30
"CLI03393","CTA00837",2020-01-15
"CLI03164","CTA00838",2023-10-22
"CLI01361","CTA00839",2022-04-06
"CLI00420","CTA00840",2024-04-01
"CLI02745","CTA00841",2020-07-10
"CLI03739","CTA00842",2023-09-21
"CLI03037","CTA00843",2024-10-20
"CLI01690","CTA00844",2022-03-01
"CLI00057","CTA00845",2022-09-21
"CLI03797","CTA00846",2022-10-04
"CLI01256","CTA00847",2020-02-26
"CLI00803","CTA00848",2020-10-16
"CLI01722","CTA00849",2021-05-15
"CLI03085","CTA00850",2023-01-08
"CLI03682","CTA00851",2026-08-07
"CLI02551","CTA00852",2020-08-31
"CLI03300","CTA00853",2020-07-17
"CLI00809","CTA00854",2024-12-11
"CLI02475","CTA00855",2020-04-10
"CLI00348","CTA00856",2021-03-23
"CLI00394","CTA00857",2024-12-01
"CLI02912","CTA00858",2022-07-29
"CLI03182","CTA00859",2023-09-06
"CLI02587","CTA00860",2021-11-13
"CLI00353","CTA00861",2023-12-17
"CLI02304","CTA00862",2025-09-18
"CLI01089","CTA00863",2021-05-21
"CLI03662","CTA00864",2025-08-25
"CLI01919","CTA00865",2022-12-31
"CLI00756","CTA00866",2024-09-13
"CLI00058","CTA00867",2024-07-26
"CLI03829","CTA00868",2021-01-23
"CLI00480","CTA00869",2022-03-03
"CLI02588","CTA00870",2021-03-14
"CLI01003","CTA00871",2024-06-07
"CLI00511","CTA00872",2024-03-07
"CLI01312","CTA00873",2023-07-24
"CLI00361","CTA00874",2020-04-12
"CLI02206","CTA00875",2025-09-03
"CLI02419","CTA00876",2020-12-22
"CLI01701","CTA00877",2023-05-13
"CLI00757","CTA00878",2020-10-04
"CLI00354","CTA00879",2026-08-12
"CLI00489","CTA00880",2023-09-24
"CLI02019","CTA00881",2026-05-16
"CLI03736","CTA00882",2024-05-06
"CLI02732","CTA00883",2021-12-11
"CLI03618","CTA00884",2021-11-29
"CLI00984","CTA00885",2020-01-18
"CLI00637","CTA00886",2023-08-21
"CLI02332","CTA00887",2020-01-26
"CLI00816","CTA00888",2026-06-03
"CLI00530","CTA00889",2026-01-08
"CLI03998","CTA00890",2025-04-13
"CLI01174","CTA00891",2024-01-01
"CLI01690","CTA00892",2024-04-03
"CLI00561","CTA00893",2021-11-05
"CLI02772","CTA00894",2021-03-07
"CLI02911","CTA00895",2025-09-04
"CLI02920","CTA00896",2024-04-10
"CLI00030","CTA00897",2022-03-05
"CLI03656","CTA00898",2023-11-13
"CLI02995","CTA00899",2024-06-23
"CLI00943","CTA00900",2020-10-21
"CLI03545","CTA00901",2026-07-10
"CLI02106","CTA00902",2023-06-05
"CLI00678","CTA00903",2025-06-04
"CLI03171","CTA00904",2020-07-12
"CLI00833","CTA00905",2026-08-05
"CLI01950","CTA00906",2020-10-27
"CLI00175","CTA00907",2021-08-30
"CLI01540","CTA00908",2025-06-09
"CLI01948","CTA00909",2021-12-02
"CLI01065","CTA00910",2024-04-09
"CLI01377","CTA00911",2022-10-15
"CLI03563","CTA00912",2026-05-22
"CLI02758","CTA00913",2024-10-14
"CLI03860","CTA00914",2025-06-23
"CLI00910","CTA00915",2021-11-25
"CLI00649","CTA00916",2020-02-09
"CLI02140","CTA00917",2024-08-17
"CLI00415","CTA00918",2026-06-22
"CLI00664","CTA00919",2023-07-05
"CLI00454","CTA00920",2021-07-15
"CLI02028","CTA00921",2025-04-17
"CLI03734","CTA00922",2020-12-02
"CLI00497","CTA00923",2022-06-24
"CLI02315","CTA00924",2025-07-15
"CLI02491","CTA00925",2026-07-27
"CLI03282","CTA00926",2020-12-08
"CLI00875","CTA00927",2021-08-12
"CLI03731","CTA00928",2023-02-16
"CLI03435","CTA00929",2021-09-17
"CLI01905","CTA00930",2022-12-19
"CLI03569","CTA00931",2026-02-14
"CLI02344","CTA00932",2026-03-30
"CLI02507","CTA00933",2026-01-15
"CLI01778","CTA00934",2024-09-21
"CLI00225","CTA00935",2026-08-21
"CLI00823","CTA00936",2022-04-24
"CLI01702","CTA00937",2025-12-14
"CLI00546","CTA00938",2023-08-21
"CLI00238","CTA00939",2026-02-02
"CLI01765","CTA00940",2022-05-14
"CLI01025","CTA00941",2025-10-31
"CLI01886","CTA00942",2022-12-29
"CLI00569","CTA00943",2023-01-23
"CLI02871","CTA00944",2020-04-20
"CLI00914","CTA00945",2024-03-24
"CLI03900","CTA00946",2022-09-30
"CLI03780","CTA00947",2020-09-14
"CLI03023","CTA00948",2022-01-18
"CLI00071","CTA00949",2021-06-05
"CLI01678","CTA00950",2022-12-20
"CLI00010","CTA00951",2025-06-19
"CLI03555","CTA00952",2023-07-24
"CLI01991","CTA00953",2020-07-16
"CLI01093","CTA00954",2024-05-06
"CLI02904","CTA00955",2020-03-23
"CLI02214","CTA00956",2025-05-29
"CLI03205","CTA00957",2026-03-12
"CLI00789","CTA00958",2024-03-18
"CLI00063","CTA00959",2022-08-03
"CLI01266","CTA00960",2022-11-20
"CLI00489","CTA00961",2025-05-21
"CLI00035","CTA00962",2021-05-20
"CLI02307","CTA00963",2024-03-11
"CLI00201","CTA00964",2021-12-26
"CLI03008","CTA00965",2025-09-14
"CLI03583","CTA00966",2023-05-02
"CLI00813","CTA00967",2024-05-19
"CLI03163","CTA00968",2021-09-14
"CLI03869","CTA00969",2025-10-20
"CLI03803","CTA00970",2023-10-14
"CLI00487","CTA00971",2021-11-03
"CLI02346","CTA00972",2024-12-22
"CLI00017","CTA00973",2020-05-11
"CLI00482","CTA00974",2023-05-02
"CLI02580","CTA00975",2020-08-09
"CLI01457","CTA00976",2026-07-12
"CLI03546","CTA00977",2020-10-28
"CLI02124","CTA00978",2023-09-06
"CLI03160","CTA00979",2020-07-03
"CLI03046","CTA00980",2021-05-24
"CLI00158","CTA00981",2023-04-20
"CLI01750","CTA00982",2025-01-02
"CLI00478","CTA00983",2021-06-09
"CLI02739","CTA00984",2026-04-05
"CLI01482","CTA00985",2022-08-28
"CLI03184","CTA00986",2020-11-26
"CLI01185","CTA00987",2020-08-12
"CLI03178","CTA00988",2020-09-26
"CLI03207","CTA00989",2023-11-26
"CLI03609","CTA00990",2020-03-05
"CLI02584","CTA00991",2025-12-21
"CLI01791","CTA00992",2022-09-03
"CLI03906","CTA00993",2020-02-23
"CLI00292","CTA00994",2021-03-10
"CLI01800","CTA00995",2023-07-25
"CLI03055","CTA00996",2024-03-09
"CLI03278","CTA00997",2023-09-07
"CLI02193","CTA00998",2022-02-09
"CLI02746","CTA00999",2025-05-20
"CLI02981","CTA01000",2020-10-01
"CLI02801","CTA01001",2022-11-09
"CLI01169","CTA01002",2022-06-07
"CLI03152","CTA01003",2026-04-27
"CLI02912","CTA01004",2020-03-30
"CLI00692","CTA01005",2022-07-14
"CLI03097","CTA01006",2022-10-29
"CLI01534","CTA01007",2022-11-03
"CLI00486","CTA01008",2020-05-25
"CLI02243","CTA01009",2020-07-20
"CLI03726","CTA01010",2024-07-31
"CLI02616","CTA01011",2024-05-12
"CLI00684","CTA01012",2021-01-30
"CLI01719","CTA01013",2025-08-29
"CLI01993","CTA01014",2023-08-17
"CLI00750","CTA01015",2023-09-07
"CLI00579","CTA01016",2026-07-22
"CLI01188","CTA01017",2024-12-21
"CLI03363","CTA01018",2022-05-17
"CLI00039","CTA01019",2026-06-25
"CLI01505","CTA01020",2022-08-13
"CLI00700","CTA01021",2020-08-19
"CLI01272","CTA01022",2026-06-10
"CLI01829","CTA01023",2024-07-28
"CLI01878","CTA01024",2025-10-30
"CLI02436","CTA01025",2023-09-11
"CLI02333","CTA01026",2022-10-31
"CLI01499","CTA01027",2023-12-18
"CLI00392","CTA01028",2020-04-09
"CLI03372","CTA01029",2021-09-19
"CLI03372","CTA01030",2024-07-20
"CLI00524","CTA01031",2020-02-17
"CLI01135","CTA01032",2021-10-13
"CLI03721","CTA01033",2024-09-26
"CLI01112","CTA01034",2020-12-01
"CLI03779","CTA01035",2020-07-07
"CLI00131","CTA01036",2021-10-02
"CLI02714","CTA01037",2021-07-23
"CLI02409","CTA01038",2021-05-03
"CLI00768","CTA01039",2025-02-20
"CLI03463","CTA01040",2025-04-21
"CLI03483","CTA01041",2023-08-28
"CLI02519","CTA01042",2026-04-26
"CLI02988","CTA01043",2025-09-01
"CLI00749","CTA01044",2022-03-30
"CLI02481","CTA01045",2021-05-29
"CLI02272","CTA01046",2022-02-27
"CLI02127","CTA01047",2021-11-29
"CLI03375","CTA01048",2020-11-05
"CLI02452","CTA01049",2020-03-27
"CLI00995","CTA01050",2022-04-14
"CLI01627","CTA01051",2026-03-12
"CLI00557","CTA01052",2023-01-15
"CLI02195","CTA01053",2021-10-20
"CLI00578","CTA01054",2020-10-31
"CLI02966","CTA01055",2026-03-06
"CLI02725","CTA01056",2020-06-03
"CLI02153","CTA01057",2021-08-14
"CLI01789","CTA01058",2020-10-04
"CLI01714","CTA01059",2023-07-05
"CLI01057","CTA01060",2022-01-29
"CLI00324","CTA01061",2024-03-01
"CLI02130","CTA01062",2024-08-02
"CLI01598","CTA01063",2020-07-29
"CLI02661","CTA01064",2024-07-22
"CLI00099","CTA01065",2024-02-22
"CLI03882","CTA01066",2020-08-31
"CLI03128","CTA01067",2024-09-25
"CLI00153","CTA01068",2020-03-21
"CLI00679","CTA01069",2024-02-10
"CLI00014","CTA01070",2023-04-25
"CLI01085","CTA01071",2021-12-19
"CLI03931","CTA01072",2022-10-11
"CLI01098","CTA01073",2023-06-03
"CLI01536","CTA01074",2024-10-16
"CLI03991","CTA01075",2024-04-22
"CLI03658","CTA01076",2020-09-15
"CLI02965","CTA01077",2021-10-28
"CLI03753","CTA01078",2022-11-27
"CLI03751","CTA01079",2021-09-27
"CLI00070","CTA01080",2024-12-04
"CLI02996","CTA01081",2021-12-06
"CLI00412","CTA01082",2022-08-29
"CLI02824","CTA01083",2024-07-06
"CLI03743","CTA01084",2024-05-07
"CLI02138","CTA01085",2026-06-29
"CLI02238","CTA01086",2024-06-09
"CLI01816","CTA01087",2026-01-27
"CLI02341","CTA01088",2023-01-20
"CLI02362","CTA01089",2025-09-21
"CLI01363","CTA01090",2023-10-15
"CLI02644","CTA01091",2021-06-26
"CLI02059","CTA01092",2022-02-06
"CLI01883","CTA01093",2024-11-12
"CLI03825","CTA01094",2020-08-23
"CLI01351","CTA01095",2023-12-27
"CLI01464","CTA01096",2024-11-27
"CLI03434","CTA01097",2021-04-06
"CLI01196","CTA01098",2021-01-23
"CLI00374","CTA01099",2023-08-31
"CLI02180","CTA01100",2023-10-04
"CLI02207","CTA01101",2023-03-10
"CLI02228","CTA01102",2023-05-22
"CLI03619","CTA01103",2021-06-29
"CLI00189","CTA01104",2022-12-14
"CLI01981","CTA01105",2021-05-31
"CLI00065","CTA01106",2025-02-05
"CLI00432","CTA01107",2026-05-07
"CLI00890","CTA01108",2024-06-27
"CLI03333","CTA01109",2025-12-18
"CLI03571","CTA01110",2021-07-27
"CLI01553","CTA01111",2025-11-03
"CLI01067","CTA01112",2020-01-01
"CLI02497","CTA01113",2022-04-06
"CLI03032","CTA01114",2024-10-17
"CLI02593","CTA01115",2026-08-29
"CLI00594","CTA01116",2022-03-15
"CLI02115","CTA01117",2023-04-10
"CLI03582","CTA01118",2022-10-30
"CLI00069","CTA01119",2021-10-21
"CLI03879","CTA01120",2022-07-17
"CLI01990","CTA01121",2026-05-15
"CLI00720","CTA01122",2021-12-06
"CLI01293","CTA01123",2025-02-01
"CLI02337","CTA01124",2021-01-08
"CLI01400","CTA01125",2024-07-01
"CLI03839","CTA01126",2022-01-24
"CLI01267","CTA01127",2022-09-25
"CLI00690","CTA01128",2021-09-28
"CLI02698","CTA01129",2022-03-24
"CLI03662","CTA01130",2020-03-17
"CLI02666","CTA01131",2026-01-14
"CLI03319","CTA01132",2023-01-24
"CLI02146","CTA01133",2024-07-26
"CLI03280","CTA01134",2021-10-20
"CLI00636","CTA01135",2022-06-18
"CLI02641","CTA01136",2022-04-10
"CLI03586","CTA01137",2020-03-08
"CLI01743","CTA01138",2022-03-19
"CLI00855","CTA01139",2024-07-16
"CLI03163","CTA01140",2022-05-25
"CLI02344","CTA01141",2023-01-31
"CLI03746","CTA01142",2026-05-11
"CLI03761","CTA01143",2025-09-29
"CLI03968","CTA01144",2022-06-21
"CLI03958","CTA01145",2021-08-12
"CLI03395","CTA01146",2020-06-18
"CLI02475","CTA01147",2024-09-25
"CLI02362","CTA01148",2026-03-14
"CLI00805","CTA01149",2026-04-10
"CLI02070","CTA01150",2025-08-13
"CLI01761","CTA01151",2025-12-24
"CLI01795","CTA01152",2024-12-23
"CLI00078","CTA01153",2022-03-13
"CLI00230","CTA01154",2026-04-22
"CLI01296","CTA01155",2026-03-06
"CLI02122","CTA01156",2025-02-05
"CLI00027","CTA01157",2021-04-20
"CLI03016","CTA01158",2026-03-01
"CLI00983","CTA01159",2023-09-13
"CLI03318","CTA01160",2026-01-03
"CLI02313","CTA01161",2025-08-15
"CLI00611","CTA01162",2022-04-23
"CLI01762","CTA01163",2022-12-15
"CLI03750","CTA01164",2020-09-16
"CLI02530","CTA01165",2023-02-16
"CLI03760","CTA01166",2021-02-28
"CLI01694","CTA01167",2022-07-18
"CLI02777","CTA01168",2025-04-01
"CLI03166","CTA01169",2023-12-01
"CLI00201","CTA01170",2021-05-09
"CLI00293","CTA01171",2025-12-20
"CLI02769","CTA01172",2025-01-15
"CLI00236","CTA01173",2022-05-22
"CLI02836","CTA01174",2024-08-11
"CLI03428","CTA01175",2025-11-14
"CLI00486","CTA01176",2023-07-30
"CLI03682","CTA01177",2025-04-14
"CLI03139","CTA01178",2022-03-08
"CLI03570","CTA01179",2022-09-17
"CLI01790","CTA01180",2022-02-17
"CLI01809","CTA01181",2025-03-27
"CLI02392","CTA01182",2020-10-25
"CLI02034","CTA01183",2020-03-30
"CLI01789","CTA01184",2025-01-22
"CLI02251","CTA01185",2023-01-27
"CLI00008","CTA01186",2025-04-22
"CLI03239","CTA01187",2021-05-30
"CLI01077","CTA01188",2023-02-26
"CLI02964","CTA01189",2025-05-27
"CLI00860","CTA01190",2023-11-14
"CLI03830","CTA01191",2024-02-12
"CLI00957","CTA01192",2021-01-02
"CLI03223","CTA01193",2024-12-17
"CLI01848","CTA01194",2024-05-21
"CLI00417","CTA01195",2024-02-17
"CLI00444","CTA01196",2021-10-05
"CLI01144","CTA01197",2025-06-12
"CLI01555","CTA01198",2026-08-02
"CLI00848","CTA01199",2025-11-22
"CLI03304","CTA01200",2024-06-27
"CLI01268","CTA01201",2023-04-20
"CLI02482","CTA01202",2024-03-22
"CLI01909","CTA01203",2022-10-21
"CLI01802","CTA01204",2020-04-04
"CLI01482","CTA01205",2021-01-11
"CLI00915","CTA01206",2025-09-03
"CLI01014","CTA01207",2020-09-15
"CLI01101","CTA01208",2024-12-06
"CLI01879","CTA01209",2024-01-20
"CLI03180","CTA01210",2020-01-02
"CLI00309","CTA01211",2023-02-25
"CLI03174","CTA01212",2021-04-15
"CLI00118","CTA01213",2025-02-16
"CLI01319","CTA01214",2022-09-12
"CLI03772","CTA01215",2021-10-23
"CLI03239","CTA01216",2023-01-22
"CLI02725","CTA01217",2026-07-28
"CLI01217","CTA01218",2024-02-12
"CLI03251","CTA01219",2021-09-21
"CLI01208","CTA01220",2021-04-23
"CLI03179","CTA01221",2022-05-12
"CLI03554","CTA01222",2021-03-30
"CLI01970","CTA01223",2022-12-15
"CLI01943","CTA01224",2021-10-08
"CLI02666","CTA01225",2021-04-02
"CLI02214","CTA01226",2020-12-21
"CLI00565","CTA01227",2025-07-12
"CLI00292","CTA01228",2025-05-15
"CLI02109","CTA01229",2026-04-16
"CLI02828","CTA01230",2021-07-27
"CLI02549","CTA01231",2026-06-18
"CLI00262","CTA01232",2021-12-16
"CLI01745","CTA01233",2020-11-24
"CLI02030","CTA01234",2022-06-01
"CLI00385","CTA01235",2024-03-03
"CLI00571","CTA01236",2021-04-26
"CLI03179","CTA01237",2022-09-09
"CLI03640","CTA01238",2024-05-31
"CLI02900","CTA01239",2022-07-24
"CLI00922","CTA01240",2020-10-07
"CLI02617","CTA01241",2020-05-30
"CLI02556","CTA01242",2021-07-22
"CLI03411","CTA01243",2025-12-09
"CLI02174","CTA01244",2023-09-08
"CLI00696","CTA01245",2022-10-13
"CLI01765","CTA01246",2021-05-12
"CLI02051","CTA01247",2025-01-22
"CLI03885","CTA01248",2026-06-05
"CLI00403","CTA01249",2020-08-20
"CLI03573","CTA01250",2020-02-06
"CLI01789","CTA01251",2021-05-05
"CLI01657","CTA01252",2025-07-27
"CLI01330","CTA01253",2026-06-25
"CLI00084","CTA01254",2025-01-23
"CLI01247","CTA01255",2024-06-07
"CLI03086","CTA01256",2022-09-23
"CLI00610","CTA01257",2020-06-22
"CLI02401","CTA01258",2023-10-25
"CLI03062","CTA01259",2023-06-13
"CLI03478","CTA01260",2025-05-02
"CLI03502","CTA01261",2020-01-14
"CLI03335","CTA01262",2023-05-03
"CLI03247","CTA01263",2023-10-27
"CLI02999","CTA01264",2020-10-22
"CLI01062","CTA01265",2025-08-12
"CLI00620","CTA01266",2023-01-24
"CLI01268","CTA01267",2025-12-26
"CLI01707","CTA01268",2023-06-01
"CLI01886","CTA01269",2023-04-09
"CLI02609","CTA01270",2023-06-09
"CLI00281","CTA01271",2024-04-20
"CLI02122","CTA01272",2021-01-22
"CLI01438","CTA01273",2023-07-05
"CLI00923","CTA01274",2024-10-03
"CLI00659","CTA01275",2023-04-02
"CLI01194","CTA01276",2026-07-29
"CLI02365","CTA01277",2021-12-29
"CLI01225","CTA01278",2020-07-01
"CLI00406","CTA01279",2023-11-14
"CLI01115","CTA01280",2022-12-03
"CLI01608","CTA01281",2025-03-16
"CLI00467","CTA01282",2023-08-14
"CLI01351","CTA01283",2026-06-03
"CLI03034","CTA01284",2025-09-04
"CLI01399","CTA01285",2020-06-01
"CLI01040","CTA01286",2023-05-11
"CLI01096","CTA01287",2021-08-18
"CLI01687","CTA01288",2023-06-27
"CLI00213","CTA01289",2024-10-16
"CLI03132","CTA01290",2021-05-07
"CLI02768","CTA01291",2021-09-05
"CLI02143","CTA01292",2022-11-06
"CLI03061","CTA01293",2024-02-21
"CLI03454","CTA01294",2020-10-27
"CLI01373","CTA01295",2023-05-18
"CLI02219","CTA01296",2025-04-12
"CLI00185","CTA01297",2024-06-08
"CLI03739","CTA01298",2020-01-31
"CLI00586","CTA01299",2026-07-14
"CLI00980","CTA01300",2020-11-19
"CLI00896","CTA01301",2022-03-09
"CLI01170","CTA01302",2022-03-05
"CLI00016","CTA01303",2023-01-08
"CLI03784","CTA01304",2024-12-03
"CLI03669","CTA01305",2025-07-08
"CLI03173","CTA01306",2021-11-11
"CLI03223","CTA01307",2025-04-12
"CLI00250","CTA01308",2026-05-24
"CLI03506","CTA01309",2022-10-07
"CLI03055","CTA01310",2026-04-22
"CLI03586","CTA01311",2024-11-19
"CLI03712","CTA01312",2024-01-26
"CLI02807","CTA01313",2023-12-10
"CLI02529","CTA01314",2022-08-31
"CLI02396","CTA01315",2022-06-25
"CLI02975","CTA01316",2026-05-22
"CLI03036","CTA01317",2025-06-28
"CLI02794","CTA01318",2022-08-27
"CLI02230","CTA01319",2021-09-14
"CLI00637","CTA01320",2024-06-17
"CLI00073","CTA01321",2020-07-27
"CLI00801","CTA01322",2026-01-06
"CLI01937","CTA01323",2022-08-16
"CLI02157","CTA01324",2021-07-13
"CLI00390","CTA01325",2025-12-24
"CLI03980","CTA01326",2023-08-23
"CLI01747","CTA01327",2023-11-05
"CLI03745","CTA01328",2023-07-02
"CLI00651","CTA01329",2023-05-09
"CLI01500","CTA01330",2021-06-20
"CLI00320","CTA01331",2023-04-22
"CLI03645","CTA01332",2020-10-04
"CLI02139","CTA01333",2024-04-18
"CLI03260","CTA01334",2022-11-21
"CLI03280","CTA01335",2021-06-11
"CLI03534","CTA01336",2023-04-21
"CLI03123","CTA01337",2024-04-06
"CLI00437","CTA01338",2023-07-17
"CLI03159","CTA01339",2022-08-19
"CLI02981","CTA01340",2021-07-10
"CLI00168","CTA01341",2021-01-22
"CLI03893","CTA01342",2021-03-30
"CLI03283","CTA01343",2026-04-27
"CLI00432","CTA01344",2025-01-03
"CLI02796","CTA01345",2026-03-15
"CLI01327","CTA01346",2021-06-18
"CLI01479","CTA01347",2023-12-04
"CLI01313","CTA01348",2020-04-17
"CLI01432","CTA01349",2025-03-12
"CLI02255","CTA01350",2022-03-07
"CLI03656","CTA01351",2024-12-26
"CLI01030","CTA01352",2023-08-27
"CLI01579","CTA01353",2024-12-12
"CLI01378","CTA01354",2024-03-06
"CLI00929","CTA01355",2020-07-04
"CLI01758","CTA01356",2026-08-30
"CLI00692","CTA01357",2021-06-26
"CLI00101","CTA01358",2023-12-01
"CLI00255","CTA01359",2025-03-17
"CLI00677","CTA01360",2026-01-24
"CLI03499","CTA01361",2020-07-13
"CLI03291","CTA01362",2022-04-07
"CLI01819","CTA01363",2022-05-06
"CLI00689","CTA01364",2025-03-23
"CLI02193","CTA01365",2022-09-18
"CLI01598","CTA01366",2022-12-17
"CLI03921","CTA01367",2026-05-07
"CLI03191","CTA01368",2023-06-21
"CLI02074","CTA01369",2023-03-15
"CLI01886","CTA01370",2021-03-23
"CLI00825","CTA01371",2024-07-31
"CLI02432","CTA01372",2024-11-04
"CLI03321","CTA01373",2024-12-16
"CLI02843","CTA01374",2020-02-07
"CLI00467","CTA01375",2020-01-22
"CLI01357","CTA01376",2022-03-22
"CLI03154","CTA01377",2021-01-16
"CLI03530","CTA01378",2021-02-12
"CLI01155","CTA01379",2026-02-26
"CLI01905","CTA01380",2022-08-28
"CLI01500","CTA01381",2025-05-29
"CLI01237","CTA01382",2025-05-19
"CLI01354","CTA01383",2022-06-02
"CLI01697","CTA01384",2024-10-16
"CLI02571","CTA01385",2023-04-16
"CLI03085","CTA01386",2023-07-21
"CLI02990","CTA01387",2023-08-12
"CLI03693","CTA01388",2025-01-08
"CLI01479","CTA01389",2025-05-13
"CLI03816","CTA01390",2026-01-10
"CLI00036","CTA01391",2025-10-01
"CLI02574","CTA01392",2020-07-22
"CLI02629","CTA01393",2022-08-27
"CLI03769","CTA01394",2023-07-21
"CLI02644","CTA01395",2024-05-15
"CLI03315","CTA01396",2022-07-25
"CLI01239","CTA01397",2025-11-22
"CLI01326","CTA01398",2026-07-31
"CLI03859","CTA01399",2020-03-05
"CLI00687","CTA01400",2026-04-11
"CLI00249","CTA01401",2021-12-17
"CLI03568","CTA01402",2020-03-16
"CLI03523","CTA01403",2022-02-28
"CLI01986","CTA01404",2025-07-09
"CLI03174","CTA01405",2026-03-04
"CLI03006","CTA01406",2024-10-22
"CLI02663","CTA01407",2020-11-16
"CLI00394","CTA01408",2025-09-20
"CLI00365","CTA01409",2025-02-05
"CLI03498","CTA01410",2020-01-07
"CLI03114","CTA01411",2024-10-20
"CLI00412","CTA01412",2025-03-14
"CLI03875","CTA01413",2023-01-03
"CLI01112","CTA01414",2024-12-13
"CLI01081","CTA01415",2023-04-28
"CLI00500","CTA01416",2025-01-07
"CLI03633","CTA01417",2024-11-10
"CLI01458","CTA01418",2020-02-27
"CLI02641","CTA01419",2020-12-27
"CLI03210","CTA01420",2021-03-05
"CLI03690","CTA01421",2021-03-04
"CLI02472","CTA01422",2025-06-19
"CLI03993","CTA01423",2023-01-04
"CLI03479","CTA01424",2022-04-21
"CLI01216","CTA01425",2025-11-06
"CLI00141","CTA01426",2020-08-05
"CLI00360","CTA01427",2020-02-27
"CLI03163","CTA01428",2026-04-14
"CLI02676","CTA01429",2021-05-25
"CLI03749","CTA01430",2020-02-10
"CLI01361","CTA01431",2024-10-05
"CLI02681","CTA01432",2024-04-10
"CLI01497","CTA01433",2023-08-30
"CLI01673","CTA01434",2021-04-20
"CLI00424","CTA01435",2024-03-05
"CLI01500","CTA01436",2020-06-08
"CLI01427","CTA01437",2020-11-02
"CLI01165","CTA01438",2022-05-01
"CLI00353","CTA01439",2022-07-14
"CLI01420","CTA01440",2024-05-19
"CLI03585","CTA01441",2020-04-23
"CLI03622","CTA01442",2020-02-16
"CLI01235","CTA01443",2025-07-16
"CLI01133","CTA01444",2021-04-05
"CLI03859","CTA01445",2021-11-16
"CLI00037","CTA01446",2020-02-11
"CLI02455","CTA01447",2024-03-26
"CLI01087","CTA01448",2022-05-09
"CLI00795","CTA01449",2023-06-21
"CLI00927","CTA01450",2023-03-25
"CLI03606","CTA01451",2022-04-29
"CLI00077","CTA01452",2025-10-29
"CLI03086","CTA01453",2025-04-21
"CLI00622","CTA01454",2026-03-09
"CLI01078","CTA01455",2024-12-31
"CLI02100","CTA01456",2024-04-28
"CLI03372","CTA01457",2021-06-04
"CLI02708","CTA01458",2024-08-11
"CLI00520","CTA01459",2021-06-19
"CLI01259","CTA01460",2021-04-08
"CLI03534","CTA01461",2022-08-02
"CLI01154","CTA01462",2020-12-21
"CLI01678","CTA01463",2021-12-20
"CLI03000","CTA01464",2026-04-13
"CLI03550","CTA01465",2021-07-30
"CLI00714","CTA01466",2026-05-26
"CLI00450","CTA01467",2024-08-12
"CLI02229","CTA01468",2023-02-14
"CLI00746","CTA01469",2020-12-18
"CLI03040","CTA01470",2020-07-07
"CLI03395","CTA01471",2026-01-24
"CLI00312","CTA01472",2023-03-12
"CLI02530","CTA01473",2020-04-28
"CLI03484","CTA01474",2020-09-05
"CLI01789","CTA01475",2025-12-06
"CLI02524","CTA01476",2023-10-01
"CLI00192","CTA01477",2024-02-12
"CLI00094","CTA01478",2021-01-11
"CLI01226","CTA01479",2023-11-05
"CLI00985","CTA01480",2024-12-23
"CLI02607","CTA01481",2023-12-14
"CLI01939","CTA01482",2024-11-20
"CLI03596","CTA01483",2025-09-26
"CLI03090","CTA01484",2022-09-18
"CLI02015","CTA01485",2026-01-13
"CLI02998","CTA01486",2021-03-14
"CLI03026","CTA01487",2021-08-09
"CLI03115","CTA01488",2024-08-07
"CLI01417","CTA01489",2020-05-26
"CLI00125","CTA01490",2020-12-24
"CLI01352","CTA01491",2022-06-26
"CLI01065","CTA01492",2025-08-21
"CLI03848","CTA01493",2024-03-12
"CLI00739","CTA01494",2021-09-09
"CLI00392","CTA01495",2025-12-07
"CLI02570","CTA01496",2022-01-17
"CLI02890","CTA01497",2020-05-30
"CLI02978","CTA01498",2025-04-23
"CLI00203","CTA01499",2026-05-31
"CLI03061","CTA01500",2022-01-15
"CLI00106","CTA01501",2023-10-06
"CLI01200","CTA01502",2021-03-31
"CLI02708","CTA01503",2026-05-12
"CLI01986","CTA01504",2020-03-02
"CLI03295","CTA01505",2024-02-23
"CLI01625","CTA01506",2026-01-13
"CLI01738","CTA01507",2026-08-15
"CLI02678","CTA01508",2026-05-18
"CLI00366","CTA01509",2025-05-29
"CLI03187","CTA01510",2022-03-10
"CLI00032","CTA01511",2025-07-08
"CLI00612","CTA01512",2025-07-25
"CLI00560","CTA01513",2025-05-08
"CLI02127","CTA01514",2025-07-06
"CLI00727","CTA01515",2026-05-23
"CLI03480","CTA01516",2026-02-07
"CLI01369","CTA01517",2026-05-09
"CLI02059","CTA01518",2020-02-25
"CLI01363","CTA01519",2023-07-25
"CLI03818","CTA01520",2026-07-04
"CLI02274","CTA01521",2020-07-08
"CLI03973","CTA01522",2022-05-19
"CLI00019","CTA01523",2022-07-02
"CLI00063","CTA01524",2025-02-21
"CLI03031","CTA01525",2023-12-14
"CLI03691","CTA01526",2021-08-15
"CLI03446","CTA01527",2025-01-02
"CLI03954","CTA01528",2026-04-15
"CLI01844","CTA01529",2023-07-14
"CLI02175","CTA01530",2025-10-20
"CLI01851","CTA01531",2020-07-25
"CLI01259","CTA01532",2023-02-15
"CLI00298","CTA01533",2023-07-20
"CLI03776","CTA01534",2025-06-05
"CLI02949","CTA01535",2025-04-23
"CLI03181","CTA01536",2025-01-20
"CLI01450","CTA01537",2024-04-29
"CLI02065","CTA01538",2025-06-06
"CLI00442","CTA01539",2025-08-14
"CLI02615","CTA01540",2025-12-15
"CLI00483","CTA01541",2023-01-18
"CLI00110","CTA01542",2023-02-27
"CLI01482","CTA01543",2024-02-06
"CLI00760","CTA01544",2024-05-15
"CLI01116","CTA01545",2025-02-18
"CLI02530","CTA01546",2025-05-03
"CLI00150","CTA01547",2021-11-22
"CLI01274","CTA01548",2026-05-07
"CLI03775","CTA01549",2021-10-19
"CLI01093","CTA01550",2026-02-25
"CLI00216","CTA01551",2021-12-27
"CLI00716","CTA01552",2023-12-29
"CLI03471","CTA01553",2026-02-12
"CLI03354","CTA01554",2022-04-08
"CLI02406","CTA01555",2025-04-08
"CLI02977","CTA01556",2025-07-17
"CLI01372","CTA01557",2020-08-28
"CLI01687","CTA01558",2020-01-24
"CLI03693","CTA01559",2022-12-04
"CLI00297","CTA01560",2020-02-28
"CLI02382","CTA01561",2024-10-04
"CLI01036","CTA01562",2020-06-24
"CLI01170","CTA01563",2022-05-24
"CLI01543","CTA01564",2023-12-23
"CLI01296","CTA01565",2022-03-03
"CLI02956","CTA01566",2025-11-30
"CLI03500","CTA01567",2023-10-03
"CLI01542","CTA01568",2022-09-27
"CLI03219","CTA01569",2022-11-25
"CLI00242","CTA01570",2022-08-28
"CLI00834","CTA01571",2026-04-13
"CLI00840","CTA01572",2023-04-21
"CLI03864","CTA01573",2020-05-09
"CLI03861","CTA01574",2025-05-09
"CLI01953","CTA01575",2022-05-28
"CLI01945","CTA01576",2023-06-22
"CLI02735","CTA01577",2021-05-02
"CLI00284","CTA01578",2025-02-25
"CLI00562","CTA01579",2021-10-30
"CLI00302","CTA01580",2020-09-23
"CLI00857","CTA01581",2026-06-10
"CLI00993","CTA01582",2024-06-28
"CLI01662","CTA01583",2023-08-17
"CLI02054","CTA01584",2020-06-15
"CLI00467","CTA01585",2022-10-03
"CLI01700","CTA01586",2024-07-23
"CLI03605","CTA01587",2025-11-20
"CLI00897","CTA01588",2023-04-18
"CLI00701","CTA01589",2020-07-22
"CLI02943","CTA01590",2025-09-13
"CLI02049","CTA01591",2022-03-05
"CLI02305","CTA01592",2025-12-22
"CLI00527","CTA01593",2025-08-24
"CLI01754","CTA01594",2021-01-11
"CLI02715","CTA01595",2021-03-14
"CLI03705","CTA01596",2024-01-23
"CLI00402","CTA01597",2024-05-01
"CLI01851","CTA01598",2022-05-01
"CLI00350","CTA01599",2021-12-06
"CLI02379","CTA01600",2025-06-02
"CLI02081","CTA01601",2024-01-12
"CLI01502","CTA01602",2020-01-07
"CLI01482","CTA01603",2025-06-15
"CLI03444","CTA01604",2026-01-19
"CLI00233","CTA01605",2020-10-28
"CLI02533","CTA01606",2020-10-06
"CLI03262","CTA01607",2022-06-07
"CLI01382","CTA01608",2022-03-10
"CLI00939","CTA01609",2026-03-14
"CLI00229","CTA01610",2024-02-16
"CLI01222","CTA01611",2025-01-29
"CLI01992","CTA01612",2020-09-28
"CLI02448","CTA01613",2021-05-14
"CLI01080","CTA01614",2023-01-17
"CLI03436","CTA01615",2025-12-30
"CLI03754","CTA01616",2025-04-27
"CLI02568","CTA01617",2020-08-04
"CLI03960","CTA01618",2023-01-29
"CLI03900","CTA01619",2021-11-18
"CLI03752","CTA01620",2023-04-22
"CLI03573","CTA01621",2026-07-14
"CLI02041","CTA01622",2021-05-01
"CLI02215","CTA01623",2025-08-27
"CLI01454","CTA01624",2024-05-19
"CLI03951","CTA01625",2025-05-24
"CLI00303","CTA01626",2020-06-01
"CLI03595","CTA01627",2023-02-20
"CLI00746","CTA01628",2021-03-31
"CLI02867","CTA01629",2026-08-23
"CLI03250","CTA01630",2021-09-11
"CLI02191","CTA01631",2026-04-22
"CLI00991","CTA01632",2022-06-17
"CLI00239","CTA01633",2026-03-12
"CLI02131","CTA01634",2023-11-24
"CLI01012","CTA01635",2025-11-19
"CLI00599","CTA01636",2022-12-12
"CLI00119","CTA01637",2022-01-23
"CLI03609","CTA01638",2024-07-31
"CLI00515","CTA01639",2024-04-05
"CLI02908","CTA01640",2022-03-23
"CLI03498","CTA01641",2020-11-09
"CLI01296","CTA01642",2021-01-14
"CLI01301","CTA01643",2022-03-25
"CLI03821","CTA01644",2023-08-03
"CLI03099","CTA01645",2025-12-13
"CLI03743","CTA01646",2022-03-21
"CLI02290","CTA01647",2025-09-25
"CLI01441","CTA01648",2025-11-02
"CLI02874","CTA01649",2025-11-01
"CLI01737","CTA01650",2020-07-06
"CLI02155","CTA01651",2022-09-09
"CLI01765","CTA01652",2021-05-02
"CLI01006","CTA01653",2024-04-01
"CLI01627","CTA01654",2024-03-27
"CLI01699","CTA01655",2020-03-24
"CLI02373","CTA01656",2025-05-30
"CLI01564","CTA01657",2025-06-01
"CLI01227","CTA01658",2021-04-09
"CLI01582","CTA01659",2022-07-03
"CLI03504","CTA01660",2021-07-09
"CLI00510","CTA01661",2025-06-23
"CLI01189","CTA01662",2026-02-06
"CLI02504","CTA01663",2020-05-28
"CLI02854","CTA01664",2022-08-19
"CLI03989","CTA01665",2021-01-19
"CLI03204","CTA01666",2020-08-20
"CLI03973","CTA01667",2024-01-30
"CLI03416","CTA01668",2024-04-13
"CLI03130","CTA01669",2023-11-22
"CLI02188","CTA01670",2020-02-11
"CLI00498","CTA01671",2024-04-02
"CLI02535","CTA01672",2022-12-20
"CLI03612","CTA01673",2026-01-27
"CLI00237","CTA01674",2022-03-20
"CLI01599","CTA01675",2020-01-22
"CLI02474","CTA01676",2021-12-07
"CLI01273","CTA01677",2026-02-16
"CLI02672","CTA01678",2024-12-20
"CLI03108","CTA01679",2022-05-19
"CLI03202","CTA01680",2023-10-03
"CLI01149","CTA01681",2026-04-08
"CLI00012","CTA01682",2022-11-16
"CLI03757","CTA01683",2024-07-01
"CLI01281","CTA01684",2024-02-14
"CLI01724","CTA01685",2025-04-24
"CLI02351","CTA01686",2024-04-25
"CLI02548","CTA01687",2023-08-24
"CLI03148","CTA01688",2023-09-29
"CLI00367","CTA01689",2024-02-25
"CLI01648","CTA01690",2025-09-21
"CLI01375","CTA01691",2025-11-29
"CLI02289","CTA01692",2026-02-15
"CLI02865","CTA01693",2022-11-03
"CLI01281","CTA01694",2020-11-20
"CLI03773","CTA01695",2023-05-15
"CLI02801","CTA01696",2022-06-28
"CLI00714","CTA01697",2022-11-07
"CLI00031","CTA01698",2021-05-10
"CLI00323","CTA01699",2025-10-18
"CLI00209","CTA01700",2024-09-26
"CLI00004","CTA01701",2025-04-30
"CLI03481","CTA01702",2023-08-10
"CLI02635","CTA01703",2026-04-10
"CLI00295","CTA01704",2022-09-03
"CLI02634","CTA01705",2026-02-20
"CLI02640","CTA01706",2025-12-30
"CLI01223","CTA01707",2026-07-31
"CLI01571","CTA01708",2026-04-24
"CLI02527","CTA01709",2023-08-30
"CLI01276","CTA01710",2020-03-07
"CLI01266","CTA01711",2021-10-04
"CLI03861","CTA01712",2026-01-05
"CLI00061","CTA01713",2020-04-24
"CLI01242","CTA01714",2024-11-22
"CLI03869","CTA01715",2020-06-09
"CLI02411","CTA01716",2022-12-06
"CLI01317","CTA01717",2023-02-18
"CLI00368","CTA01718",2022-12-15
"CLI02253","CTA01719",2023-10-08
"CLI03652","CTA01720",2022-11-13
"CLI02035","CTA01721",2023-08-21
"CLI03064","CTA01722",2020-01-15
"CLI02223","CTA01723",2024-11-14
"CLI03592","CTA01724",2023-06-30
"CLI03811","CTA01725",2021-02-03
"CLI00631","CTA01726",2021-05-21
"CLI01856","CTA01727",2024-03-27
"CLI00841","CTA01728",2020-01-18
"CLI00759","CTA01729",2025-05-04
"CLI02509","CTA01730",2022-11-19
"CLI01989","CTA01731",2020-06-15
"CLI02948","CTA01732",2024-05-16
"CLI00985","CTA01733",2021-01-27
"CLI03210","CTA01734",2023-10-11
"CLI00954","CTA01735",2024-11-26
"CLI03459","CTA01736",2025-06-22
"CLI00039","CTA01737",2020-11-25
"CLI02470","CTA01738",2024-04-25
"CLI01297","CTA01739",2023-12-24
"CLI00379","CTA01740",2021-05-14
"CLI01946","CTA01741",2022-06-30
"CLI01684","CTA01742",2025-03-23
"CLI01962","CTA01743",2021-02-04
"CLI00340","CTA01744",2022-11-04
"CLI00652","CTA01745",2023-08-26
"CLI00660","CTA01746",2020-10-16
"CLI03356","CTA01747",2024-01-04
"CLI03939","CTA01748",2024-02-19
"CLI01342","CTA01749",2022-09-19
"CLI01650","CTA01750",2026-01-24
"CLI00003","CTA01751",2023-08-24
"CLI03887","CTA01752",2022-06-03
"CLI00140","CTA01753",2021-11-12
"CLI00943","CTA01754",2023-06-21
"CLI02851","CTA01755",2024-06-12
"CLI01759","CTA01756",2023-02-27
"CLI01940","CTA01757",2025-04-28
"CLI02519","CTA01758",2021-02-18
"CLI00358","CTA01759",2026-07-24
"CLI01290","CTA01760",2026-04-26
"CLI02650","CTA01761",2026-07-14
"CLI03135","CTA01762",2023-03-03
"CLI02911","CTA01763",2025-07-24
"CLI00102","CTA01764",2024-06-15
"CLI03499","CTA01765",2026-05-15
"CLI02113","CTA01766",2026-07-01
"CLI03626","CTA01767",2021-09-26
"CLI02874","CTA01768",2025-03-14
"CLI03262","CTA01769",2026-03-11
"CLI01443","CTA01770",2021-05-12
"CLI00013","CTA01771",2023-02-07
"CLI03909","CTA01772",2026-05-19
"CLI01465","CTA01773",2026-02-21
"CLI01514","CTA01774",2023-09-02
"CLI00816","CTA01775",2025-04-22
"CLI00782","CTA01776",2022-10-13
"CLI01499","CTA01777",2022-12-18
"CLI01371","CTA01778",2025-01-01
"CLI00417","CTA01779",2021-08-14
"CLI00800","CTA01780",2025-03-05
"CLI03585","CTA01781",2020-05-02
"CLI03616","CTA01782",2021-09-23
"CLI00683","CTA01783",2026-05-07
"CLI02894","CTA01784",2022-04-18
"CLI00225","CTA01785",2021-04-04
"CLI00852","CTA01786",2023-10-30
"CLI00131","CTA01787",2023-06-03
"CLI00887","CTA01788",2024-02-04
"CLI03843","CTA01789",2022-05-25
"CLI02935","CTA01790",2023-07-29
"CLI03131","CTA01791",2026-03-07
"CLI03697","CTA01792",2023-03-17
"CLI01011","CTA01793",2025-06-09
"CLI03635","CTA01794",2025-08-07
"CLI00791","CTA01795",2022-09-17
"CLI01334","CTA01796",2022-03-31
"CLI02350","CTA01797",2021-11-10
"CLI03489","CTA01798",2024-11-13
"CLI02374","CTA01799",2020-11-21
"CLI02054","CTA01800",2021-05-22
"CLI01486","CTA01801",2025-12-20
"CLI03889","CTA01802",2022-05-20
"CLI01908","CTA01803",2021-05-27
"CLI00980","CTA01804",2025-08-02
"CLI02056","CTA01805",2025-01-29
"CLI03081","CTA01806",2023-11-23
"CLI02980","CTA01807",2025-01-16
"CLI01767","CTA01808",2024-02-26
"CLI01060","CTA01809",2020-05-08
"CLI01935","CTA01810",2024-06-11
"CLI01338","CTA01811",2026-01-07
"CLI03335","CTA01812",2022-11-21
"CLI00285","CTA01813",2025-04-07
"CLI00719","CTA01814",2024-05-02
"CLI01758","CTA01815",2022-03-01
"CLI00464","CTA01816",2021-04-05
"CLI02687","CTA01817",2023-10-28
"CLI02029","CTA01818",2025-04-27
"CLI01425","CTA01819",2024-07-06
"CLI01775","CTA01820",2023-05-11
"CLI00577","CTA01821",2024-08-10
"CLI01082","CTA01822",2020-07-02
"CLI01847","CTA01823",2023-05-10
"CLI03539","CTA01824",2025-03-05
"CLI00328","CTA01825",2023-05-13
"CLI00560","CTA01826",2023-03-02
"CLI01390","CTA01827",2021-03-18
"CLI02937","CTA01828",2026-03-20
"CLI00203","CTA01829",2021-09-01
"CLI02890","CTA01830",2023-04-09
"CLI01071","CTA01831",2020-07-13
"CLI03419","CTA01832",2023-07-14
"CLI00092","CTA01833",2020-03-08
"CLI03634","CTA01834",2023-05-22
"CLI00514","CTA01835",2024-03-17
"CLI01818","CTA01836",2021-08-15
"CLI01160","CTA01837",2022-06-14
"CLI03038","CTA01838",2022-10-07
"CLI00092","CTA01839",2022-03-10
"CLI01744","CTA01840",2024-07-29
"CLI02976","CTA01841",2024-10-06
"CLI02263","CTA01842",2024-10-14
"CLI01527","CTA01843",2021-06-04
"CLI03621","CTA01844",2022-07-26
"CLI00952","CTA01845",2023-04-27
"CLI00238","CTA01846",2020-10-12
"CLI01799","CTA01847",2021-12-05
"CLI01253","CTA01848",2020-02-08
"CLI03580","CTA01849",2020-05-27
"CLI03276","CTA01850",2026-02-23
"CLI03526","CTA01851",2020-11-25
"CLI01822","CTA01852",2024-03-08
"CLI01909","CTA01853",2021-01-26
"CLI01873","CTA01854",2020-03-11
"CLI01717","CTA01855",2021-10-16
"CLI03504","CTA01856",2025-01-04
"CLI03863","CTA01857",2022-05-27
"CLI03301","CTA01858",2022-10-06
"CLI03676","CTA01859",2023-08-09
"CLI03621","CTA01860",2026-08-24
"CLI03329","CTA01861",2020-12-24
"CLI00918","CTA01862",2023-01-26
"CLI00308","CTA01863",2022-10-02
"CLI03157","CTA01864",2024-04-22
"CLI00767","CTA01865",2020-03-11
"CLI00757","CTA01866",2024-04-23
"CLI01843","CTA01867",2020-07-22
"CLI01793","CTA01868",2021-10-22
"CLI03046","CTA01869",2024-12-23
"CLI02091","CTA01870",2020-10-22
"CLI00908","CTA01871",2022-10-15
"CLI03939","CTA01872",2021-11-11
"CLI00157","CTA01873",2021-09-27
"CLI01279","CTA01874",2020-06-25
"CLI00558","CTA01875",2021-03-31
"CLI03039","CTA01876",2021-10-11
"CLI00448","CTA01877",2025-04-06
"CLI02177","CTA01878",2025-10-26
"CLI02264","CTA01879",2026-01-20
"CLI01073","CTA01880",2024-06-01
"CLI01987","CTA01881",2020-12-28
"CLI01213","CTA01882",2020-11-01
"CLI01793","CTA01883",2020-07-22
"CLI01773","CTA01884",2021-02-25
"CLI03138","CTA01885",2025-04-13
"CLI00960","CTA01886",2022-03-22
"CLI03772","CTA01887",2022-07-20
"CLI03085","CTA01888",2022-07-14
"CLI00939","CTA01889",2024-01-11
"CLI01222","CTA01890",2024-12-15
"CLI03447","CTA01891",2023-06-28
"CLI03494","CTA01892",2022-10-01
"CLI03478","CTA01893",2023-12-16
"CLI02503","CTA01894",2021-05-14
"CLI02828","CTA01895",2020-10-25
"CLI01373","CTA01896",2026-05-10
"CLI03963","CTA01897",2022-03-28
"CLI02358","CTA01898",2020-08-25
"CLI03585","CTA01899",2020-11-05
"CLI01011","CTA01900",2021-03-23
"CLI02381","CTA01901",2025-02-09
"CLI00927","CTA01902",2025-03-06
"CLI00291","CTA01903",2020-08-24
"CLI01625","CTA01904",2024-12-04
"CLI03769","CTA01905",2024-07-02
"CLI03624","CTA01906",2022-12-14
"CLI00502","CTA01907",2024-03-08
"CLI00025","CTA01908",2025-09-22
"CLI01399","CTA01909",2023-04-14
"CLI01743","CTA01910",2024-04-19
"CLI02853","CTA01911",2021-04-05
"CLI02315","CTA01912",2022-12-04
"CLI01581","CTA01913",2022-05-30
"CLI02047","CTA01914",2025-05-25
"CLI00431","CTA01915",2024-02-15
"CLI01006","CTA01916",2023-03-05
"CLI01496","CTA01917",2024-04-28
"CLI03347","CTA01918",2026-07-17
"CLI01507","CTA01919",2021-12-08
"CLI01212","CTA01920",2020-02-11
"CLI02657","CTA01921",2021-01-28
"CLI00621","CTA01922",2023-01-19
"CLI00233","CTA01923",2024-06-07
"CLI00122","CTA01924",2022-08-12
"CLI00496","CTA01925",2023-06-27
"CLI00793","CTA01926",2022-09-30
"CLI02641","CTA01927",2024-03-08
"CLI01804","CTA01928",2024-05-18
"CLI01419","CTA01929",2026-08-23
"CLI01516","CTA01930",2023-07-21
"CLI00683","CTA01931",2021-10-23
"CLI02821","CTA01932",2020-06-18
"CLI00717","CTA01933",2023-10-21
"CLI02811","CTA01934",2026-08-24
"CLI03104","CTA01935",2023-10-17
"CLI02741","CTA01936",2021-06-26
"CLI03068","CTA01937",2023-09-27
"CLI02133","CTA01938",2025-02-18
"CLI03005","CTA01939",2023-02-03
"CLI02421","CTA01940",2023-07-18
"CLI01061","CTA01941",2021-01-15
"CLI01080","CTA01942",2025-07-14
"CLI01043","CTA01943",2023-02-22
"CLI01530","CTA01944",2026-03-18
"CLI02715","CTA01945",2022-12-19
"CLI01307","CTA01946",2021-07-01
"CLI00938","CTA01947",2022-06-18
"CLI03439","CTA01948",2021-04-07
"CLI00066","CTA01949",2026-02-28
"CLI00813","CTA01950",2021-09-19
"CLI00923","CTA01951",2023-06-14
"CLI01420","CTA01952",2020-12-25
"CLI03076","CTA01953",2020-07-22
"CLI01436","CTA01954",2026-02-24
"CLI01991","CTA01955",2020-11-09
"CLI02271","CTA01956",2021-12-13
"CLI03356","CTA01957",2021-03-07
"CLI01645","CTA01958",2026-07-24
"CLI00205","CTA01959",2025-06-05
"CLI03162","CTA01960",2020-03-28
"CLI00112","CTA01961",2022-10-25
"CLI03338","CTA01962",2021-10-31
"CLI00705","CTA01963",2026-04-28
"CLI02736","CTA01964",2021-02-09
"CLI02473","CTA01965",2021-02-09
"CLI00963","CTA01966",2026-04-14
"CLI00504","CTA01967",2020-03-29
"CLI01729","CTA01968",2023-08-20
"CLI00876","CTA01969",2022-02-26
"CLI00441","CTA01970",2025-03-26
"CLI03783","CTA01971",2024-06-11
"CLI02825","CTA01972",2023-06-27
"CLI02946","CTA01973",2021-10-01
"CLI03131","CTA01974",2025-06-10
"CLI02446","CTA01975",2025-09-12
"CLI00981","CTA01976",2020-08-26
"CLI02220","CTA01977",2020-10-21
"CLI03101","CTA01978",2026-03-08
"CLI02258","CTA01979",2023-07-12
"CLI03084","CTA01980",2021-09-14
"CLI03990","CTA01981",2025-08-06
"CLI02204","CTA01982",2021-09-10
"CLI02347","CTA01983",2025-01-13
"CLI02841","CTA01984",2021-03-24
"CLI03817","CTA01985",2026-06-19
"CLI03299","CTA01986",2023-10-11
"CLI00632","CTA01987",2026-04-15
"CLI03004","CTA01988",2025-08-20
"CLI00474","CTA01989",2023-10-13
"CLI02431","CTA01990",2020-11-09
"CLI01801","CTA01991",2021-05-24
"CLI02401","CTA01992",2024-12-23
"CLI02431","CTA01993",2020-12-31
"CLI00155","CTA01994",2023-12-16
"CLI01715","CTA01995",2026-04-09
"CLI00204","CTA01996",2025-06-27
"CLI00760","CTA01997",2020-06-01
"CLI03254","CTA01998",2023-02-12
"CLI01294","CTA01999",2023-05-29
"CLI02252","CTA02000",2023-02-23
"CLI00992","CTA02001",2020-07-18
"CLI02836","CTA02002",2026-08-31
"CLI01792","CTA02003",2022-06-24
"CLI01008","CTA02004",2024-12-23
"CLI03351","CTA02005",2023-09-03
"CLI01686","CTA02006",2026-03-13
"CLI02372","CTA02007",2021-02-26
"CLI00589","CTA02008",2024-06-08
"CLI02693","CTA02009",2021-03-12
"CLI01892","CTA02010",2025-09-15
"CLI01812","CTA02011",2026-03-16
"CLI03809","CTA02012",2020-09-17
"CLI03181","CTA02013",2021-04-12
"CLI02206","CTA02014",2026-06-15
"CLI00702","CTA02015",2022-09-06
"CLI00649","CTA02016",2022-07-10
"CLI00649","CTA02017",2023-12-29
"CLI00694","CTA02018",2024-06-11
"CLI03629","CTA02019",2025-06-03
"CLI03917","CTA02020",2020-07-28
"CLI02043","CTA02021",2024-06-18
"CLI01390","CTA02022",2021-01-23
"CLI00766","CTA02023",2021-02-19
"CLI02153","CTA02024",2025-03-29
"CLI00674","CTA02025",2020-04-20
"CLI03487","CTA02026",2024-03-02
"CLI03869","CTA02027",2020-08-02
"CLI02331","CTA02028",2025-10-24
"CLI02697","CTA02029",2020-06-18
"CLI01983","CTA02030",2024-10-07
"CLI00284","CTA02031",2020-08-17
"CLI02488","CTA02032",2025-07-25
"CLI03983","CTA02033",2025-09-25
"CLI01868","CTA02034",2025-06-25
"CLI03794","CTA02035",2021-03-02
"CLI03838","CTA02036",2025-01-21
"CLI01708","CTA02037",2022-05-20
"CLI01978","CTA02038",2026-06-14
"CLI03087","CTA02039",2024-02-01
"CLI00912","CTA02040",2021-05-14
"CLI01367","CTA02041",2024-11-20
"CLI02444","CTA02042",2022-11-27
"CLI01964","CTA02043",2025-10-07
"CLI03880","CTA02044",2024-11-29
"CLI01778","CTA02045",2022-01-11
"CLI03787","CTA02046",2021-03-01
"CLI02514","CTA02047",2020-03-22
"CLI00127","CTA02048",2020-05-30
"CLI03151","CTA02049",2025-04-03
"CLI02919","CTA02050",2026-04-11
"CLI02052","CTA02051",2023-05-11
"CLI02741","CTA02052",2022-01-23
"CLI00309","CTA02053",2023-06-12
"CLI01585","CTA02054",2021-01-05
"CLI02500","CTA02055",2022-03-02
"CLI00167","CTA02056",2024-04-11
"CLI03799","CTA02057",2022-01-10
"CLI00933","CTA02058",2024-07-11
"CLI00754","CTA02059",2025-06-19
"CLI01357","CTA02060",2022-01-20
"CLI03292","CTA02061",2022-01-12
"CLI03884","CTA02062",2025-10-02
"CLI02772","CTA02063",2023-11-09
"CLI03711","CTA02064",2022-03-07
"CLI00846","CTA02065",2023-12-27
"CLI02399","CTA02066",2025-01-13
"CLI03671","CTA02067",2020-07-27
"CLI02118","CTA02068",2022-09-20
"CLI02722","CTA02069",2022-11-17
"CLI00951","CTA02070",2024-03-08
"CLI03550","CTA02071",2022-01-14
"CLI00350","CTA02072",2026-04-22
"CLI02951","CTA02073",2020-02-01
"CLI00142","CTA02074",2021-08-08
"CLI00828","CTA02075",2020-09-08
"CLI01082","CTA02076",2022-10-30
"CLI03493","CTA02077",2021-08-30
"CLI02696","CTA02078",2020-06-29
"CLI01695","CTA02079",2024-02-01
"CLI01398","CTA02080",2024-03-25
"CLI01344","CTA02081",2023-10-17
"CLI01650","CTA02082",2026-01-06
"CLI00643","CTA02083",2021-08-11
"CLI03353","CTA02084",2026-03-21
"CLI01184","CTA02085",2023-10-06
"CLI02749","CTA02086",2020-07-06
"CLI03468","CTA02087",2025-04-02
"CLI01811","CTA02088",2025-05-05
"CLI00473","CTA02089",2022-05-24
"CLI00269","CTA02090",2025-01-10
"CLI01936","CTA02091",2023-01-27
"CLI02565","CTA02092",2022-07-05
"CLI00869","CTA02093",2022-05-01
"CLI00435","CTA02094",2026-08-05
"CLI02056","CTA02095",2022-03-10
"CLI00012","CTA02096",2024-08-14
"CLI00834","CTA02097",2024-05-03
"CLI01377","CTA02098",2025-05-04
"CLI01363","CTA02099",2023-08-26
"CLI02252","CTA02100",2021-05-28
"CLI01423","CTA02101",2021-10-25
"CLI00535","CTA02102",2025-09-28
"CLI03135","CTA02103",2022-09-27
"CLI02625","CTA02104",2024-02-08
"CLI03324","CTA02105",2021-11-21
"CLI00845","CTA02106",2023-11-05
"CLI00094","CTA02107",2025-06-11
"CLI01278","CTA02108",2026-03-29
"CLI02621","CTA02109",2024-06-24
"CLI00760","CTA02110",2023-07-14
"CLI03842","CTA02111",2020-11-05
"CLI01857","CTA02112",2025-11-24
"CLI00640","CTA02113",2023-09-27
"CLI03782","CTA02114",2022-05-11
"CLI02153","CTA02115",2025-08-18
"CLI03903","CTA02116",2020-11-29
"CLI03187","CTA02117",2024-01-11
"CLI00387","CTA02118",2022-01-10
"CLI01313","CTA02119",2021-04-13
"CLI00165","CTA02120",2020-07-30
"CLI01164","CTA02121",2024-07-07
"CLI01478","CTA02122",2024-02-20
"CLI02054","CTA02123",2020-05-05
"CLI00974","CTA02124",2026-04-16
"CLI01908","CTA02125",2026-02-19
"CLI00877","CTA02126",2025-02-01
"CLI02291","CTA02127",2022-11-29
"CLI01847","CTA02128",2020-09-21
"CLI01306","CTA02129",2025-04-06
"CLI02594","CTA02130",2022-07-21
"CLI02609","CTA02131",2024-06-16
"CLI01135","CTA02132",2021-01-29
"CLI01342","CTA02133",2021-12-30
"CLI03779","CTA02134",2023-07-12
"CLI01443","CTA02135",2020-05-04
"CLI00529","CTA02136",2022-07-19
"CLI00164","CTA02137",2020-07-02
"CLI01345","CTA02138",2025-09-17
"CLI00488","CTA02139",2024-07-09
"CLI03218","CTA02140",2024-04-12
"CLI03793","CTA02141",2026-04-02
"CLI00509","CTA02142",2025-10-31
"CLI02421","CTA02143",2023-10-02
"CLI02156","CTA02144",2025-01-09
"CLI00194","CTA02145",2024-04-13
"CLI03034","CTA02146",2024-07-26
"CLI03570","CTA02147",2020-06-25
"CLI01216","CTA02148",2026-01-21
"CLI01271","CTA02149",2020-02-26
"CLI02516","CTA02150",2023-12-02
"CLI00955","CTA02151",2022-02-25
"CLI02375","CTA02152",2023-07-13
"CLI02790","CTA02153",2024-06-13
"CLI01337","CTA02154",2021-09-02
"CLI01474","CTA02155",2025-11-21
"CLI00547","CTA02156",2020-05-02
"CLI00587","CTA02157",2022-10-26
"CLI03782","CTA02158",2021-07-08
"CLI03721","CTA02159",2020-04-05
"CLI00508","CTA02160",2022-02-15
"CLI00635","CTA02161",2026-03-10
"CLI03075","CTA02162",2025-02-17
"CLI00756","CTA02163",2024-09-13
"CLI00255","CTA02164",2024-12-23
"CLI02647","CTA02165",2026-04-28
"CLI03191","CTA02166",2022-10-09
"CLI03322","CTA02167",2020-02-13
"CLI02592","CTA02168",2020-08-09
"CLI01570","CTA02169",2020-10-11
"CLI03898","CTA02170",2025-06-18
"CLI03146","CTA02171",2026-08-22
"CLI00126","CTA02172",2025-09-02
"CLI01708","CTA02173",2021-11-28
"CLI02548","CTA02174",2023-07-28
"CLI02525","CTA02175",2023-04-25
"CLI02988","CTA02176",2020-12-28
"CLI01066","CTA02177",2023-06-09
"CLI00884","CTA02178",2024-07-11
"CLI01476","CTA02179",2022-12-03
"CLI01009","CTA02180",2024-10-27
"CLI02415","CTA02181",2024-10-05
"CLI01015","CTA02182",2020-02-29
"CLI00332","CTA02183",2026-08-06
"CLI00220","CTA02184",2021-04-17
"CLI02772","CTA02185",2021-11-10
"CLI02425","CTA02186",2024-06-20
"CLI02839","CTA02187",2023-01-22
"CLI03180","CTA02188",2025-09-14
"CLI02525","CTA02189",2022-07-07
"CLI01691","CTA02190",2020-02-02
"CLI03298","CTA02191",2020-08-16
"CLI03861","CTA02192",2024-03-24
"CLI01510","CTA02193",2022-01-03
"CLI02243","CTA02194",2020-07-19
"CLI00026","CTA02195",2023-04-04
"CLI02060","CTA02196",2025-05-30
"CLI01939","CTA02197",2020-01-07
"CLI03889","CTA02198",2024-09-05
"CLI03056","CTA02199",2023-02-10
"CLI03246","CTA02200",2021-10-03
"CLI00347","CTA02201",2024-05-13
"CLI03806","CTA02202",2021-11-14
"CLI01576","CTA02203",2023-08-01
"CLI00262","CTA02204",2022-09-06
"CLI00623","CTA02205",2025-09-29
"CLI03873","CTA02206",2023-10-20
"CLI00480","CTA02207",2024-12-01
"CLI02215","CTA02208",2021-07-14
"CLI00877","CTA02209",2026-02-02
"CLI03583","CTA02210",2022-08-02
"CLI01694","CTA02211",2026-08-13
"CLI01285","CTA02212",2021-02-05
"CLI02353","CTA02213",2021-04-19
"CLI01437","CTA02214",2021-07-06
"CLI01521","CTA02215",2024-02-25
"CLI00819","CTA02216",2024-04-03
"CLI02013","CTA02217",2026-07-16
"CLI01990","CTA02218",2020-09-21
"CLI02310","CTA02219",2025-05-10
"CLI00147","CTA02220",2024-01-01
"CLI01081","CTA02221",2024-11-26
"CLI02730","CTA02222",2025-09-20
"CLI02863","CTA02223",2020-01-05
"CLI01626","CTA02224",2024-09-28
"CLI03281","CTA02225",2022-12-31
"CLI02555","CTA02226",2021-09-21
"CLI01100","CTA02227",2026-08-08
"CLI00642","CTA02228",2022-07-16
"CLI01622","CTA02229",2026-05-09
"CLI00763","CTA02230",2021-03-02
"CLI02146","CTA02231",2021-07-23
"CLI00411","CTA02232",2020-10-31
"CLI00098","CTA02233",2023-05-29
"CLI02628","CTA02234",2020-05-18
"CLI03752","CTA02235",2024-09-08
"CLI01338","CTA02236",2022-09-15
"CLI03237","CTA02237",2025-10-27
"CLI00144","CTA02238",2024-03-05
"CLI01779","CTA02239",2025-08-19
"CLI01538","CTA02240",2024-08-10
"CLI02597","CTA02241",2022-03-29
"CLI02195","CTA02242",2021-10-29
"CLI02858","CTA02243",2020-10-02
"CLI00924","CTA02244",2023-04-27
"CLI02949","CTA02245",2024-06-11
"CLI03341","CTA02246",2023-02-15
"CLI01424","CTA02247",2025-11-29
"CLI03820","CTA02248",2020-02-27
"CLI02809","CTA02249",2021-12-31
"CLI00228","CTA02250",2024-11-09
"CLI02688","CTA02251",2021-01-28
"CLI02237","CTA02252",2022-02-21
"CLI01700","CTA02253",2021-01-19
"CLI02468","CTA02254",2020-09-16
"CLI00561","CTA02255",2024-05-23
"CLI00641","CTA02256",2024-02-28
"CLI02140","CTA02257",2021-05-29
"CLI00850","CTA02258",2021-06-23
"CLI03396","CTA02259",2020-11-05
"CLI03576","CTA02260",2021-10-20
"CLI03560","CTA02261",2024-09-12
"CLI02218","CTA02262",2020-02-10
"CLI00352","CTA02263",2020-12-14
"CLI01098","CTA02264",2025-07-18
"CLI01314","CTA02265",2024-09-08
"CLI01621","CTA02266",2020-06-27
"CLI01011","CTA02267",2026-08-21
"CLI00707","CTA02268",2024-06-29
"CLI01044","CTA02269",2024-12-22
"CLI00788","CTA02270",2024-05-15
"CLI01779","CTA02271",2025-04-28
"CLI02546","CTA02272",2021-03-31
"CLI01584","CTA02273",2023-09-08
"CLI00109","CTA02274",2022-06-30
"CLI02126","CTA02275",2025-01-02
"CLI02895","CTA02276",2021-07-26
"CLI00202","CTA02277",2022-06-19
"CLI03008","CTA02278",2025-05-06
"CLI03973","CTA02279",2026-07-23
"CLI00834","CTA02280",2021-03-09
"CLI00366","CTA02281",2022-09-16
"CLI00135","CTA02282",2023-08-31
"CLI00592","CTA02283",2025-06-08
"CLI03172","CTA02284",2025-02-11
"CLI00762","CTA02285",2021-10-08
"CLI01915","CTA02286",2020-12-16
"CLI00791","CTA02287",2021-10-11
"CLI02418","CTA02288",2020-05-04
"CLI02921","CTA02289",2024-11-13
"CLI00269","CTA02290",2022-08-02
"CLI03169","CTA02291",2021-04-11
"CLI02066","CTA02292",2025-11-18
"CLI01881","CTA02293",2022-09-11
"CLI03212","CTA02294",2026-06-29
"CLI00529","CTA02295",2021-04-21
"CLI02532","CTA02296",2022-04-22
"CLI03596","CTA02297",2025-06-19
"CLI01319","CTA02298",2023-06-23
"CLI01388","CTA02299",2026-04-15
"CLI02190","CTA02300",2021-11-19
"CLI01041","CTA02301",2021-11-13
"CLI00045","CTA02302",2024-11-07
"CLI00955","CTA02303",2020-12-22
"CLI00861","CTA02304",2022-03-06
"CLI03304","CTA02305",2021-04-03
"CLI01393","CTA02306",2024-11-26
"CLI02368","CTA02307",2024-08-28
"CLI03973","CTA02308",2022-03-08
"CLI03652","CTA02309",2024-09-26
"CLI01256","CTA02310",2023-01-07
"CLI03325","CTA02311",2024-12-02
"CLI03975","CTA02312",2023-08-06
"CLI03487","CTA02313",2020-09-05
"CLI01288","CTA02314",2024-10-22
"CLI01935","CTA02315",2026-08-06
"CLI02987","CTA02316",2026-09-01
"CLI00790","CTA02317",2020-01-05
"CLI01460","CTA02318",2020-04-02
"CLI01099","CTA02319",2021-02-15
"CLI02303","CTA02320",2025-08-09
"CLI02805","CTA02321",2025-10-22
"CLI01938","CTA02322",2025-06-21
"CLI02988","CTA02323",2024-12-28
"CLI01112","CTA02324",2024-10-14
"CLI03127","CTA02325",2021-02-25
"CLI03539","CTA02326",2023-04-02
"CLI03331","CTA02327",2022-02-12
"CLI00190","CTA02328",2020-01-19
"CLI01388","CTA02329",2024-08-13
"CLI03113","CTA02330",2023-08-25
"CLI00103","CTA02331",2023-02-22
"CLI00476","CTA02332",2021-02-15
"CLI03547","CTA02333",2020-06-27
"CLI02971","CTA02334",2024-05-30
"CLI02242","CTA02335",2022-06-12
"CLI02634","CTA02336",2022-12-12
"CLI00539","CTA02337",2022-10-31
"CLI00957","CTA02338",2025-01-02
"CLI03782","CTA02339",2021-05-26
"CLI00116","CTA02340",2022-01-08
"CLI02267","CTA02341",2026-07-20
"CLI01502","CTA02342",2026-05-05
"CLI02796","CTA02343",2024-08-19
"CLI03909","CTA02344",2020-03-28
"CLI01661","CTA02345",2022-06-09
"CLI00799","CTA02346",2024-09-29
"CLI03732","CTA02347",2021-02-09
"CLI00497","CTA02348",2025-05-06
"CLI01812","CTA02349",2023-10-31
"CLI01344","CTA02350",2026-04-01
"CLI00966","CTA02351",2024-01-01
"CLI03330","CTA02352",2022-01-20
"CLI01562","CTA02353",2024-03-19
"CLI02243","CTA02354",2023-10-10
"CLI03968","CTA02355",2023-07-25
"CLI00492","CTA02356",2022-05-18
"CLI02192","CTA02357",2021-12-22
"CLI00314","CTA02358",2025-11-08
"CLI01533","CTA02359",2023-02-24
"CLI00235","CTA02360",2021-05-06
"CLI02900","CTA02361",2026-03-14
"CLI03081","CTA02362",2026-04-05
"CLI03448","CTA02363",2026-03-10
"CLI02521","CTA02364",2026-04-06
"CLI03506","CTA02365",2022-11-16
"CLI01888","CTA02366",2024-07-12
"CLI02375","CTA02367",2026-06-17
"CLI03277","CTA02368",2022-06-27
"CLI02266","CTA02369",2022-04-20
"CLI01369","CTA02370",2022-03-02
"CLI02090","CTA02371",2020-12-07
"CLI01775","CTA02372",2022-02-07
"CLI03468","CTA02373",2022-06-11
"CLI01627","CTA02374",2021-09-15
"CLI02781","CTA02375",2021-02-11
"CLI02921","CTA02376",2020-02-07
"CLI01176","CTA02377",2022-04-10
"CLI01582","CTA02378",2024-06-08
"CLI01794","CTA02379",2022-10-08
"CLI01057","CTA02380",2021-09-12
"CLI03342","CTA02381",2021-06-28
"CLI00214","CTA02382",2023-06-22
"CLI02541","CTA02383",2024-05-01
"CLI00463","CTA02384",2023-06-11
"CLI01251","CTA02385",2024-06-09
"CLI01491","CTA02386",2021-07-26
"CLI02989","CTA02387",2020-11-24
"CLI00989","CTA02388",2025-03-16
"CLI03473","CTA02389",2021-07-14
"CLI00153","CTA02390",2022-12-31
"CLI03046","CTA02391",2024-06-14
"CLI02150","CTA02392",2026-08-27
"CLI01064","CTA02393",2023-02-26
"CLI03356","CTA02394",2023-05-04
"CLI03581","CTA02395",2022-11-14
"CLI00211","CTA02396",2022-10-21
"CLI00652","CTA02397",2026-06-15
"CLI00201","CTA02398",2023-04-23
"CLI01143","CTA02399",2020-05-16
"CLI00814","CTA02400",2026-02-22
"CLI02171","CTA02401",2022-10-17
"CLI02139","CTA02402",2021-03-07
"CLI02886","CTA02403",2025-05-20
"CLI01134","CTA02404",2021-04-20
"CLI02690","CTA02405",2021-07-10
"CLI00499","CTA02406",2020-02-29
"CLI01815","CTA02407",2023-02-08
"CLI00928","CTA02408",2021-05-28
"CLI02857","CTA02409",2020-08-02
"CLI02792","CTA02410",2020-04-30
"CLI01421","CTA02411",2020-10-16
"CLI00075","CTA02412",2026-05-03
"CLI02286","CTA02413",2023-12-10
"CLI03782","CTA02414",2025-03-29
"CLI02625","CTA02415",2024-03-19
"CLI00851","CTA02416",2024-05-22
"CLI01854","CTA02417",2021-04-21
"CLI01749","CTA02418",2020-01-04
"CLI00648","CTA02419",2023-11-26
"CLI03949","CTA02420",2023-07-14
"CLI02911","CTA02421",2024-07-09
"CLI03911","CTA02422",2022-04-10
"CLI02764","CTA02423",2025-12-02
"CLI03049","CTA02424",2023-01-23
"CLI00015","CTA02425",2021-12-08
"CLI00320","CTA02426",2024-11-18
"CLI02697","CTA02427",2026-02-14
"CLI01077","CTA02428",2026-02-19
"CLI00491","CTA02429",2023-10-13
"CLI01311","CTA02430",2024-12-16
"CLI01375","CTA02431",2021-09-18
"CLI00953","CTA02432",2022-07-25
"CLI00847","CTA02433",2021-01-16
"CLI00747","CTA02434",2026-07-24
"CLI03958","CTA02435",2025-10-10
"CLI03802","CTA02436",2025-03-13
"CLI02389","CTA02437",2021-03-17
"CLI02412","CTA02438",2021-12-30
"CLI01550","CTA02439",2024-02-29
"CLI02037","CTA02440",2024-05-23
"CLI01705","CTA02441",2024-07-21
"CLI00378","CTA02442",2026-07-21
"CLI03883","CTA02443",2025-01-17
"CLI01473","CTA02444",2023-04-25
"CLI01096","CTA02445",2021-11-01
"CLI03898","CTA02446",2023-10-22
"CLI01227","CTA02447",2025-11-29
"CLI00300","CTA02448",2021-05-21
"CLI03755","CTA02449",2024-05-09
"CLI02178","CTA02450",2024-01-28
"CLI01627","CTA02451",2025-06-28
"CLI02883","CTA02452",2024-03-12
"CLI03608","CTA02453",2023-04-12
"CLI01275","CTA02454",2021-02-12
"CLI02524","CTA02455",2022-12-21
"CLI01807","CTA02456",2021-05-07
"CLI01251","CTA02457",2020-07-04
"CLI03433","CTA02458",2026-03-18
"CLI03977","CTA02459",2024-10-14
"CLI02868","CTA02460",2022-07-04
"CLI01314","CTA02461",2021-05-24
"CLI03910","CTA02462",2022-03-23
"CLI01722","CTA02463",2025-07-09
"CLI01305","CTA02464",2024-10-27
"CLI00219","CTA02465",2025-10-26
"CLI02459","CTA02466",2025-03-13
"CLI03057","CTA02467",2020-06-27
"CLI03511","CTA02468",2021-01-12
"CLI02783","CTA02469",2021-04-29
"CLI03991","CTA02470",2025-09-21
"CLI02708","CTA02471",2025-04-27
"CLI02697","CTA02472",2022-08-24
"CLI00523","CTA02473",2023-07-20
"CLI00831","CTA02474",2025-05-24
"CLI01885","CTA02475",2023-04-16
"CLI01335","CTA02476",2023-09-16
"CLI00323","CTA02477",2023-12-14
"CLI01534","CTA02478",2023-02-28
"CLI02848","CTA02479",2020-09-30
"CLI02293","CTA02480",2025-05-21
"CLI01801","CTA02481",2025-03-28
"CLI01641","CTA02482",2021-01-09
"CLI01419","CTA02483",2023-06-03
"CLI01442","CTA02484",2022-07-24
"CLI02460","CTA02485",2023-05-17
"CLI00663","CTA02486",2023-09-29
"CLI03912","CTA02487",2024-11-06
"CLI02548","CTA02488",2023-08-13
"CLI00643","CTA02489",2023-08-16
"CLI03409","CTA02490",2025-07-01
"CLI02299","CTA02491",2020-01-17
"CLI02447","CTA02492",2025-05-03
"CLI00959","CTA02493",2025-10-20
"CLI01072","CTA02494",2025-10-10
"CLI03521","CTA02495",2022-04-02
"CLI01251","CTA02496",2023-07-27
"CLI00315","CTA02497",2023-12-22
"CLI03373","CTA02498",2025-05-09
"CLI01758","CTA02499",2024-06-07
"CLI00524","CTA02500",2024-12-20
"CLI02223","CTA02501",2020-03-26
"CLI01269","CTA02502",2020-01-04
"CLI00806","CTA02503",2025-01-20
"CLI03345","CTA02504",2024-02-07
"CLI03931","CTA02505",2024-06-21
"CLI02608","CTA02506",2023-05-04
"CLI00643","CTA02507",2021-10-26
"CLI00288","CTA02508",2021-12-24
"CLI02215","CTA02509",2022-07-05
"CLI03573","CTA02510",2021-02-22
"CLI01343","CTA02511",2020-10-16
"CLI02306","CTA02512",2020-03-19
"CLI01287","CTA02513",2024-10-16
"CLI03662","CTA02514",2026-01-23
"CLI00383","CTA02515",2022-02-24
"CLI00793","CTA02516",2024-12-04
"CLI00109","CTA02517",2020-08-13
"CLI02367","CTA02518",2024-01-28
"CLI00571","CTA02519",2024-01-02
"CLI03912","CTA02520",2025-03-31
"CLI00914","CTA02521",2020-10-15
"CLI01159","CTA02522",2021-04-04
"CLI02252","CTA02523",2025-03-23
"CLI03767","CTA02524",2024-05-26
"CLI00532","CTA02525",2026-06-20
"CLI03850","CTA02526",2024-12-04
"CLI02296","CTA02527",2021-07-29
"CLI00764","CTA02528",2024-10-13
"CLI01786","CTA02529",2023-07-18
"CLI00339","CTA02530",2025-07-29
"CLI02464","CTA02531",2024-08-08
"CLI00372","CTA02532",2020-06-29
"CLI03631","CTA02533",2026-04-30
"CLI03871","CTA02534",2023-07-18
"CLI00338","CTA02535",2025-07-26
"CLI00540","CTA02536",2021-09-16
"CLI03247","CTA02537",2024-04-06
"CLI02365","CTA02538",2026-03-29
"CLI00462","CTA02539",2021-04-03
"CLI00431","CTA02540",2021-01-25
"CLI00554","CTA02541",2022-06-09
"CLI03773","CTA02542",2025-08-12
"CLI01258","CTA02543",2025-12-09
"CLI01748","CTA02544",2020-12-23
"CLI01629","CTA02545",2021-03-10
"CLI02520","CTA02546",2023-12-29
"CLI02389","CTA02547",2022-05-27
"CLI03430","CTA02548",2021-09-01
"CLI01958","CTA02549",2022-06-11
"CLI00233","CTA02550",2023-03-09
"CLI03270","CTA02551",2024-10-02
"CLI02439","CTA02552",2023-06-05
"CLI01604","CTA02553",2023-05-05
"CLI02266","CTA02554",2020-08-28
"CLI01845","CTA02555",2024-10-19
"CLI02240","CTA02556",2024-04-03
"CLI03105","CTA02557",2020-09-03
"CLI02586","CTA02558",2024-09-01
"CLI01859","CTA02559",2026-02-25
"CLI01258","CTA02560",2026-09-01
"CLI03552","CTA02561",2021-12-08
"CLI01053","CTA02562",2022-03-14
"CLI01888","CTA02563",2023-04-29
"CLI00418","CTA02564",2023-07-06
"CLI01433","CTA02565",2023-06-27
"CLI00644","CTA02566",2024-03-09
"CLI01083","CTA02567",2025-09-10
"CLI01405","CTA02568",2025-12-02
"CLI01077","CTA02569",2020-06-20
"CLI03560","CTA02570",2026-08-11
"CLI02626","CTA02571",2020-12-20
"CLI02092","CTA02572",2024-08-26
"CLI02252","CTA02573",2025-10-12
"CLI00118","CTA02574",2021-02-25
"CLI01246","CTA02575",2023-06-05
"CLI00368","CTA02576",2025-01-15
"CLI03244","CTA02577",2022-07-27
"CLI00495","CTA02578",2026-01-05
"CLI01418","CTA02579",2024-02-26
"CLI00412","CTA02580",2022-01-06
"CLI00115","CTA02581",2021-01-31
"CLI02840","CTA02582",2023-12-25
"CLI01088","CTA02583",2024-03-17
"CLI02187","CTA02584",2022-10-20
"CLI01351","CTA02585",2022-09-29
"CLI03875","CTA02586",2023-10-26
"CLI03350","CTA02587",2023-04-09
"CLI00317","CTA02588",2026-02-05
"CLI02969","CTA02589",2024-08-14
"CLI01287","CTA02590",2023-11-07
"CLI02026","CTA02591",2023-01-12
"CLI02963","CTA02592",2022-02-23
"CLI02099","CTA02593",2023-09-13
"CLI03299","CTA02594",2022-05-30
"CLI01303","CTA02595",2022-12-16
"CLI00321","CTA02596",2020-12-16
"CLI00564","CTA02597",2024-01-07
"CLI02322","CTA02598",2024-06-08
"CLI03811","CTA02599",2024-07-09
"CLI02914","CTA02600",2026-06-03
"CLI00464","CTA02601",2025-12-04
"CLI03744","CTA02602",2025-11-02
"CLI02749","CTA02603",2024-12-18
"CLI01018","CTA02604",2025-11-08
"CLI00199","CTA02605",2025-10-28
"CLI03457","CTA02606",2020-04-01
"CLI02211","CTA02607",2023-06-19
"CLI00603","CTA02608",2023-08-19
"CLI02564","CTA02609",2023-10-18
"CLI01524","CTA02610",2025-10-29
"CLI03997","CTA02611",2023-04-26
"CLI02333","CTA02612",2023-11-02
"CLI03813","CTA02613",2026-02-01
"CLI01284","CTA02614",2021-10-14
"CLI00774","CTA02615",2024-08-28
"CLI00974","CTA02616",2023-06-12
"CLI03783","CTA02617",2024-10-16
"CLI03618","CTA02618",2021-05-29
"CLI03608","CTA02619",2025-02-14
"CLI02974","CTA02620",2025-05-16
"CLI02672","CTA02621",2020-06-10
"CLI01572","CTA02622",2021-09-27
"CLI00369","CTA02623",2023-04-05
"CLI00142","CTA02624",2024-04-05
"CLI00525","CTA02625",2022-04-21
"CLI03803","CTA02626",2025-11-12
"CLI02803","CTA02627",2022-04-30
"CLI01465","CTA02628",2024-09-07
"CLI03141","CTA02629",2024-10-28
"CLI01991","CTA02630",2022-10-24
"CLI00445","CTA02631",2020-09-14
"CLI00299","CTA02632",2025-12-28
"CLI03369","CTA02633",2024-06-21
"CLI00923","CTA02634",2025-09-23
"CLI01685","CTA02635",2021-01-27
"CLI00684","CTA02636",2026-03-04
"CLI03798","CTA02637",2026-05-29
"CLI02436","CTA02638",2020-06-16
"CLI01916","CTA02639",2024-11-09
"CLI00002","CTA02640",2023-06-13
"CLI01910","CTA02641",2023-12-17
"CLI02964","CTA02642",2020-04-29
"CLI02480","CTA02643",2022-04-23
"CLI03633","CTA02644",2022-06-29
"CLI02962","CTA02645",2025-08-07
"CLI01048","CTA02646",2021-11-18
"CLI02402","CTA02647",2024-11-25
"CLI02659","CTA02648",2024-10-30
"CLI00213","CTA02649",2025-03-21
"CLI02715","CTA02650",2023-06-07
"CLI00041","CTA02651",2020-02-12
"CLI00110","CTA02652",2024-06-23
"CLI02350","CTA02653",2022-08-06
"CLI01282","CTA02654",2024-06-27
"CLI00797","CTA02655",2025-08-08
"CLI02420","CTA02656",2026-06-17
"CLI00097","CTA02657",2021-01-02
"CLI01559","CTA02658",2021-10-25
"CLI03724","CTA02659",2022-11-27
"CLI00685","CTA02660",2023-04-21
"CLI00538","CTA02661",2021-07-07
"CLI03292","CTA02662",2025-02-08
"CLI03813","CTA02663",2024-01-30
"CLI00412","CTA02664",2020-02-19
"CLI02939","CTA02665",2020-06-14
"CLI00801","CTA02666",2023-08-18
"CLI01992","CTA02667",2023-02-18
"CLI02248","CTA02668",2021-11-21
"CLI00032","CTA02669",2025-06-28
"CLI00990","CTA02670",2024-02-06
"CLI00407","CTA02671",2024-08-30
"CLI00171","CTA02672",2024-11-02
"CLI03587","CTA02673",2025-06-03
"CLI01422","CTA02674",2025-10-04
"CLI03029","CTA02675",2022-09-19
"CLI01729","CTA02676",2026-07-23
"CLI01437","CTA02677",2021-12-26
"CLI02839","CTA02678",2023-05-15
"CLI02217","CTA02679",2025-04-30
"CLI00221","CTA02680",2021-11-30
"CLI03751","CTA02681",2022-06-15
"CLI01569","CTA02682",2024-08-27
"CLI01630","CTA02683",2024-11-18
"CLI00151","CTA02684",2024-04-28
"CLI00695","CTA02685",2024-03-20
"CLI03299","CTA02686",2024-09-27
"CLI01345","CTA02687",2020-02-22
"CLI02702","CTA02688",2022-01-15
"CLI01217","CTA02689",2026-08-11
"CLI03142","CTA02690",2021-07-05
"CLI00396","CTA02691",2026-04-27
"CLI00557","CTA02692",2026-02-01
"CLI01949","CTA02693",2022-08-03
"CLI00988","CTA02694",2024-09-07
"CLI03429","CTA02695",2021-06-08
"CLI01764","CTA02696",2020-11-02
"CLI01548","CTA02697",2025-12-14
"CLI03556","CTA02698",2020-02-16
"CLI03351","CTA02699",2023-11-02
"CLI02349","CTA02700",2022-04-24
"CLI02814","CTA02701",2022-11-05
"CLI03455","CTA02702",2023-02-21
"CLI02507","CTA02703",2022-06-07
"CLI03758","CTA02704",2024-12-03
"CLI03616","CTA02705",2024-06-13
"CLI02454","CTA02706",2021-11-02
"CLI00050","CTA02707",2024-01-19
"CLI03897","CTA02708",2020-08-14
"CLI03069","CTA02709",2021-07-19
"CLI00316","CTA02710",2021-10-03
"CLI00074","CTA02711",2022-03-17
"CLI03424","CTA02712",2026-03-16
"CLI01634","CTA02713",2025-09-19
"CLI01736","CTA02714",2025-10-22
"CLI02215","CTA02715",2024-12-18
"CLI03697","CTA02716",2020-06-07
"CLI03928","CTA02717",2024-03-23
"CLI03822","CTA02718",2021-11-22
"CLI02851","CTA02719",2024-06-24
"CLI00316","CTA02720",2020-11-22
"CLI02082","CTA02721",2026-08-18
"CLI01590","CTA02722",2023-10-28
"CLI01751","CTA02723",2024-01-23
"CLI03747","CTA02724",2022-11-29
"CLI02719","CTA02725",2021-01-02
"CLI00355","CTA02726",2020-02-09
"CLI03922","CTA02727",2021-12-02
"CLI00837","CTA02728",2020-10-01
"CLI02496","CTA02729",2024-10-06
"CLI00447","CTA02730",2023-10-09
"CLI02902","CTA02731",2025-08-07
"CLI02553","CTA02732",2026-04-07
"CLI02227","CTA02733",2024-07-27
"CLI01170","CTA02734",2021-07-31
"CLI00758","CTA02735",2024-12-24
"CLI01258","CTA02736",2022-08-27
"CLI03344","CTA02737",2024-07-17
"CLI02673","CTA02738",2022-02-08
"CLI02766","CTA02739",2023-02-20
"CLI00565","CTA02740",2022-03-13
"CLI01332","CTA02741",2026-06-12
"CLI03747","CTA02742",2023-04-05
"CLI03356","CTA02743",2022-04-21
"CLI00470","CTA02744",2024-08-05
"CLI01014","CTA02745",2026-06-09
"CLI03023","CTA02746",2021-08-07
"CLI01550","CTA02747",2023-01-30
"CLI01098","CTA02748",2025-09-02
"CLI03162","CTA02749",2022-08-20
"CLI03075","CTA02750",2021-05-10
"CLI02643","CTA02751",2023-02-03
"CLI01318","CTA02752",2025-09-03
"CLI03816","CTA02753",2022-08-18
"CLI03169","CTA02754",2023-03-01
"CLI03423","CTA02755",2024-03-24
"CLI03492","CTA02756",2025-07-03
"CLI02081","CTA02757",2026-01-15
"CLI02413","CTA02758",2023-01-03
"CLI00674","CTA02759",2025-01-06
"CLI01255","CTA02760",2022-06-08
"CLI01455","CTA02761",2022-03-21
"CLI02164","CTA02762",2021-12-04
"CLI02853","CTA02763",2021-07-25
"CLI00087","CTA02764",2021-03-14
"CLI03109","CTA02765",2020-11-07
"CLI01428","CTA02766",2021-09-18
"CLI03456","CTA02767",2021-06-29
"CLI03393","CTA02768",2025-12-17
"CLI02188","CTA02769",2024-04-05
"CLI02574","CTA02770",2021-11-12
"CLI00415","CTA02771",2025-12-06
"CLI02797","CTA02772",2024-04-20
"CLI03268","CTA02773",2026-03-27
"CLI02439","CTA02774",2021-11-13
"CLI00276","CTA02775",2022-01-28
"CLI03373","CTA02776",2021-08-17
"CLI00367","CTA02777",2022-11-08
"CLI01010","CTA02778",2023-08-11
"CLI02319","CTA02779",2020-02-27
"CLI00712","CTA02780",2020-03-31
"CLI00994","CTA02781",2025-04-05
"CLI00889","CTA02782",2024-10-03
"CLI02853","CTA02783",2024-08-26
"CLI00847","CTA02784",2024-02-04
"CLI00403","CTA02785",2023-11-14
"CLI01966","CTA02786",2020-04-18
"CLI02738","CTA02787",2023-11-28
"CLI00877","CTA02788",2026-08-03
"CLI00574","CTA02789",2026-07-13
"CLI02130","CTA02790",2021-07-23
"CLI02362","CTA02791",2023-09-07
"CLI00197","CTA02792",2024-07-29
"CLI02976","CTA02793",2021-04-20
"CLI01663","CTA02794",2023-05-20
"CLI02922","CTA02795",2022-01-09
"CLI02908","CTA02796",2021-06-07
"CLI01864","CTA02797",2023-05-02
"CLI00191","CTA02798",2024-07-18
"CLI00545","CTA02799",2020-01-08
"CLI02430","CTA02800",2020-09-18
"CLI01203","CTA02801",2022-12-01
"CLI02488","CTA02802",2025-05-14
"CLI00089","CTA02803",2021-11-01
"CLI03925","CTA02804",2025-02-20
"CLI02078","CTA02805",2022-11-05
"CLI00953","CTA02806",2022-01-21
"CLI00943","CTA02807",2024-11-21
"CLI01419","CTA02808",2023-04-26
"CLI03718","CTA02809",2026-02-24
"CLI03214","CTA02810",2022-03-13
"CLI03572","CTA02811",2021-01-04
"CLI03850","CTA02812",2024-12-06
"CLI00311","CTA02813",2026-06-03
"CLI03648","CTA02814",2021-03-20
"CLI00180","CTA02815",2021-09-20
"CLI00946","CTA02816",2026-04-17
"CLI03081","CTA02817",2023-01-10
"CLI01593","CTA02818",2023-10-17
"CLI00197","CTA02819",2024-03-19
"CLI02431","CTA02820",2023-09-13
"CLI01490","CTA02821",2024-11-22
"CLI02422","CTA02822",2021-10-08
"CLI03235","CTA02823",2020-12-12
"CLI03897","CTA02824",2020-05-02
"CLI02017","CTA02825",2023-11-25
"CLI01088","CTA02826",2025-07-01
"CLI02998","CTA02827",2026-05-29
"CLI00001","CTA02828",2020-01-31
"CLI00617","CTA02829",2022-08-29
"CLI01370","CTA02830",2023-02-19
"CLI02740","CTA02831",2024-05-02
"CLI03228","CTA02832",2022-08-02
"CLI00167","CTA02833",2026-06-28
"CLI01003","CTA02834",2023-08-28
"CLI01285","CTA02835",2022-02-09
"CLI02101","CTA02836",2022-08-14
"CLI01463","CTA02837",2025-04-09
"CLI00204","CTA02838",2020-11-25
"CLI01330","CTA02839",2021-11-11
"CLI02356","CTA02840",2021-01-31
"CLI01018","CTA02841",2022-07-19
"CLI01745","CTA02842",2020-02-01
"CLI03954","CTA02843",2024-10-24
"CLI01217","CTA02844",2026-04-07
"CLI02551","CTA02845",2026-04-21
"CLI03395","CTA02846",2021-07-25
"CLI00712","CTA02847",2020-08-11
"CLI01708","CTA02848",2020-09-25
"CLI02826","CTA02849",2023-06-26
"CLI02009","CTA02850",2022-01-05
"CLI03724","CTA02851",2022-05-05
"CLI02879","CTA02852",2024-06-21
"CLI00342","CTA02853",2024-11-09
"CLI02164","CTA02854",2026-05-21
"CLI02351","CTA02855",2023-11-10
"CLI03154","CTA02856",2025-11-23
"CLI01533","CTA02857",2025-11-29
"CLI00935","CTA02858",2025-01-13
"CLI03303","CTA02859",2024-10-07
"CLI01954","CTA02860",2020-12-19
"CLI00236","CTA02861",2020-07-29
"CLI02111","CTA02862",2025-03-09
"CLI03123","CTA02863",2024-09-26
"CLI01107","CTA02864",2023-06-07
"CLI01527","CTA02865",2024-03-01
"CLI02838","CTA02866",2021-09-25
"CLI02222","CTA02867",2024-08-16
"CLI00975","CTA02868",2023-06-26
"CLI01630","CTA02869",2023-11-25
"CLI02892","CTA02870",2022-12-18
"CLI00972","CTA02871",2021-11-22
"CLI00265","CTA02872",2020-08-24
"CLI03938","CTA02873",2021-01-05
"CLI00661","CTA02874",2024-04-25
"CLI02614","CTA02875",2025-09-16
"CLI00537","CTA02876",2020-11-19
"CLI03866","CTA02877",2022-09-28
"CLI03959","CTA02878",2025-12-02
"CLI00510","CTA02879",2023-02-09
"CLI02024","CTA02880",2020-12-11
"CLI01265","CTA02881",2022-12-15
"CLI02305","CTA02882",2026-04-22
"CLI02255","CTA02883",2024-04-06
"CLI02457","CTA02884",2023-02-01
"CLI00902","CTA02885",2023-06-29
"CLI01285","CTA02886",2020-06-24
"CLI00293","CTA02887",2025-07-03
"CLI00717","CTA02888",2025-11-29
"CLI01495","CTA02889",2020-04-03
"CLI01669","CTA02890",2020-10-31
"CLI00814","CTA02891",2020-12-20
"CLI00608","CTA02892",2022-03-06
"CLI03644","CTA02893",2025-04-27
"CLI03967","CTA02894",2023-09-07
"CLI00602","CTA02895",2020-01-29
"CLI02447","CTA02896",2020-03-07
"CLI02202","CTA02897",2020-04-01
"CLI01338","CTA02898",2025-08-01
"CLI03525","CTA02899",2024-10-29
"CLI02777","CTA02900",2023-09-25
"CLI03101","CTA02901",2021-05-25
"CLI00361","CTA02902",2023-12-06
"CLI00382","CTA02903",2025-10-02
"CLI01459","CTA02904",2026-05-14
"CLI00754","CTA02905",2021-08-17
"CLI03988","CTA02906",2022-05-21
"CLI03623","CTA02907",2024-04-25
"CLI01931","CTA02908",2023-10-12
"CLI02072","CTA02909",2020-11-19
"CLI03955","CTA02910",2023-07-29
"CLI02046","CTA02911",2026-03-22
"CLI01100","CTA02912",2020-08-11
"CLI00545","CTA02913",2022-08-04
"CLI03517","CTA02914",2023-02-05
"CLI01129","CTA02915",2025-11-17
"CLI00373","CTA02916",2020-11-02
"CLI01599","CTA02917",2026-04-27
"CLI02929","CTA02918",2022-05-17
"CLI01107","CTA02919",2025-05-05
"CLI03314","CTA02920",2022-02-05
"CLI01060","CTA02921",2020-11-01
"CLI01560","CTA02922",2021-06-30
"CLI00439","CTA02923",2024-06-12
"CLI00556","CTA02924",2026-02-07
"CLI02739","CTA02925",2023-04-18
"CLI02409","CTA02926",2020-05-20
"CLI00364","CTA02927",2022-07-13
"CLI03099","CTA02928",2022-10-24
"CLI01546","CTA02929",2020-07-01
"CLI01691","CTA02930",2025-12-23
"CLI01056","CTA02931",2020-12-03
"CLI00541","CTA02932",2024-02-10
"CLI00722","CTA02933",2023-07-02
"CLI03799","CTA02934",2020-10-21
"CLI01077","CTA02935",2026-04-16
"CLI03675","CTA02936",2024-05-19
"CLI02055","CTA02937",2023-01-05
"CLI02250","CTA02938",2026-06-14
"CLI03014","CTA02939",2026-05-08
"CLI01147","CTA02940",2025-09-05
"CLI02518","CTA02941",2021-09-08
"CLI01859","CTA02942",2022-01-06
"CLI01070","CTA02943",2020-10-14
"CLI03913","CTA02944",2023-02-18
"CLI00689","CTA02945",2025-03-24
"CLI01521","CTA02946",2022-03-10
"CLI02828","CTA02947",2023-02-23
"CLI00484","CTA02948",2026-01-26
"CLI00008","CTA02949",2021-05-13
"CLI02622","CTA02950",2021-01-29
"CLI03593","CTA02951",2020-01-13
"CLI03591","CTA02952",2022-03-09
"CLI03264","CTA02953",2025-10-21
"CLI03488","CTA02954",2023-08-28
"CLI00965","CTA02955",2022-10-22
"CLI01927","CTA02956",2025-07-19
"CLI03597","CTA02957",2024-07-18
"CLI01918","CTA02958",2024-07-01
"CLI03801","CTA02959",2024-10-06
"CLI01106","CTA02960",2020-05-01
"CLI01419","CTA02961",2020-04-08
"CLI03865","CTA02962",2020-04-30
"CLI02896","CTA02963",2023-12-30
"CLI03811","CTA02964",2025-02-03
"CLI01153","CTA02965",2023-11-02
"CLI00506","CTA02966",2023-11-13
"CLI00470","CTA02967",2025-12-19
"CLI01725","CTA02968",2021-04-04
"CLI01262","CTA02969",2022-09-24
"CLI01551","CTA02970",2020-04-22
"CLI03197","CTA02971",2023-10-14
"CLI01881","CTA02972",2020-01-07
"CLI02665","CTA02973",2022-10-21
"CLI02980","CTA02974",2021-12-10
"CLI01369","CTA02975",2023-10-17
"CLI03454","CTA02976",2024-01-09
"CLI01310","CTA02977",2024-09-28
"CLI00607","CTA02978",2020-07-06
"CLI03015","CTA02979",2023-08-11
"CLI03715","CTA02980",2020-03-20
"CLI01711","CTA02981",2025-05-04
"CLI03573","CTA02982",2024-12-22
"CLI00711","CTA02983",2026-04-12
"CLI02171","CTA02984",2024-05-24
"CLI03028","CTA02985",2023-08-17
"CLI00100","CTA02986",2025-09-06
"CLI01004","CTA02987",2025-10-06
"CLI02313","CTA02988",2024-10-23
"CLI03643","CTA02989",2023-02-24
"CLI03518","CTA02990",2020-01-22
"CLI03140","CTA02991",2020-06-27
"CLI03280","CTA02992",2023-10-21
"CLI02399","CTA02993",2021-08-15
"CLI03136","CTA02994",2023-05-27
"CLI02852","CTA02995",2025-02-17
"CLI02652","CTA02996",2026-07-05
"CLI00039","CTA02997",2025-04-06
"CLI01608","CTA02998",2020-12-17
"CLI00492","CTA02999",2020-10-27
"CLI00773","CTA03000",2021-04-23
"CLI02837","CTA03001",2020-03-01
"CLI01436","CTA03002",2025-12-10
"CLI00718","CTA03003",2023-03-15
"CLI01954","CTA03004",2025-10-27
"CLI00746","CTA03005",2022-02-17
"CLI01311","CTA03006",2023-12-15
"CLI02426","CTA03007",2024-10-11
"CLI00382","CTA03008",2021-02-17
"CLI02541","CTA03009",2022-04-11
"CLI02997","CTA03010",2021-01-09
"CLI00692","CTA03011",2022-12-31
"CLI01613","CTA03012",2020-07-09
"CLI03593","CTA03013",2025-09-05
"CLI01709","CTA03014",2026-02-26
"CLI00888","CTA03015",2024-06-21
"CLI01141","CTA03016",2025-02-27
"CLI03471","CTA03017",2023-02-05
"CLI00294","CTA03018",2020-01-16
"CLI03522","CTA03019",2023-09-16
"CLI02126","CTA03020",2025-02-17
"CLI01681","CTA03021",2024-02-04
"CLI01179","CTA03022",2023-10-06
"CLI00276","CTA03023",2022-04-04
"CLI01266","CTA03024",2026-01-15
"CLI01743","CTA03025",2026-07-06
"CLI02315","CTA03026",2026-02-09
"CLI03541","CTA03027",2026-05-17
"CLI03002","CTA03028",2024-07-23
"CLI02271","CTA03029",2021-07-16
"CLI02974","CTA03030",2024-09-27
"CLI01643","CTA03031",2024-01-07
"CLI00431","CTA03032",2020-11-09
"CLI02310","CTA03033",2023-03-11
"CLI00492","CTA03034",2021-10-04
"CLI01052","CTA03035",2023-12-13
"CLI01014","CTA03036",2025-09-28
"CLI01482","CTA03037",2021-08-21
"CLI02467","CTA03038",2020-03-24
"CLI02478","CTA03039",2021-02-14
"CLI02240","CTA03040",2020-05-05
"CLI00817","CTA03041",2021-02-04
"CLI00587","CTA03042",2020-06-27
"CLI02793","CTA03043",2023-05-12
"CLI03668","CTA03044",2022-07-05
"CLI02933","CTA03045",2021-12-04
"CLI02989","CTA03046",2021-10-17
"CLI03454","CTA03047",2020-10-13
"CLI01870","CTA03048",2020-04-12
"CLI00607","CTA03049",2023-09-09
"CLI00901","CTA03050",2024-01-29
"CLI02493","CTA03051",2023-03-07
"CLI02918","CTA03052",2022-06-11
"CLI02208","CTA03053",2025-10-16
"CLI03637","CTA03054",2024-07-07
"CLI00252","CTA03055",2021-05-30
"CLI02120","CTA03056",2023-09-03
"CLI03674","CTA03057",2020-04-09
"CLI00533","CTA03058",2025-06-24
"CLI00713","CTA03059",2021-11-21
"CLI03450","CTA03060",2023-08-03
"CLI02794","CTA03061",2023-09-28
"CLI01032","CTA03062",2020-08-13
"CLI03329","CTA03063",2021-02-22
"CLI01916","CTA03064",2025-03-07
"CLI00002","CTA03065",2022-05-26
"CLI03386","CTA03066",2026-04-29
"CLI02749","CTA03067",2022-01-05
"CLI03917","CTA03068",2025-06-01
"CLI00681","CTA03069",2020-05-18
"CLI03544","CTA03070",2022-07-01
"CLI01047","CTA03071",2024-07-08
"CLI02056","CTA03072",2022-05-25
"CLI01599","CTA03073",2026-08-15
"CLI00631","CTA03074",2021-11-17
"CLI03550","CTA03075",2023-07-24
"CLI02378","CTA03076",2020-04-29
"CLI01468","CTA03077",2024-02-19
"CLI03021","CTA03078",2026-02-25
"CLI03137","CTA03079",2022-05-30
"CLI02297","CTA03080",2023-11-18
"CLI03053","CTA03081",2021-08-05
"CLI01683","CTA03082",2020-11-03
"CLI00266","CTA03083",2020-09-08
"CLI03688","CTA03084",2023-05-19
"CLI00528","CTA03085",2021-06-22
"CLI00575","CTA03086",2021-10-10
"CLI00465","CTA03087",2022-01-15
"CLI01816","CTA03088",2025-05-17
"CLI01372","CTA03089",2020-11-04
"CLI00058","CTA03090",2025-10-16
"CLI00708","CTA03091",2022-11-06
"CLI01098","CTA03092",2026-06-12
"CLI00521","CTA03093",2024-05-31
"CLI00717","CTA03094",2023-08-04
"CLI00371","CTA03095",2026-07-06
"CLI03912","CTA03096",2024-03-31
"CLI02044","CTA03097",2021-11-08
"CLI00776","CTA03098",2021-08-24
"CLI00690","CTA03099",2026-05-08
"CLI03022","CTA03100",2025-05-03
"CLI02896","CTA03101",2024-01-05
"CLI01721","CTA03102",2021-02-27
"CLI03472","CTA03103",2020-03-04
"CLI00464","CTA03104",2026-01-21
"CLI00621","CTA03105",2022-06-01
"CLI03699","CTA03106",2021-04-18
"CLI01316","CTA03107",2023-08-15
"CLI00158","CTA03108",2021-07-01
"CLI01365","CTA03109",2022-06-09
"CLI00927","CTA03110",2024-09-03
"CLI03460","CTA03111",2021-02-17
"CLI02826","CTA03112",2023-11-01
"CLI03461","CTA03113",2021-08-12
"CLI01420","CTA03114",2024-01-04
"CLI01892","CTA03115",2024-06-05
"CLI03868","CTA03116",2024-07-08
"CLI00059","CTA03117",2026-05-30
"CLI02923","CTA03118",2021-10-17
"CLI01564","CTA03119",2020-01-25
"CLI00767","CTA03120",2026-02-07
"CLI03341","CTA03121",2024-09-23
"CLI02357","CTA03122",2022-10-18
"CLI02166","CTA03123",2026-04-23
"CLI03202","CTA03124",2026-07-11
"CLI02001","CTA03125",2023-12-29
"CLI03374","CTA03126",2026-02-04
"CLI00294","CTA03127",2024-02-16
"CLI01023","CTA03128",2025-02-07
"CLI03324","CTA03129",2023-09-12
"CLI01663","CTA03130",2024-09-12
"CLI03147","CTA03131",2025-09-16
"CLI00833","CTA03132",2022-04-24
"CLI02999","CTA03133",2020-04-18
"CLI02271","CTA03134",2021-10-06
"CLI02142","CTA03135",2020-12-07
"CLI03391","CTA03136",2024-09-04
"CLI02122","CTA03137",2022-05-27
"CLI02077","CTA03138",2023-09-10
"CLI03224","CTA03139",2024-02-03
"CLI02453","CTA03140",2025-05-27
"CLI01528","CTA03141",2021-07-15
"CLI00908","CTA03142",2020-11-03
"CLI00701","CTA03143",2021-11-20
"CLI03373","CTA03144",2024-09-09
"CLI01303","CTA03145",2021-09-19
"CLI00561","CTA03146",2023-09-01
"CLI01591","CTA03147",2024-05-10
"CLI00872","CTA03148",2025-05-07
"CLI01077","CTA03149",2023-09-18
"CLI03560","CTA03150",2020-11-24
"CLI03121","CTA03151",2022-07-06
"CLI02910","CTA03152",2024-06-25
"CLI02300","CTA03153",2020-05-21
"CLI03313","CTA03154",2021-02-13
"CLI00020","CTA03155",2025-05-07
"CLI01154","CTA03156",2023-07-10
"CLI00215","CTA03157",2024-01-25
"CLI00949","CTA03158",2021-12-28
"CLI02455","CTA03159",2021-06-21
"CLI02247","CTA03160",2024-11-30
"CLI01197","CTA03161",2026-08-28
"CLI00665","CTA03162",2024-06-01
"CLI01020","CTA03163",2020-02-11
"CLI03072","CTA03164",2026-08-20
"CLI00939","CTA03165",2020-09-19
"CLI02262","CTA03166",2020-10-27
"CLI01328","CTA03167",2022-03-16
"CLI00899","CTA03168",2026-01-27
"CLI00295","CTA03169",2022-04-22
"CLI00057","CTA03170",2022-08-24
"CLI00080","CTA03171",2024-04-26
"CLI02123","CTA03172",2024-06-26
"CLI00655","CTA03173",2023-10-12
"CLI01629","CTA03174",2026-08-30
"CLI03892","CTA03175",2026-04-25
"CLI00513","CTA03176",2021-05-07
"CLI00530","CTA03177",2023-12-29
"CLI02656","CTA03178",2020-08-08
"CLI00505","CTA03179",2020-04-04
"CLI01900","CTA03180",2025-01-22
"CLI02245","CTA03181",2024-03-27
"CLI00008","CTA03182",2025-09-09
"CLI01920","CTA03183",2022-11-13
"CLI01620","CTA03184",2024-10-26
"CLI03082","CTA03185",2022-07-14
"CLI03346","CTA03186",2023-11-22
"CLI00913","CTA03187",2024-05-24
"CLI02897","CTA03188",2022-01-08
"CLI03997","CTA03189",2024-06-20
"CLI03457","CTA03190",2024-08-14
"CLI03598","CTA03191",2024-09-15
"CLI02473","CTA03192",2020-03-27
"CLI01875","CTA03193",2026-06-23
"CLI03418","CTA03194",2024-12-01
"CLI02929","CTA03195",2023-10-19
"CLI03458","CTA03196",2023-01-16
"CLI01804","CTA03197",2021-06-18
"CLI00771","CTA03198",2025-08-23
"CLI03984","CTA03199",2023-11-09
"CLI00985","CTA03200",2023-04-21
"CLI02484","CTA03201",2022-05-12
"CLI00492","CTA03202",2021-11-08
"CLI01876","CTA03203",2026-08-17
"CLI01961","CTA03204",2023-09-01
"CLI01154","CTA03205",2023-03-16
"CLI01119","CTA03206",2021-05-19
"CLI00070","CTA03207",2025-12-05
"CLI03762","CTA03208",2025-08-13
"CLI01471","CTA03209",2021-10-08
"CLI01606","CTA03210",2022-03-05
"CLI01180","CTA03211",2022-08-31
"CLI01869","CTA03212",2023-04-22
"CLI03888","CTA03213",2025-11-07
"CLI03635","CTA03214",2026-06-27
"CLI01259","CTA03215",2021-12-23
"CLI02006","CTA03216",2026-06-19
"CLI02774","CTA03217",2023-07-26
"CLI00830","CTA03218",2022-03-12
"CLI02088","CTA03219",2024-04-29
"CLI03966","CTA03220",2021-08-01
"CLI03895","CTA03221",2021-07-24
"CLI03476","CTA03222",2020-08-26
"CLI03731","CTA03223",2025-07-26
"CLI02883","CTA03224",2024-11-16
"CLI01655","CTA03225",2023-08-21
"CLI03660","CTA03226",2021-10-26
"CLI00059","CTA03227",2023-08-20
"CLI00053","CTA03228",2023-05-09
"CLI03122","CTA03229",2023-03-07
"CLI03381","CTA03230",2024-02-19
"CLI03944","CTA03231",2023-12-12
"CLI03839","CTA03232",2026-06-19
"CLI01090","CTA03233",2024-11-14
"CLI01172","CTA03234",2020-06-30
"CLI00983","CTA03235",2022-04-11
"CLI00475","CTA03236",2020-02-24
"CLI02959","CTA03237",2024-07-30
"CLI03696","CTA03238",2023-06-22
"CLI03532","CTA03239",2020-06-09
"CLI03789","CTA03240",2023-08-26
"CLI00111","CTA03241",2026-01-16
"CLI02634","CTA03242",2024-08-02
"CLI00164","CTA03243",2022-09-12
"CLI02661","CTA03244",2023-04-05
"CLI01519","CTA03245",2025-09-27
"CLI03274","CTA03246",2025-07-08
"CLI00854","CTA03247",2023-10-06
"CLI03575","CTA03248",2023-02-23
"CLI01871","CTA03249",2022-02-19
"CLI00907","CTA03250",2024-10-12
"CLI01726","CTA03251",2026-01-02
"CLI03789","CTA03252",2023-04-25
"CLI02166","CTA03253",2021-09-29
"CLI01749","CTA03254",2025-12-24
"CLI03017","CTA03255",2020-05-24
"CLI02926","CTA03256",2020-08-17
"CLI01320","CTA03257",2025-12-11
"CLI03674","CTA03258",2021-10-09
"CLI00760","CTA03259",2024-10-23
"CLI01176","CTA03260",2021-07-19
"CLI02161","CTA03261",2025-10-18
"CLI01479","CTA03262",2020-05-15
"CLI01106","CTA03263",2023-10-16
"CLI00383","CTA03264",2025-09-21
"CLI03668","CTA03265",2021-07-02
"CLI02496","CTA03266",2025-08-23
"CLI03431","CTA03267",2025-05-19
"CLI03325","CTA03268",2024-08-17
"CLI00803","CTA03269",2021-08-18
"CLI00908","CTA03270",2020-06-25
"CLI01382","CTA03271",2026-01-05
"CLI02271","CTA03272",2023-12-03
"CLI02587","CTA03273",2021-07-14
"CLI01723","CTA03274",2023-04-05
"CLI01966","CTA03275",2021-05-30
"CLI03044","CTA03276",2024-07-19
"CLI01462","CTA03277",2024-08-08
"CLI00469","CTA03278",2022-07-19
"CLI03183","CTA03279",2021-02-14
"CLI02989","CTA03280",2026-04-22
"CLI02983","CTA03281",2022-03-14
"CLI00276","CTA03282",2024-11-14
"CLI00668","CTA03283",2025-10-21
"CLI00903","CTA03284",2024-02-19
"CLI00482","CTA03285",2023-11-23
"CLI03289","CTA03286",2021-05-15
"CLI01618","CTA03287",2021-10-27
"CLI00474","CTA03288",2025-09-18
"CLI01950","CTA03289",2020-12-18
"CLI03115","CTA03290",2024-04-20
"CLI00544","CTA03291",2020-05-24
"CLI02484","CTA03292",2020-12-01
"CLI02539","CTA03293",2020-04-28
"CLI01727","CTA03294",2025-08-08
"CLI00010","CTA03295",2023-04-17
"CLI00272","CTA03296",2022-11-20
"CLI00231","CTA03297",2021-07-24
"CLI02991","CTA03298",2026-01-16
"CLI03703","CTA03299",2026-04-24
"CLI00132","CTA03300",2023-09-09
"CLI02732","CTA03301",2023-03-22
"CLI01533","CTA03302",2020-10-30
"CLI02213","CTA03303",2023-02-17
"CLI00685","CTA03304",2022-02-10
"CLI00928","CTA03305",2020-05-03
"CLI03429","CTA03306",2024-03-07
"CLI03988","CTA03307",2020-11-03
"CLI02489","CTA03308",2024-04-02
"CLI03860","CTA03309",2024-08-15
"CLI01134","CTA03310",2023-02-02
"CLI02049","CTA03311",2025-10-28
"CLI01130","CTA03312",2026-06-14
"CLI01253","CTA03313",2025-11-21
"CLI03566","CTA03314",2021-02-15
"CLI00195","CTA03315",2026-02-25
"CLI02571","CTA03316",2020-12-27
"CLI02874","CTA03317",2020-07-18
"CLI03357","CTA03318",2021-08-10
"CLI02617","CTA03319",2023-05-01
"CLI01855","CTA03320",2022-10-03
"CLI03674","CTA03321",2020-06-04
"CLI03787","CTA03322",2020-04-10
"CLI00933","CTA03323",2020-09-01
"CLI01764","CTA03324",2022-11-14
"CLI01023","CTA03325",2024-03-04
"CLI02206","CTA03326",2025-04-02
"CLI01583","CTA03327",2020-03-16
"CLI01360","CTA03328",2026-07-04
"CLI03582","CTA03329",2020-11-22
"CLI02377","CTA03330",2024-02-24
"CLI01124","CTA03331",2026-02-11
"CLI03107","CTA03332",2024-03-25
"CLI03672","CTA03333",2022-03-30
"CLI03233","CTA03334",2024-02-07
"CLI03065","CTA03335",2020-04-02
"CLI00580","CTA03336",2020-07-10
"CLI02965","CTA03337",2022-09-12
"CLI02411","CTA03338",2021-01-26
"CLI00051","CTA03339",2021-08-22
"CLI01188","CTA03340",2022-04-07
"CLI01499","CTA03341",2021-05-18
"CLI00018","CTA03342",2020-02-17
"CLI00311","CTA03343",2024-07-05
"CLI00483","CTA03344",2020-04-12
"CLI02425","CTA03345",2022-05-04
"CLI03757","CTA03346",2020-09-20
"CLI02174","CTA03347",2020-03-11
"CLI03108","CTA03348",2021-03-06
"CLI01758","CTA03349",2024-05-20
"CLI01106","CTA03350",2023-05-30
"CLI01617","CTA03351",2022-07-23
"CLI02135","CTA03352",2025-03-03
"CLI02613","CTA03353",2021-07-11
"CLI00300","CTA03354",2022-02-23
"CLI02991","CTA03355",2023-08-27
"CLI03795","CTA03356",2026-01-19
"CLI01618","CTA03357",2022-06-17
"CLI00067","CTA03358",2025-10-11
"CLI03497","CTA03359",2021-12-03
"CLI00084","CTA03360",2026-03-24
"CLI01979","CTA03361",2025-07-24
"CLI01588","CTA03362",2024-01-04
"CLI00314","CTA03363",2020-06-18
"CLI01613","CTA03364",2020-03-01
"CLI03841","CTA03365",2023-02-13
"CLI02464","CTA03366",2020-08-31
"CLI02520","CTA03367",2024-07-27
"CLI02394","CTA03368",2026-01-26
"CLI03836","CTA03369",2023-07-15
"CLI03879","CTA03370",2022-09-30
"CLI03492","CTA03371",2026-04-23
"CLI02067","CTA03372",2020-09-03
"CLI03514","CTA03373",2026-06-14
"CLI02203","CTA03374",2021-04-04
"CLI01017","CTA03375",2023-07-17
"CLI02454","CTA03376",2022-03-05
"CLI00956","CTA03377",2024-01-25
"CLI03180","CTA03378",2025-05-28
"CLI00863","CTA03379",2022-05-17
"CLI02796","CTA03380",2025-04-27
"CLI00978","CTA03381",2024-07-09
"CLI03753","CTA03382",2020-11-27
"CLI00228","CTA03383",2025-12-06
"CLI02157","CTA03384",2022-03-23
"CLI02744","CTA03385",2025-12-31
"CLI03758","CTA03386",2025-06-16
"CLI00668","CTA03387",2020-04-28
"CLI02733","CTA03388",2026-03-02
"CLI00846","CTA03389",2020-09-14
"CLI01009","CTA03390",2023-01-23
"CLI00359","CTA03391",2026-06-14
"CLI00159","CTA03392",2020-09-27
"CLI03943","CTA03393",2024-05-06
"CLI01031","CTA03394",2024-05-18
"CLI00441","CTA03395",2024-08-08
"CLI00754","CTA03396",2023-05-17
"CLI02380","CTA03397",2022-08-09
"CLI01046","CTA03398",2025-07-30
"CLI00578","CTA03399",2023-03-12
"CLI01035","CTA03400",2023-09-10
"CLI03321","CTA03401",2024-09-04
"CLI03885","CTA03402",2024-08-25
"CLI00004","CTA03403",2023-03-02
"CLI02589","CTA03404",2023-10-01
"CLI02156","CTA03405",2021-05-26
"CLI00598","CTA03406",2020-08-05
"CLI03153","CTA03407",2026-08-24
"CLI02154","CTA03408",2022-08-08
"CLI01463","CTA03409",2023-03-25
"CLI01808","CTA03410",2024-10-18
"CLI00201","CTA03411",2021-08-07
"CLI00734","CTA03412",2023-08-17
"CLI02344","CTA03413",2022-05-03
"CLI00780","CTA03414",2026-03-28
"CLI00262","CTA03415",2020-05-21
"CLI02822","CTA03416",2026-03-12
"CLI00402","CTA03417",2024-08-07
"CLI00289","CTA03418",2026-06-09
"CLI03085","CTA03419",2020-05-25
"CLI00840","CTA03420",2022-03-13
"CLI00609","CTA03421",2024-12-31
"CLI00238","CTA03422",2020-04-26
"CLI01562","CTA03423",2020-03-02
"CLI02129","CTA03424",2024-05-23
"CLI00385","CTA03425",2025-01-27
"CLI03232","CTA03426",2022-08-11
"CLI00865","CTA03427",2025-04-04
"CLI03764","CTA03428",2020-04-24
"CLI03270","CTA03429",2020-05-02
"CLI03628","CTA03430",2022-11-02
"CLI02268","CTA03431",2024-01-04
"CLI01859","CTA03432",2020-04-21
"CLI00654","CTA03433",2021-08-25
"CLI01413","CTA03434",2024-08-16
"CLI03837","CTA03435",2025-08-20
"CLI02082","CTA03436",2020-09-26
"CLI03730","CTA03437",2021-01-28
"CLI01901","CTA03438",2025-09-27
"CLI03549","CTA03439",2020-09-28
"CLI01291","CTA03440",2023-08-02
"CLI03038","CTA03441",2022-02-22
"CLI02315","CTA03442",2025-08-04
"CLI01016","CTA03443",2026-05-21
"CLI01792","CTA03444",2023-01-12
"CLI01996","CTA03445",2023-09-25
"CLI03521","CTA03446",2022-04-25
"CLI00841","CTA03447",2026-01-02
"CLI02116","CTA03448",2024-07-15
"CLI03798","CTA03449",2024-04-19
"CLI01849","CTA03450",2024-08-04
"CLI02394","CTA03451",2025-03-15
"CLI00546","CTA03452",2022-11-03
"CLI01368","CTA03453",2025-06-07
"CLI03851","CTA03454",2024-08-15
"CLI00232","CTA03455",2023-06-01
"CLI01824","CTA03456",2023-03-17
"CLI00829","CTA03457",2023-06-29
"CLI02193","CTA03458",2024-06-30
"CLI00597","CTA03459",2022-05-01
"CLI02120","CTA03460",2025-12-20
"CLI03520","CTA03461",2022-07-30
"CLI00879","CTA03462",2023-03-31
"CLI01284","CTA03463",2023-01-24
"CLI02739","CTA03464",2021-07-28
"CLI00468","CTA03465",2024-02-05
"CLI03665","CTA03466",2023-11-19
"CLI00007","CTA03467",2025-01-24
"CLI03389","CTA03468",2023-09-22
"CLI02639","CTA03469",2026-02-18
"CLI01004","CTA03470",2020-07-17
"CLI01445","CTA03471",2025-03-08
"CLI03203","CTA03472",2025-11-27
"CLI01909","CTA03473",2021-05-31
"CLI02421","CTA03474",2026-04-30
"CLI00955","CTA03475",2022-05-25
"CLI03130","CTA03476",2026-07-20
"CLI00345","CTA03477",2023-06-12
"CLI01343","CTA03478",2026-05-02
"CLI00605","CTA03479",2023-09-16
"CLI00884","CTA03480",2025-06-25
"CLI01748","CTA03481",2023-03-25
"CLI00921","CTA03482",2020-08-09
"CLI03790","CTA03483",2026-06-25
"CLI02776","CTA03484",2022-05-19
"CLI01211","CTA03485",2020-10-19
"CLI01466","CTA03486",2020-10-24
"CLI01871","CTA03487",2023-04-27
"CLI03307","CTA03488",2024-09-06
"CLI03581","CTA03489",2024-06-26
"CLI02459","CTA03490",2025-01-15
"CLI03989","CTA03491",2024-04-05
"CLI03131","CTA03492",2024-08-04
"CLI03097","CTA03493",2024-05-15
"CLI01067","CTA03494",2022-08-26
"CLI03013","CTA03495",2024-05-25
"CLI01579","CTA03496",2024-04-08
"CLI01074","CTA03497",2024-09-20
"CLI02547","CTA03498",2025-09-02
"CLI03566","CTA03499",2022-06-22
"CLI01927","CTA03500",2022-07-19
"CLI01069","CTA03501",2023-08-30
"CLI00825","CTA03502",2023-09-15
"CLI02468","CTA03503",2022-10-18
"CLI01862","CTA03504",2023-03-10
"CLI03952","CTA03505",2026-07-01
"CLI00869","CTA03506",2024-06-08
"CLI01624","CTA03507",2024-03-06
"CLI00009","CTA03508",2026-08-31
"CLI00780","CTA03509",2022-05-16
"CLI01873","CTA03510",2021-05-17
"CLI03178","CTA03511",2024-07-24
"CLI02851","CTA03512",2020-02-07
"CLI00838","CTA03513",2020-02-01
"CLI03196","CTA03514",2026-06-01
"CLI03522","CTA03515",2025-02-11
"CLI03286","CTA03516",2021-04-14
"CLI00003","CTA03517",2023-04-13
"CLI01712","CTA03518",2021-02-28
"CLI00698","CTA03519",2026-03-31
"CLI03360","CTA03520",2024-09-17
"CLI00207","CTA03521",2020-10-28
"CLI01583","CTA03522",2024-12-02
"CLI01056","CTA03523",2020-06-22
"CLI01292","CTA03524",2021-05-14
"CLI00081","CTA03525",2021-12-13
"CLI02234","CTA03526",2026-03-02
"CLI02850","CTA03527",2026-07-09
"CLI02759","CTA03528",2020-07-14
"CLI02760","CTA03529",2025-07-28
"CLI01403","CTA03530",2021-06-17
"CLI00554","CTA03531",2024-04-16
"CLI00314","CTA03532",2021-09-16
"CLI03872","CTA03533",2023-03-02
"CLI03395","CTA03534",2024-01-19
"CLI03679","CTA03535",2022-05-14
"CLI02156","CTA03536",2026-05-09
"CLI02713","CTA03537",2025-06-15
"CLI03883","CTA03538",2025-07-21
"CLI03077","CTA03539",2022-07-29
"CLI02173","CTA03540",2020-11-04
"CLI02932","CTA03541",2023-01-15
"CLI00131","CTA03542",2021-03-04
"CLI02505","CTA03543",2025-06-17
"CLI01938","CTA03544",2022-05-04
"CLI00460","CTA03545",2025-12-16
"CLI03973","CTA03546",2021-11-25
"CLI02158","CTA03547",2020-10-23
"CLI00235","CTA03548",2024-08-02
"CLI00611","CTA03549",2020-02-25
"CLI01270","CTA03550",2024-09-05
"CLI00142","CTA03551",2024-08-02
"CLI03056","CTA03552",2022-07-11
"CLI03453","CTA03553",2020-04-04
"CLI01619","CTA03554",2025-07-17
"CLI03513","CTA03555",2023-03-16
"CLI00033","CTA03556",2023-07-13
"CLI03868","CTA03557",2020-08-14
"CLI02727","CTA03558",2023-03-22
"CLI01723","CTA03559",2026-01-30
"CLI02551","CTA03560",2021-06-17
"CLI03156","CTA03561",2021-02-14
"CLI03490","CTA03562",2023-04-07
"CLI00830","CTA03563",2025-06-24
"CLI01109","CTA03564",2023-12-17
"CLI00486","CTA03565",2022-08-19
"CLI01029","CTA03566",2024-04-10
"CLI01686","CTA03567",2023-04-27
"CLI02322","CTA03568",2024-08-05
"CLI02586","CTA03569",2023-08-04
"CLI03360","CTA03570",2023-02-03
"CLI00455","CTA03571",2023-09-03
"CLI02902","CTA03572",2021-07-15
"CLI02414","CTA03573",2022-11-06
"CLI01792","CTA03574",2026-01-24
"CLI00026","CTA03575",2021-05-10
"CLI03766","CTA03576",2022-10-26
"CLI00932","CTA03577",2025-12-10
"CLI02425","CTA03578",2024-11-06
"CLI02221","CTA03579",2022-05-28
"CLI00309","CTA03580",2022-10-05
"CLI00513","CTA03581",2021-08-21
"CLI01716","CTA03582",2024-04-11
"CLI03208","CTA03583",2025-04-10
"CLI02195","CTA03584",2025-12-04
"CLI00510","CTA03585",2020-07-19
"CLI02841","CTA03586",2022-09-03
"CLI02458","CTA03587",2022-11-15
"CLI00084","CTA03588",2026-08-07
"CLI01023","CTA03589",2023-10-14
"CLI01213","CTA03590",2026-02-13
"CLI02727","CTA03591",2026-02-06
"CLI00362","CTA03592",2025-05-14
"CLI00329","CTA03593",2022-05-20
"CLI01479","CTA03594",2020-09-12
"CLI00894","CTA03595",2022-08-20
"CLI03589","CTA03596",2021-02-25
"CLI02799","CTA03597",2026-08-15
"CLI03817","CTA03598",2023-03-04
"CLI03619","CTA03599",2022-04-22
"CLI02626","CTA03600",2020-10-07
"CLI03345","CTA03601",2023-06-03
"CLI00213","CTA03602",2020-03-09
"CLI03750","CTA03603",2023-05-13
"CLI02195","CTA03604",2025-11-26
"CLI01613","CTA03605",2023-06-25
"CLI02736","CTA03606",2023-05-24
"CLI03819","CTA03607",2023-08-20
"CLI01421","CTA03608",2020-06-24
"CLI02554","CTA03609",2025-06-09
"CLI02441","CTA03610",2020-05-22
"CLI01561","CTA03611",2020-11-30
"CLI00229","CTA03612",2021-05-29
"CLI01091","CTA03613",2022-09-27
"CLI03534","CTA03614",2021-12-05
"CLI03864","CTA03615",2023-07-20
"CLI01751","CTA03616",2020-10-12
"CLI02411","CTA03617",2020-06-01
"CLI02951","CTA03618",2020-01-09
"CLI02705","CTA03619",2025-06-23
"CLI02819","CTA03620",2025-02-21
"CLI03826","CTA03621",2022-03-26
"CLI02602","CTA03622",2025-05-02
"CLI03758","CTA03623",2021-08-17
"CLI03630","CTA03624",2026-04-17
"CLI02926","CTA03625",2025-10-12
"CLI02425","CTA03626",2026-05-14
"CLI00445","CTA03627",2022-07-03
"CLI02016","CTA03628",2026-02-07
"CLI01929","CTA03629",2024-02-03
"CLI02687","CTA03630",2025-10-25
"CLI02853","CTA03631",2021-05-29
"CLI01361","CTA03632",2022-10-29
"CLI03361","CTA03633",2021-08-27
"CLI02959","CTA03634",2020-08-15
"CLI03600","CTA03635",2022-12-09
"CLI02941","CTA03636",2023-10-27
"CLI03602","CTA03637",2024-04-10
"CLI01616","CTA03638",2021-09-11
"CLI03751","CTA03639",2022-11-24
"CLI03775","CTA03640",2024-11-23
"CLI00405","CTA03641",2022-06-24
"CLI02032","CTA03642",2022-12-18
"CLI03816","CTA03643",2023-09-22
"CLI03998","CTA03644",2020-08-08
"CLI03128","CTA03645",2022-08-25
"CLI02857","CTA03646",2021-01-04
"CLI03716","CTA03647",2025-07-23
"CLI02039","CTA03648",2024-11-15
"CLI01466","CTA03649",2025-07-26
"CLI02686","CTA03650",2021-10-06
"CLI00081","CTA03651",2025-11-16
"CLI00970","CTA03652",2025-10-04
"CLI00637","CTA03653",2023-04-14
"CLI02052","CTA03654",2024-11-07
"CLI02187","CTA03655",2024-09-03
"CLI00959","CTA03656",2025-09-07
"CLI02819","CTA03657",2024-11-23
"CLI01905","CTA03658",2020-09-17
"CLI00326","CTA03659",2022-04-06
"CLI02714","CTA03660",2026-06-26
"CLI03627","CTA03661",2024-12-25
"CLI03435","CTA03662",2024-04-03
"CLI02430","CTA03663",2023-01-15
"CLI03742","CTA03664",2020-12-09
"CLI02093","CTA03665",2020-12-05
"CLI00389","CTA03666",2023-10-19
"CLI02440","CTA03667",2022-03-23
"CLI01017","CTA03668",2026-08-29
"CLI01282","CTA03669",2024-08-20
"CLI01780","CTA03670",2021-04-01
"CLI02178","CTA03671",2022-11-02
"CLI03281","CTA03672",2023-03-06
"CLI03740","CTA03673",2024-03-26
"CLI00880","CTA03674",2026-05-02
"CLI01182","CTA03675",2023-10-22
"CLI01764","CTA03676",2020-12-12
"CLI01687","CTA03677",2023-01-17
"CLI02047","CTA03678",2025-04-13
"CLI00081","CTA03679",2023-09-15
"CLI03349","CTA03680",2023-12-25
"CLI03864","CTA03681",2020-05-29
"CLI00571","CTA03682",2021-07-29
"CLI00056","CTA03683",2020-08-31
"CLI00596","CTA03684",2025-02-27
"CLI02378","CTA03685",2024-09-19
"CLI01342","CTA03686",2024-10-01
"CLI03585","CTA03687",2020-05-26
"CLI01457","CTA03688",2024-08-11
"CLI01464","CTA03689",2022-01-05
"CLI01771","CTA03690",2020-05-16
"CLI01840","CTA03691",2024-12-18
"CLI01564","CTA03692",2025-01-26
"CLI03511","CTA03693",2021-10-27
"CLI02478","CTA03694",2024-02-01
"CLI03088","CTA03695",2025-12-03
"CLI00156","CTA03696",2026-06-23
"CLI03562","CTA03697",2020-12-06
"CLI03939","CTA03698",2024-06-02
"CLI02735","CTA03699",2025-12-23
"CLI01895","CTA03700",2021-03-26
"CLI01624","CTA03701",2021-04-18
"CLI03430","CTA03702",2023-03-14
"CLI03993","CTA03703",2024-08-07
"CLI02620","CTA03704",2020-02-23
"CLI02554","CTA03705",2024-05-28
"CLI02028","CTA03706",2023-05-15
"CLI03509","CTA03707",2024-01-11
"CLI01268","CTA03708",2026-03-24
"CLI01738","CTA03709",2024-01-04
"CLI02204","CTA03710",2021-11-15
"CLI03040","CTA03711",2020-01-26
"CLI02739","CTA03712",2023-11-03
"CLI01855","CTA03713",2022-04-19
"CLI03907","CTA03714",2025-05-22
"CLI02058","CTA03715",2021-04-01
"CLI01399","CTA03716",2022-02-26
"CLI03031","CTA03717",2023-06-15
"CLI02653","CTA03718",2023-10-28
"CLI02872","CTA03719",2022-12-07
"CLI00329","CTA03720",2020-10-25
"CLI01601","CTA03721",2020-09-27
"CLI03726","CTA03722",2024-10-26
"CLI01485","CTA03723",2026-05-19
"CLI00800","CTA03724",2022-10-18
"CLI02445","CTA03725",2026-08-26
"CLI01854","CTA03726",2021-01-03
"CLI01115","CTA03727",2022-12-17
"CLI02515","CTA03728",2024-10-12
"CLI03475","CTA03729",2025-09-08
"CLI03856","CTA03730",2026-01-11
"CLI00566","CTA03731",2026-07-25
"CLI02659","CTA03732",2025-03-07
"CLI00048","CTA03733",2022-09-01
"CLI00679","CTA03734",2024-03-13
"CLI03394","CTA03735",2020-04-09
"CLI03770","CTA03736",2021-07-05
"CLI00856","CTA03737",2024-11-17
"CLI03712","CTA03738",2021-09-04
"CLI02151","CTA03739",2021-09-07
"CLI03591","CTA03740",2021-12-14
"CLI01622","CTA03741",2024-03-11
"CLI03834","CTA03742",2022-06-09
"CLI03175","CTA03743",2025-10-18
"CLI00916","CTA03744",2026-05-12
"CLI02570","CTA03745",2025-01-17
"CLI00882","CTA03746",2022-07-28
"CLI01860","CTA03747",2023-01-10
"CLI00427","CTA03748",2024-02-28
"CLI00174","CTA03749",2021-02-05
"CLI03030","CTA03750",2025-01-14
"CLI03933","CTA03751",2024-02-26
"CLI03474","CTA03752",2021-04-30
"CLI00955","CTA03753",2021-07-02
"CLI00888","CTA03754",2025-07-18
"CLI00047","CTA03755",2020-07-06
"CLI01290","CTA03756",2025-05-06
"CLI01592","CTA03757",2021-04-20
"CLI00930","CTA03758",2026-01-16
"CLI02519","CTA03759",2024-06-05
"CLI00289","CTA03760",2025-11-26
"CLI01598","CTA03761",2022-03-03
"CLI02283","CTA03762",2025-08-19
"CLI01598","CTA03763",2025-02-06
"CLI01988","CTA03764",2021-08-18
"CLI03036","CTA03765",2023-11-27
"CLI00285","CTA03766",2023-06-22
"CLI01378","CTA03767",2026-08-12
"CLI01186","CTA03768",2022-05-13
"CLI02775","CTA03769",2023-08-27
"CLI02909","CTA03770",2025-03-24
"CLI02414","CTA03771",2024-02-04
"CLI01405","CTA03772",2022-08-02
"CLI01108","CTA03773",2021-08-09
"CLI01321","CTA03774",2020-05-16
"CLI01679","CTA03775",2025-09-11
"CLI01950","CTA03776",2024-06-04
"CLI01736","CTA03777",2021-09-13
"CLI00121","CTA03778",2020-12-09
"CLI01441","CTA03779",2022-05-02
"CLI01011","CTA03780",2023-01-11
"CLI03529","CTA03781",2021-11-14
"CLI01930","CTA03782",2024-05-02
"CLI01159","CTA03783",2021-11-12
"CLI01472","CTA03784",2024-02-25
"CLI02131","CTA03785",2023-11-08
"CLI00086","CTA03786",2023-01-30
"CLI01215","CTA03787",2025-08-02
"CLI01970","CTA03788",2026-05-16
"CLI03456","CTA03789",2026-03-22
"CLI00515","CTA03790",2024-01-04
"CLI01629","CTA03791",2023-05-01
"CLI01327","CTA03792",2020-09-15
"CLI03515","CTA03793",2023-01-09
"CLI03940","CTA03794",2022-09-25
"CLI03184","CTA03795",2021-07-23
"CLI01965","CTA03796",2021-07-12
"CLI00846","CTA03797",2022-01-26
"CLI02420","CTA03798",2025-08-26
"CLI03089","CTA03799",2025-07-05
"CLI00114","CTA03800",2020-10-12
"CLI02411","CTA03801",2024-10-15
"CLI01580","CTA03802",2026-02-10
"CLI01538","CTA03803",2026-07-20
"CLI01636","CTA03804",2023-04-12
"CLI01683","CTA03805",2023-10-18
"CLI01273","CTA03806",2025-08-23
"CLI02425","CTA03807",2024-12-03
"CLI00049","CTA03808",2020-02-18
"CLI00228","CTA03809",2021-01-22
"CLI02788","CTA03810",2025-10-11
"CLI02554","CTA03811",2023-04-20
"CLI03882","CTA03812",2023-12-07
"CLI02902","CTA03813",2021-12-27
"CLI02766","CTA03814",2023-08-31
"CLI02807","CTA03815",2024-07-15
"CLI00682","CTA03816",2024-03-15
"CLI03147","CTA03817",2024-10-05
"CLI02752","CTA03818",2025-01-28
"CLI03264","CTA03819",2023-07-09
"CLI02373","CTA03820",2021-08-20
"CLI03133","CTA03821",2026-08-15
"CLI00182","CTA03822",2024-07-30
"CLI02633","CTA03823",2026-04-02
"CLI01985","CTA03824",2022-11-21
"CLI00580","CTA03825",2025-07-05
"CLI03677","CTA03826",2023-07-20
"CLI01909","CTA03827",2022-10-25
"CLI03307","CTA03828",2024-07-02
"CLI00613","CTA03829",2022-09-03
"CLI03002","CTA03830",2024-05-16
"CLI03674","CTA03831",2025-11-02
"CLI03331","CTA03832",2023-01-25
"CLI02100","CTA03833",2021-05-13
"CLI03397","CTA03834",2020-10-05
"CLI02024","CTA03835",2024-05-15
"CLI03471","CTA03836",2024-07-10
"CLI02574","CTA03837",2022-03-31
"CLI02386","CTA03838",2021-11-04
"CLI01549","CTA03839",2023-07-05
"CLI01082","CTA03840",2020-05-16
"CLI02332","CTA03841",2023-04-19
"CLI00985","CTA03842",2024-01-11
"CLI00003","CTA03843",2025-07-09
"CLI00112","CTA03844",2026-03-18
"CLI01955","CTA03845",2024-05-19
"CLI01268","CTA03846",2021-12-24
"CLI03785","CTA03847",2023-06-23
"CLI00491","CTA03848",2022-03-08
"CLI03626","CTA03849",2023-04-15
"CLI01352","CTA03850",2021-12-01
"CLI02580","CTA03851",2023-09-14
"CLI00949","CTA03852",2025-12-09
"CLI02382","CTA03853",2023-04-12
"CLI03688","CTA03854",2023-12-28
"CLI03331","CTA03855",2020-12-24
"CLI02173","CTA03856",2022-02-15
"CLI01424","CTA03857",2026-03-27
"CLI02633","CTA03858",2023-08-16
"CLI02384","CTA03859",2022-10-30
"CLI00575","CTA03860",2026-02-12
"CLI03041","CTA03861",2023-08-03
"CLI02638","CTA03862",2020-10-28
"CLI02905","CTA03863",2023-08-08
"CLI02499","CTA03864",2026-02-22
"CLI00615","CTA03865",2025-08-20
"CLI00072","CTA03866",2020-10-13
"CLI03589","CTA03867",2026-02-01
"CLI01494","CTA03868",2023-08-08
"CLI01668","CTA03869",2024-10-13
"CLI01033","CTA03870",2020-04-08
"CLI01565","CTA03871",2022-02-23
"CLI01585","CTA03872",2022-03-13
"CLI02673","CTA03873",2021-04-21
"CLI01477","CTA03874",2023-09-11
"CLI02603","CTA03875",2020-11-28
"CLI01008","CTA03876",2022-09-08
"CLI03659","CTA03877",2020-07-10
"CLI02298","CTA03878",2023-07-08
"CLI02097","CTA03879",2025-12-25
"CLI00648","CTA03880",2025-05-27
"CLI01933","CTA03881",2024-05-15
"CLI02218","CTA03882",2022-03-02
"CLI01422","CTA03883",2025-03-15
"CLI01061","CTA03884",2021-07-17
"CLI03736","CTA03885",2023-01-03
"CLI02262","CTA03886",2022-07-26
"CLI00725","CTA03887",2024-12-30
"CLI02910","CTA03888",2023-01-24
"CLI02459","CTA03889",2020-06-04
"CLI02613","CTA03890",2020-06-26
"CLI02896","CTA03891",2020-03-29
"CLI03726","CTA03892",2024-07-23
"CLI02956","CTA03893",2020-09-25
"CLI03785","CTA03894",2023-12-20
"CLI00418","CTA03895",2025-07-26
"CLI02733","CTA03896",2022-03-01
"CLI02388","CTA03897",2020-06-11
"CLI02061","CTA03898",2024-06-29
"CLI01019","CTA03899",2024-07-01
"CLI02643","CTA03900",2026-01-18
"CLI02772","CTA03901",2022-05-09
"CLI03259","CTA03902",2024-06-28
"CLI01468","CTA03903",2024-02-11
"CLI02102","CTA03904",2022-07-16
"CLI02341","CTA03905",2022-05-15
"CLI00348","CTA03906",2023-01-16
"CLI01164","CTA03907",2026-03-03
"CLI01435","CTA03908",2024-07-18
"CLI00132","CTA03909",2022-01-07
"CLI01981","CTA03910",2020-04-05
"CLI02881","CTA03911",2022-11-17
"CLI01941","CTA03912",2026-07-19
"CLI01216","CTA03913",2025-08-09
"CLI01434","CTA03914",2022-08-13
"CLI01521","CTA03915",2024-10-05
"CLI03514","CTA03916",2023-05-04
"CLI01496","CTA03917",2021-05-09
"CLI00498","CTA03918",2021-03-01
"CLI03172","CTA03919",2021-10-21
"CLI01893","CTA03920",2020-11-13
"CLI00304","CTA03921",2021-06-19
"CLI03001","CTA03922",2020-03-17
"CLI01545","CTA03923",2025-06-07
"CLI00723","CTA03924",2026-03-01
"CLI00105","CTA03925",2024-09-27
"CLI02274","CTA03926",2020-08-05
"CLI02402","CTA03927",2025-04-25
"CLI02708","CTA03928",2026-06-03
"CLI03720","CTA03929",2026-01-24
"CLI02592","CTA03930",2023-07-13
"CLI01292","CTA03931",2021-08-10
"CLI03978","CTA03932",2021-06-01
"CLI02628","CTA03933",2025-11-17
"CLI01123","CTA03934",2026-04-29
"CLI03318","CTA03935",2020-11-23
"CLI03272","CTA03936",2023-05-29
"CLI01518","CTA03937",2024-05-18
"CLI03764","CTA03938",2026-05-26
"CLI02160","CTA03939",2023-03-15
"CLI02015","CTA03940",2024-09-05
"CLI03324","CTA03941",2026-03-09
"CLI00345","CTA03942",2023-02-01
"CLI00418","CTA03943",2025-08-25
"CLI00859","CTA03944",2025-05-18
"CLI01399","CTA03945",2026-04-29
"CLI00527","CTA03946",2022-02-12
"CLI00964","CTA03947",2021-01-17
"CLI01519","CTA03948",2023-09-20
"CLI03570","CTA03949",2021-07-22
"CLI02297","CTA03950",2023-07-28
"CLI02072","CTA03951",2024-10-05
"CLI03144","CTA03952",2021-05-29
"CLI03685","CTA03953",2025-01-09
"CLI01713","CTA03954",2026-04-09
"CLI00108","CTA03955",2022-09-03
"CLI01793","CTA03956",2022-10-04
"CLI00026","CTA03957",2024-09-09
"CLI01959","CTA03958",2020-01-15
"CLI02364","CTA03959",2022-11-21
"CLI02342","CTA03960",2026-02-26
"CLI02324","CTA03961",2023-03-18
"CLI02808","CTA03962",2022-06-03
"CLI03166","CTA03963",2023-08-25
"CLI01623","CTA03964",2022-01-09
"CLI00699","CTA03965",2023-07-09
"CLI03374","CTA03966",2026-07-18
"CLI01308","CTA03967",2020-06-27
"CLI00624","CTA03968",2022-09-21
"CLI02229","CTA03969",2022-11-10
"CLI01749","CTA03970",2022-10-24
"CLI00573","CTA03971",2023-09-14
"CLI03669","CTA03972",2022-11-20
"CLI03974","CTA03973",2025-02-08
"CLI03150","CTA03974",2025-06-24
"CLI02515","CTA03975",2024-06-19
"CLI01786","CTA03976",2022-03-20
"CLI02465","CTA03977",2022-03-05
"CLI01872","CTA03978",2022-04-17
"CLI00046","CTA03979",2025-12-06
"CLI00881","CTA03980",2021-09-23
"CLI02490","CTA03981",2020-05-07
"CLI02369","CTA03982",2022-10-19
"CLI01179","CTA03983",2022-03-16
"CLI02474","CTA03984",2020-06-02
"CLI01007","CTA03985",2023-12-04
"CLI02680","CTA03986",2026-08-13
"CLI02580","CTA03987",2020-06-16
"CLI02411","CTA03988",2025-07-09
"CLI00772","CTA03989",2024-02-07
"CLI03764","CTA03990",2024-11-17
"CLI00266","CTA03991",2022-04-17
"CLI00936","CTA03992",2021-11-05
"CLI02434","CTA03993",2024-09-15
"CLI02630","CTA03994",2024-03-25
"CLI00289","CTA03995",2022-10-18
"CLI01209","CTA03996",2022-05-11
"CLI02371","CTA03997",2020-12-17
"CLI01581","CTA03998",2022-07-02
"CLI02332","CTA03999",2020-11-21
"CLI01113","CTA04000",2025-10-12
"CLI02038","CTA04001",2020-07-01
"CLI03457","CTA04002",2021-08-17
"CLI02767","CTA04003",2022-06-21
"CLI00629","CTA04004",2024-06-25
"CLI00269","CTA04005",2025-03-10
"CLI01343","CTA04006",2020-07-11
"CLI02735","CTA04007",2022-03-15
"CLI03604","CTA04008",2025-09-06
"CLI00381","CTA04009",2020-01-01
"CLI02894","CTA04010",2024-06-02
"CLI02466","CTA04011",2026-05-01
"CLI01298","CTA04012",2024-10-31
"CLI02912","CTA04013",2024-03-28
"CLI03556","CTA04014",2024-08-09
"CLI00430","CTA04015",2023-06-23
"CLI02285","CTA04016",2022-04-15
"CLI03182","CTA04017",2020-10-17
"CLI03760","CTA04018",2020-08-05
"CLI00053","CTA04019",2024-11-28
"CLI03880","CTA04020",2020-10-01
"CLI00185","CTA04021",2020-03-24
"CLI02413","CTA04022",2021-04-18
"CLI03748","CTA04023",2023-07-19
"CLI01989","CTA04024",2020-01-10
"CLI03980","CTA04025",2023-03-23
"CLI02641","CTA04026",2023-01-06
"CLI03735","CTA04027",2022-01-17
"CLI03797","CTA04028",2023-11-19
"CLI00343","CTA04029",2024-06-16
"CLI01732","CTA04030",2022-10-30
"CLI00078","CTA04031",2020-09-08
"CLI00016","CTA04032",2024-03-26
"CLI00563","CTA04033",2022-10-13
"CLI00421","CTA04034",2024-11-27
"CLI00164","CTA04035",2022-01-08
"CLI01536","CTA04036",2026-05-09
"CLI01818","CTA04037",2021-01-09
"CLI03006","CTA04038",2022-12-11
"CLI03162","CTA04039",2026-07-18
"CLI02973","CTA04040",2024-01-13
"CLI01409","CTA04041",2023-09-30
"CLI02763","CTA04042",2021-02-25
"CLI03399","CTA04043",2026-01-31
"CLI03024","CTA04044",2024-03-17
"CLI01705","CTA04045",2024-11-15
"CLI02873","CTA04046",2023-02-25
"CLI03692","CTA04047",2025-09-25
"CLI00408","CTA04048",2020-11-09
"CLI00529","CTA04049",2021-11-30
"CLI00821","CTA04050",2020-09-24
"CLI02881","CTA04051",2023-03-27
"CLI02070","CTA04052",2022-02-15
"CLI03693","CTA04053",2026-01-11
"CLI02534","CTA04054",2022-12-07
"CLI03640","CTA04055",2021-10-29
"CLI03936","CTA04056",2021-09-09
"CLI01154","CTA04057",2025-07-16
"CLI02208","CTA04058",2026-07-28
"CLI00159","CTA04059",2022-12-09
"CLI02629","CTA04060",2020-01-12
"CLI00847","CTA04061",2020-08-08
"CLI00926","CTA04062",2024-04-10
"CLI03492","CTA04063",2020-12-23
"CLI00680","CTA04064",2024-10-24
"CLI00339","CTA04065",2023-03-24
"CLI03460","CTA04066",2025-07-12
"CLI02345","CTA04067",2023-03-16
"CLI02983","CTA04068",2025-02-13
"CLI02777","CTA04069",2025-06-13
"CLI02302","CTA04070",2025-02-22
"CLI03201","CTA04071",2025-03-31
"CLI02233","CTA04072",2021-12-12
"CLI02392","CTA04073",2022-04-26
"CLI02839","CTA04074",2022-11-11
"CLI01410","CTA04075",2022-07-17
"CLI00493","CTA04076",2020-01-04
"CLI02927","CTA04077",2022-03-23
"CLI00064","CTA04078",2023-10-11
"CLI01227","CTA04079",2025-06-12
"CLI01654","CTA04080",2024-03-26
"CLI03314","CTA04081",2020-11-20
"CLI02040","CTA04082",2022-12-10
"CLI02346","CTA04083",2025-07-22
"CLI01145","CTA04084",2022-08-30
"CLI00442","CTA04085",2024-07-17
"CLI02442","CTA04086",2022-05-12
"CLI00388","CTA04087",2020-02-07
"CLI01381","CTA04088",2022-07-30
"CLI03991","CTA04089",2020-03-28
"CLI01170","CTA04090",2021-09-26
"CLI01613","CTA04091",2023-07-27
"CLI01876","CTA04092",2022-05-23
"CLI03794","CTA04093",2025-03-19
"CLI00691","CTA04094",2025-01-21
"CLI00435","CTA04095",2021-10-29
"CLI02388","CTA04096",2020-10-07
"CLI00760","CTA04097",2022-06-04
"CLI03235","CTA04098",2022-06-01
"CLI02676","CTA04099",2022-02-23
"CLI00858","CTA04100",2025-05-15
"CLI00586","CTA04101",2022-09-03
"CLI02135","CTA04102",2024-04-02
"CLI01262","CTA04103",2025-05-28
"CLI00797","CTA04104",2022-08-27
"CLI03545","CTA04105",2022-08-09
"CLI01166","CTA04106",2023-09-10
"CLI00909","CTA04107",2022-12-20
"CLI01601","CTA04108",2022-06-20
"CLI03147","CTA04109",2025-05-10
"CLI03581","CTA04110",2022-05-19
"CLI02043","CTA04111",2025-05-28
"CLI00675","CTA04112",2023-10-16
"CLI03214","CTA04113",2020-10-07
"CLI00316","CTA04114",2026-04-04
"CLI01240","CTA04115",2026-07-07
"CLI02944","CTA04116",2020-10-22
"CLI00380","CTA04117",2025-10-11
"CLI01323","CTA04118",2022-09-21
"CLI02266","CTA04119",2021-08-04
"CLI02725","CTA04120",2025-11-16
"CLI00308","CTA04121",2025-11-19
"CLI03805","CTA04122",2024-10-01
"CLI00280","CTA04123",2025-09-22
"CLI02067","CTA04124",2026-03-02
"CLI00093","CTA04125",2023-08-06
"CLI02577","CTA04126",2025-08-02
"CLI01607","CTA04127",2024-06-22
"CLI01241","CTA04128",2026-07-06
"CLI02523","CTA04129",2023-11-25
"CLI02344","CTA04130",2022-02-23
"CLI01402","CTA04131",2020-05-23
"CLI00184","CTA04132",2025-08-05
"CLI00456","CTA04133",2020-06-29
"CLI00798","CTA04134",2022-07-09
"CLI02480","CTA04135",2021-09-19
"CLI00914","CTA04136",2021-06-16
"CLI02625","CTA04137",2022-10-31
"CLI02135","CTA04138",2023-04-10
"CLI03558","CTA04139",2023-04-25
"CLI02361","CTA04140",2026-07-02
"CLI03382","CTA04141",2023-03-29
"CLI03776","CTA04142",2024-12-12
"CLI02712","CTA04143",2023-12-19
"CLI00839","CTA04144",2022-09-26
"CLI01244","CTA04145",2023-10-10
"CLI00671","CTA04146",2023-08-25
"CLI03816","CTA04147",2023-09-16
"CLI00468","CTA04148",2025-02-15
"CLI00240","CTA04149",2021-08-12
"CLI02301","CTA04150",2025-08-21
"CLI02454","CTA04151",2022-10-25
"CLI02100","CTA04152",2021-11-13
"CLI03115","CTA04153",2023-05-06
"CLI01020","CTA04154",2022-12-25
"CLI01441","CTA04155",2025-05-17
"CLI01987","CTA04156",2022-07-02
"CLI00487","CTA04157",2022-08-11
"CLI00286","CTA04158",2025-04-22
"CLI00624","CTA04159",2022-03-16
"CLI01343","CTA04160",2023-08-13
"CLI01284","CTA04161",2023-07-27
"CLI03702","CTA04162",2023-04-26
"CLI03915","CTA04163",2020-02-27
"CLI01220","CTA04164",2022-12-30
"CLI03977","CTA04165",2025-03-26
"CLI01156","CTA04166",2021-02-04
"CLI01869","CTA04167",2025-06-14
"CLI03409","CTA04168",2021-11-25
"CLI00421","CTA04169",2020-12-08
"CLI01075","CTA04170",2023-09-01
"CLI03214","CTA04171",2021-07-10
"CLI00756","CTA04172",2024-04-12
"CLI00995","CTA04173",2021-12-19
"CLI02306","CTA04174",2025-10-11
"CLI02519","CTA04175",2023-11-22
"CLI02490","CTA04176",2026-02-25
"CLI02864","CTA04177",2024-10-08
"CLI01801","CTA04178",2021-07-03
"CLI02135","CTA04179",2025-08-21
"CLI01223","CTA04180",2020-10-20
"CLI01236","CTA04181",2020-12-06
"CLI02454","CTA04182",2020-12-04
"CLI01595","CTA04183",2024-10-11
"CLI02117","CTA04184",2022-12-13
"CLI03319","CTA04185",2020-11-15
"CLI03030","CTA04186",2020-12-02
"CLI03308","CTA04187",2026-05-05
"CLI02978","CTA04188",2021-12-15
"CLI01612","CTA04189",2022-06-08
"CLI03762","CTA04190",2023-12-04
"CLI00039","CTA04191",2026-01-26
"CLI03636","CTA04192",2020-01-31
"CLI00998","CTA04193",2021-09-22
"CLI01014","CTA04194",2022-12-24
"CLI02932","CTA04195",2026-06-21
"CLI01980","CTA04196",2021-03-08
"CLI00082","CTA04197",2024-05-14
"CLI02110","CTA04198",2023-08-22
"CLI03793","CTA04199",2023-12-22
"CLI02107","CTA04200",2022-07-17
"CLI03646","CTA04201",2020-08-19
"CLI00413","CTA04202",2021-08-15
"CLI00139","CTA04203",2025-06-08
"CLI01072","CTA04204",2023-10-09
"CLI02353","CTA04205",2021-01-15
"CLI01978","CTA04206",2026-02-24
"CLI01094","CTA04207",2023-12-06
"CLI01153","CTA04208",2022-04-22
"CLI02411","CTA04209",2026-06-26
"CLI01388","CTA04210",2026-01-17
"CLI00615","CTA04211",2020-07-09
"CLI03768","CTA04212",2020-11-03
"CLI02006","CTA04213",2025-02-07
"CLI00323","CTA04214",2022-02-02
"CLI00340","CTA04215",2023-10-20
"CLI02275","CTA04216",2020-09-25
"CLI03014","CTA04217",2024-04-05
"CLI03451","CTA04218",2025-02-03
"CLI02768","CTA04219",2024-09-07
"CLI02643","CTA04220",2023-07-19
"CLI02622","CTA04221",2021-01-06
"CLI00314","CTA04222",2024-05-08
"CLI02770","CTA04223",2022-09-19
"CLI02410","CTA04224",2026-02-16
"CLI01186","CTA04225",2023-02-04
"CLI00763","CTA04226",2022-02-06
"CLI01708","CTA04227",2024-12-05
"CLI03891","CTA04228",2024-03-26
"CLI02107","CTA04229",2024-12-26
"CLI02836","CTA04230",2025-03-08
"CLI02194","CTA04231",2023-08-09
"CLI01963","CTA04232",2023-01-05
"CLI02195","CTA04233",2024-06-04
"CLI01341","CTA04234",2026-02-27
"CLI01088","CTA04235",2022-08-07
"CLI02580","CTA04236",2026-02-06
"CLI01905","CTA04237",2024-03-09
"CLI02085","CTA04238",2022-03-30
"CLI02086","CTA04239",2022-04-06
"CLI03976","CTA04240",2022-10-14
"CLI01274","CTA04241",2020-03-24
"CLI01261","CTA04242",2021-10-09
"CLI03062","CTA04243",2025-02-15
"CLI03858","CTA04244",2024-10-05
"CLI03846","CTA04245",2020-11-04
"CLI02824","CTA04246",2026-02-14
"CLI02788","CTA04247",2024-05-06
"CLI00673","CTA04248",2022-05-22
"CLI00912","CTA04249",2021-02-28
"CLI03386","CTA04250",2021-04-21
"CLI03661","CTA04251",2022-11-26
"CLI03205","CTA04252",2021-08-16
"CLI00797","CTA04253",2023-09-13
"CLI00062","CTA04254",2024-07-28
"CLI03788","CTA04255",2023-06-15
"CLI00919","CTA04256",2026-01-20
"CLI00591","CTA04257",2022-06-30
"CLI00154","CTA04258",2021-11-05
"CLI03954","CTA04259",2022-12-01
"CLI03602","CTA04260",2026-05-30
"CLI00029","CTA04261",2021-03-04
"CLI00012","CTA04262",2021-07-20
"CLI03994","CTA04263",2023-12-12
"CLI00604","CTA04264",2026-08-15
"CLI03602","CTA04265",2023-04-10
"CLI02529","CTA04266",2020-12-02
"CLI02107","CTA04267",2026-01-30
"CLI02675","CTA04268",2021-02-13
"CLI03464","CTA04269",2021-09-15
"CLI02472","CTA04270",2024-07-09
"CLI03286","CTA04271",2020-04-01
"CLI03839","CTA04272",2023-06-08
"CLI02750","CTA04273",2020-07-09
"CLI03647","CTA04274",2025-03-26
"CLI03690","CTA04275",2023-03-07
"CLI02304","CTA04276",2020-08-16
"CLI01236","CTA04277",2020-05-18
"CLI02245","CTA04278",2020-11-22
"CLI01910","CTA04279",2026-03-31
"CLI02830","CTA04280",2022-10-17
"CLI03083","CTA04281",2025-02-23
"CLI00245","CTA04282",2025-08-25
"CLI00262","CTA04283",2023-05-21
"CLI03001","CTA04284",2025-10-28
"CLI03925","CTA04285",2026-04-27
"CLI00630","CTA04286",2021-07-14
"CLI03086","CTA04287",2023-07-27
"CLI00851","CTA04288",2022-04-02
"CLI02166","CTA04289",2023-11-17
"CLI02222","CTA04290",2024-07-03
"CLI02485","CTA04291",2023-06-23
"CLI02073","CTA04292",2020-11-01
"CLI00583","CTA04293",2021-09-28
"CLI00096","CTA04294",2024-01-04
"CLI00830","CTA04295",2023-05-13
"CLI01700","CTA04296",2025-12-04
"CLI00404","CTA04297",2021-12-13
"CLI03301","CTA04298",2026-01-28
"CLI03250","CTA04299",2025-07-27
"CLI00630","CTA04300",2021-10-25
"CLI00677","CTA04301",2023-04-19
"CLI01219","CTA04302",2020-08-16
"CLI00714","CTA04303",2026-05-02
"CLI03665","CTA04304",2020-08-19
"CLI01684","CTA04305",2024-06-19
"CLI01866","CTA04306",2020-07-03
"CLI02621","CTA04307",2023-07-29
"CLI00983","CTA04308",2022-12-23
"CLI03155","CTA04309",2020-10-13
"CLI00373","CTA04310",2021-12-20
"CLI01220","CTA04311",2022-01-09
"CLI01671","CTA04312",2025-11-03
"CLI02325","CTA04313",2023-06-15
"CLI01578","CTA04314",2022-01-14
"CLI03259","CTA04315",2022-06-29
"CLI00855","CTA04316",2020-03-06
"CLI00862","CTA04317",2020-01-25
"CLI02046","CTA04318",2025-07-04
"CLI02024","CTA04319",2026-02-14
"CLI02815","CTA04320",2021-06-11
"CLI02716","CTA04321",2021-09-13
"CLI03855","CTA04322",2021-06-19
"CLI03652","CTA04323",2022-07-31
"CLI03799","CTA04324",2022-08-19
"CLI02679","CTA04325",2025-03-13
"CLI01005","CTA04326",2020-02-04
"CLI01806","CTA04327",2025-09-23
"CLI00184","CTA04328",2021-10-14
"CLI02694","CTA04329",2025-08-28
"CLI00271","CTA04330",2023-03-17
"CLI00712","CTA04331",2022-01-11
"CLI01759","CTA04332",2026-01-08
"CLI00904","CTA04333",2023-02-04
"CLI01658","CTA04334",2023-02-06
"CLI03065","CTA04335",2021-08-13
"CLI03102","CTA04336",2023-12-09
"CLI03269","CTA04337",2021-10-05
"CLI00652","CTA04338",2021-10-21
"CLI03046","CTA04339",2025-01-21
"CLI02189","CTA04340",2023-05-22
"CLI00286","CTA04341",2025-01-22
"CLI00649","CTA04342",2026-05-24
"CLI03840","CTA04343",2020-02-18
"CLI01476","CTA04344",2021-03-28
"CLI03716","CTA04345",2021-08-24
"CLI02154","CTA04346",2025-10-21
"CLI00616","CTA04347",2023-02-06
"CLI03383","CTA04348",2023-09-23
"CLI01609","CTA04349",2025-03-23
"CLI01490","CTA04350",2021-01-09
"CLI02701","CTA04351",2026-02-22
"CLI01111","CTA04352",2025-11-26
"CLI01077","CTA04353",2024-11-10
"CLI02675","CTA04354",2026-02-06
"CLI00668","CTA04355",2025-07-28
"CLI01549","CTA04356",2023-06-26
"CLI03974","CTA04357",2024-12-03
"CLI01972","CTA04358",2024-02-12
"CLI01171","CTA04359",2020-01-14
"CLI03279","CTA04360",2021-01-09
"CLI00048","CTA04361",2023-11-26
"CLI01180","CTA04362",2023-09-03
"CLI03962","CTA04363",2025-12-11
"CLI02899","CTA04364",2024-01-04
"CLI00808","CTA04365",2025-01-15
"CLI00889","CTA04366",2020-12-14
"CLI03448","CTA04367",2024-06-09
"CLI01952","CTA04368",2025-09-10
"CLI03154","CTA04369",2023-10-09
"CLI00062","CTA04370",2020-01-18
"CLI00662","CTA04371",2021-04-08
"CLI02043","CTA04372",2025-10-16
"CLI03260","CTA04373",2020-04-02
"CLI01101","CTA04374",2025-06-03
"CLI03444","CTA04375",2021-12-03
"CLI02677","CTA04376",2025-12-22
"CLI03756","CTA04377",2021-04-29
"CLI02834","CTA04378",2021-12-11
"CLI03485","CTA04379",2020-10-16
"CLI03898","CTA04380",2022-10-18
"CLI03353","CTA04381",2022-09-25
"CLI01650","CTA04382",2025-09-30
"CLI00411","CTA04383",2022-05-03
"CLI03046","CTA04384",2026-01-03
"CLI03271","CTA04385",2022-03-31
"CLI00769","CTA04386",2021-08-04
"CLI03495","CTA04387",2020-03-16
"CLI01714","CTA04388",2023-09-30
"CLI02647","CTA04389",2024-04-28
"CLI01637","CTA04390",2023-05-11
"CLI01813","CTA04391",2020-07-09
"CLI01509","CTA04392",2024-01-23
"CLI02158","CTA04393",2020-04-13
"CLI03727","CTA04394",2023-12-21
"CLI01855","CTA04395",2021-01-29
"CLI01631","CTA04396",2022-07-11
"CLI00290","CTA04397",2020-09-18
"CLI02536","CTA04398",2021-01-23
"CLI01907","CTA04399",2021-01-17
"CLI02742","CTA04400",2020-05-03
"CLI03879","CTA04401",2025-11-21
"CLI02731","CTA04402",2024-03-22
"CLI03688","CTA04403",2020-10-25
"CLI00079","CTA04404",2020-08-28
"CLI01064","CTA04405",2020-05-31
"CLI02665","CTA04406",2020-06-13
"CLI02609","CTA04407",2025-07-03
"CLI03484","CTA04408",2026-04-27
"CLI03316","CTA04409",2020-11-09
"CLI03005","CTA04410",2024-03-15
"CLI01023","CTA04411",2020-08-15
"CLI00325","CTA04412",2024-01-02
"CLI02047","CTA04413",2022-10-12
"CLI01222","CTA04414",2021-01-13
"CLI00273","CTA04415",2026-05-19
"CLI03246","CTA04416",2023-11-04
"CLI01552","CTA04417",2025-08-05
"CLI02488","CTA04418",2023-07-01
"CLI01272","CTA04419",2022-11-15
"CLI02527","CTA04420",2022-07-19
"CLI01749","CTA04421",2026-04-28
"CLI03881","CTA04422",2025-06-29
"CLI03189","CTA04423",2026-08-01
"CLI01369","CTA04424",2025-11-09
"CLI00231","CTA04425",2020-04-01
"CLI01925","CTA04426",2021-05-06
"CLI02290","CTA04427",2022-06-07
"CLI03214","CTA04428",2020-09-28
"CLI02071","CTA04429",2020-11-03
"CLI01071","CTA04430",2021-06-14
"CLI02273","CTA04431",2023-09-30
"CLI03579","CTA04432",2024-07-02
"CLI01052","CTA04433",2023-04-08
"CLI03126","CTA04434",2024-03-26
"CLI01252","CTA04435",2023-12-30
"CLI02397","CTA04436",2020-09-16
"CLI01764","CTA04437",2020-04-17
"CLI02909","CTA04438",2025-04-14
"CLI01716","CTA04439",2024-07-20
"CLI02300","CTA04440",2026-05-27
"CLI02475","CTA04441",2021-04-01
"CLI01720","CTA04442",2024-05-11
"CLI00942","CTA04443",2024-10-19
"CLI00009","CTA04444",2022-05-05
"CLI01124","CTA04445",2023-06-09
"CLI03851","CTA04446",2023-05-16
"CLI02363","CTA04447",2022-08-22
"CLI03169","CTA04448",2026-01-02
"CLI03126","CTA04449",2022-05-24
"CLI00558","CTA04450",2023-06-18
"CLI01339","CTA04451",2023-01-03
"CLI02480","CTA04452",2022-12-26
"CLI00135","CTA04453",2024-02-07
"CLI00807","CTA04454",2023-08-12
"CLI02601","CTA04455",2022-03-26
"CLI03865","CTA04456",2025-09-25
"CLI00965","CTA04457",2023-03-01
"CLI02892","CTA04458",2022-10-13
"CLI03157","CTA04459",2023-09-05
"CLI00920","CTA04460",2022-05-09
"CLI02339","CTA04461",2024-04-03
"CLI03906","CTA04462",2022-07-23
"CLI02668","CTA04463",2022-09-03
"CLI02218","CTA04464",2026-03-08
"CLI02190","CTA04465",2023-11-20
"CLI01778","CTA04466",2024-09-03
"CLI01324","CTA04467",2020-03-13
"CLI02939","CTA04468",2020-12-09
"CLI00782","CTA04469",2024-04-15
"CLI03334","CTA04470",2020-01-04
"CLI02771","CTA04471",2025-06-04
"CLI02431","CTA04472",2023-07-16
"CLI01316","CTA04473",2020-09-30
"CLI02895","CTA04474",2021-10-07
"CLI02223","CTA04475",2023-03-23
"CLI00560","CTA04476",2020-08-03
"CLI03931","CTA04477",2022-12-19
"CLI01466","CTA04478",2021-12-13
"CLI01815","CTA04479",2020-12-20
"CLI01988","CTA04480",2024-10-03
"CLI01866","CTA04481",2023-07-25
"CLI01879","CTA04482",2021-06-08
"CLI01691","CTA04483",2022-03-12
"CLI01690","CTA04484",2024-01-10
"CLI03639","CTA04485",2025-07-27
"CLI00113","CTA04486",2026-06-20
"CLI01165","CTA04487",2025-05-05
"CLI03419","CTA04488",2025-09-25
"CLI02618","CTA04489",2023-06-26
"CLI03074","CTA04490",2021-05-31
"CLI00893","CTA04491",2021-03-20
"CLI03967","CTA04492",2025-11-10
"CLI02252","CTA04493",2024-05-02
"CLI03572","CTA04494",2023-05-14
"CLI00736","CTA04495",2021-06-14
"CLI03735","CTA04496",2021-02-21
"CLI01726","CTA04497",2020-04-02
"CLI00259","CTA04498",2022-01-29
"CLI03113","CTA04499",2026-04-09
"CLI01599","CTA04500",2026-01-02
"CLI03333","CTA04501",2020-08-26
"CLI01738","CTA04502",2025-10-20
"CLI01148","CTA04503",2023-06-03
"CLI02007","CTA04504",2022-05-02
"CLI03798","CTA04505",2025-07-09
"CLI02681","CTA04506",2022-05-13
"CLI00224","CTA04507",2026-05-30
"CLI00842","CTA04508",2025-04-29
"CLI00332","CTA04509",2023-04-17
"CLI01895","CTA04510",2020-05-31
"CLI01063","CTA04511",2022-01-06
"CLI00985","CTA04512",2020-08-19
"CLI03362","CTA04513",2022-08-21
"CLI02256","CTA04514",2024-08-09
"CLI01857","CTA04515",2021-08-01
"CLI02495","CTA04516",2021-07-04
"CLI01812","CTA04517",2022-01-13
"CLI02003","CTA04518",2024-01-18
"CLI03497","CTA04519",2020-12-25
"CLI01305","CTA04520",2022-02-01
"CLI00266","CTA04521",2023-07-25
"CLI01864","CTA04522",2025-01-04
"CLI00527","CTA04523",2022-12-10
"CLI01432","CTA04524",2022-02-13
"CLI00459","CTA04525",2024-07-06
"CLI00561","CTA04526",2020-07-23
"CLI01955","CTA04527",2022-10-11
"CLI00390","CTA04528",2023-11-10
"CLI03828","CTA04529",2021-05-17
"CLI03100","CTA04530",2026-05-27
"CLI01829","CTA04531",2024-05-19
"CLI01939","CTA04532",2025-06-02
"CLI02624","CTA04533",2021-01-07
"CLI01868","CTA04534",2020-11-06
"CLI01658","CTA04535",2023-06-03
"CLI03788","CTA04536",2021-03-04
"CLI01906","CTA04537",2025-06-27
"CLI00543","CTA04538",2020-09-01
"CLI00125","CTA04539",2022-06-12
"CLI01975","CTA04540",2024-02-10
"CLI03876","CTA04541",2020-10-24
"CLI02050","CTA04542",2022-12-22
"CLI02510","CTA04543",2026-06-08
"CLI00510","CTA04544",2024-01-15
"CLI03297","CTA04545",2025-03-13
"CLI00489","CTA04546",2026-02-01
"CLI03250","CTA04547",2026-01-20
"CLI03915","CTA04548",2026-01-13
"CLI00273","CTA04549",2022-05-25
"CLI01121","CTA04550",2024-02-12
"CLI02479","CTA04551",2024-02-08
"CLI01949","CTA04552",2020-03-19
"CLI01314","CTA04553",2023-05-27
"CLI02348","CTA04554",2024-04-20
"CLI02592","CTA04555",2024-04-03
"CLI02062","CTA04556",2025-06-09
"CLI00847","CTA04557",2024-01-28
"CLI01953","CTA04558",2024-05-17
"CLI01827","CTA04559",2023-12-19
"CLI01302","CTA04560",2020-08-12
"CLI00690","CTA04561",2023-09-26
"CLI01253","CTA04562",2024-10-07
"CLI03365","CTA04563",2021-03-05
"CLI02536","CTA04564",2023-08-18
"CLI03818","CTA04565",2020-03-23
"CLI00362","CTA04566",2022-05-29
"CLI03172","CTA04567",2026-06-19
"CLI00514","CTA04568",2026-01-26
"CLI02788","CTA04569",2023-03-15
"CLI01666","CTA04570",2025-06-01
"CLI02281","CTA04571",2021-07-19
"CLI00674","CTA04572",2025-03-20
"CLI00944","CTA04573",2022-01-20
"CLI03927","CTA04574",2025-04-09
"CLI00499","CTA04575",2022-06-26
"CLI00792","CTA04576",2024-12-04
"CLI03559","CTA04577",2021-09-13
"CLI03688","CTA04578",2026-02-22
"CLI02469","CTA04579",2021-12-19
"CLI01522","CTA04580",2021-12-23
"CLI03548","CTA04581",2022-07-12
"CLI01103","CTA04582",2021-12-07
"CLI00161","CTA04583",2024-02-22
"CLI00532","CTA04584",2023-11-17
"CLI03884","CTA04585",2025-07-17
"CLI00100","CTA04586",2020-09-03
"CLI00766","CTA04587",2023-02-26
"CLI03356","CTA04588",2023-01-14
"CLI01208","CTA04589",2025-10-15
"CLI01672","CTA04590",2023-06-12
"CLI03621","CTA04591",2025-11-28
"CLI01645","CTA04592",2026-03-08
"CLI02955","CTA04593",2022-01-30
"CLI01781","CTA04594",2024-03-12
"CLI00060","CTA04595",2026-03-15
"CLI02009","CTA04596",2024-06-29
"CLI00710","CTA04597",2024-12-04
"CLI01003","CTA04598",2024-01-24
"CLI03064","CTA04599",2020-07-23
"CLI01680","CTA04600",2020-04-29
"CLI03303","CTA04601",2026-02-11
"CLI02726","CTA04602",2021-11-14
"CLI03930","CTA04603",2023-05-17
"CLI02433","CTA04604",2023-04-07
"CLI00030","CTA04605",2023-07-16
"CLI03514","CTA04606",2024-03-11
"CLI00532","CTA04607",2025-06-05
"CLI00196","CTA04608",2020-03-06
"CLI02832","CTA04609",2025-09-14
"CLI01346","CTA04610",2024-05-04
"CLI02191","CTA04611",2026-07-14
"CLI03272","CTA04612",2021-04-01
"CLI00928","CTA04613",2022-09-12
"CLI00366","CTA04614",2022-07-20
"CLI02936","CTA04615",2020-04-22
"CLI00331","CTA04616",2026-02-26
"CLI02455","CTA04617",2021-10-12
"CLI00992","CTA04618",2022-03-14
"CLI01254","CTA04619",2023-08-12
"CLI03631","CTA04620",2023-10-10
"CLI02674","CTA04621",2021-06-19
"CLI03036","CTA04622",2025-05-05
"CLI01528","CTA04623",2023-05-16
"CLI03442","CTA04624",2026-05-13
"CLI02303","CTA04625",2022-08-30
"CLI00072","CTA04626",2026-05-22
"CLI03069","CTA04627",2023-07-04
"CLI00043","CTA04628",2024-05-01
"CLI00814","CTA04629",2023-05-01
"CLI03996","CTA04630",2021-10-29
"CLI00772","CTA04631",2021-09-27
"CLI00867","CTA04632",2023-06-28
"CLI00055","CTA04633",2021-08-24
"CLI03036","CTA04634",2022-09-12
"CLI01130","CTA04635",2023-10-06
"CLI02924","CTA04636",2021-08-23
"CLI02293","CTA04637",2023-08-16
"CLI02601","CTA04638",2020-01-09
"CLI02209","CTA04639",2026-05-13
"CLI00002","CTA04640",2024-05-02
"CLI02179","CTA04641",2022-02-14
"CLI01839","CTA04642",2026-09-01
"CLI01543","CTA04643",2023-08-18
"CLI02341","CTA04644",2022-12-05
"CLI01589","CTA04645",2026-02-19
"CLI02256","CTA04646",2020-12-27
"CLI00872","CTA04647",2025-01-25
"CLI03422","CTA04648",2020-01-18
"CLI03564","CTA04649",2024-10-29
"CLI00477","CTA04650",2022-09-29
"CLI03052","CTA04651",2023-03-15
"CLI03149","CTA04652",2020-08-06
"CLI02768","CTA04653",2020-01-03
"CLI03485","CTA04654",2020-06-06
"CLI01178","CTA04655",2022-06-03
"CLI01068","CTA04656",2025-07-24
"CLI00038","CTA04657",2020-10-24
"CLI03818","CTA04658",2020-11-19
"CLI02520","CTA04659",2022-12-10
"CLI03053","CTA04660",2023-04-03
"CLI01755","CTA04661",2024-09-15
"CLI03677","CTA04662",2021-03-21
"CLI03818","CTA04663",2022-01-16
"CLI02643","CTA04664",2026-04-04
"CLI03424","CTA04665",2021-04-02
"CLI03043","CTA04666",2025-10-17
"CLI03740","CTA04667",2025-04-13
"CLI02102","CTA04668",2026-01-26
"CLI03565","CTA04669",2025-01-10
"CLI01532","CTA04670",2023-03-12
"CLI02909","CTA04671",2023-09-10
"CLI01904","CTA04672",2022-06-27
"CLI02172","CTA04673",2025-08-05
"CLI03646","CTA04674",2023-03-27
"CLI02087","CTA04675",2025-05-11
"CLI03666","CTA04676",2022-07-04
"CLI02372","CTA04677",2025-02-23
"CLI01230","CTA04678",2023-04-08
"CLI02152","CTA04679",2020-12-11
"CLI01508","CTA04680",2021-11-03
"CLI01572","CTA04681",2022-10-19
"CLI01014","CTA04682",2024-11-10
"CLI01477","CTA04683",2020-11-27
"CLI02208","CTA04684",2026-08-10
"CLI03125","CTA04685",2026-05-02
"CLI01900","CTA04686",2021-03-20
"CLI01984","CTA04687",2020-10-05
"CLI01391","CTA04688",2024-07-23
"CLI00089","CTA04689",2026-04-22
"CLI01209","CTA04690",2023-06-08
"CLI01431","CTA04691",2022-03-14
"CLI03922","CTA04692",2023-03-03
"CLI03204","CTA04693",2026-01-26
"CLI03262","CTA04694",2024-12-09
"CLI00409","CTA04695",2020-01-21
"CLI00364","CTA04696",2025-09-21
"CLI00890","CTA04697",2020-03-13
"CLI02038","CTA04698",2020-02-23
"CLI02980","CTA04699",2022-06-09
"CLI01095","CTA04700",2022-04-20
"CLI02823","CTA04701",2021-01-01
"CLI00204","CTA04702",2020-01-16
"CLI01445","CTA04703",2023-04-29
"CLI02476","CTA04704",2025-11-08
"CLI02084","CTA04705",2023-08-06
"CLI02350","CTA04706",2020-10-29
"CLI00334","CTA04707",2022-06-19
"CLI02318","CTA04708",2024-05-15
"CLI00684","CTA04709",2020-04-30
"CLI02786","CTA04710",2021-03-13
"CLI02054","CTA04711",2025-08-27
"CLI00233","CTA04712",2022-01-03
"CLI02614","CTA04713",2021-10-07
"CLI00894","CTA04714",2026-07-16
"CLI00888","CTA04715",2020-03-04
"CLI03644","CTA04716",2026-06-26
"CLI01481","CTA04717",2024-03-21
"CLI02528","CTA04718",2024-09-29
"CLI01439","CTA04719",2026-08-10
"CLI02276","CTA04720",2025-01-17
"CLI00228","CTA04721",2026-08-13
"CLI03710","CTA04722",2024-04-07
"CLI01829","CTA04723",2024-11-29
"CLI02712","CTA04724",2025-10-31
"CLI01651","CTA04725",2022-03-05
"CLI00913","CTA04726",2021-02-10
"CLI00105","CTA04727",2025-04-23
"CLI00188","CTA04728",2025-01-07
"CLI01840","CTA04729",2020-10-26
"CLI01914","CTA04730",2023-12-17
"CLI03676","CTA04731",2026-08-05
"CLI03841","CTA04732",2026-07-24
"CLI02917","CTA04733",2026-03-13
"CLI03413","CTA04734",2024-04-16
"CLI02890","CTA04735",2021-12-10
"CLI02106","CTA04736",2022-02-11
"CLI02871","CTA04737",2021-10-05
"CLI01207","CTA04738",2022-02-22
"CLI03667","CTA04739",2026-01-25
"CLI01509","CTA04740",2026-01-03
"CLI00754","CTA04741",2022-12-27
"CLI00626","CTA04742",2021-06-15
"CLI00667","CTA04743",2025-06-19
"CLI01395","CTA04744",2024-12-05
"CLI02893","CTA04745",2024-09-04
"CLI01072","CTA04746",2021-08-05
"CLI02645","CTA04747",2024-04-20
"CLI00288","CTA04748",2024-03-06
"CLI00104","CTA04749",2020-05-14
"CLI03603","CTA04750",2021-01-28
"CLI01583","CTA04751",2024-10-22
"CLI02919","CTA04752",2022-11-06
"CLI00414","CTA04753",2022-01-01
"CLI03120","CTA04754",2020-04-20
"CLI03340","CTA04755",2020-05-25
"CLI02409","CTA04756",2020-01-14
"CLI03231","CTA04757",2022-02-11
"CLI02284","CTA04758",2020-08-07
"CLI00690","CTA04759",2023-09-26
"CLI01312","CTA04760",2023-05-16
"CLI01391","CTA04761",2026-04-23
"CLI01338","CTA04762",2025-07-28
"CLI00709","CTA04763",2026-02-28
"CLI02004","CTA04764",2022-03-07
"CLI00970","CTA04765",2022-12-13
"CLI00254","CTA04766",2020-11-08
"CLI01219","CTA04767",2022-11-20
"CLI02509","CTA04768",2024-07-03
"CLI00185","CTA04769",2020-06-23
"CLI01170","CTA04770",2023-09-07
"CLI03189","CTA04771",2021-06-10
"CLI00720","CTA04772",2024-04-22
"CLI03513","CTA04773",2021-02-07
"CLI02924","CTA04774",2022-01-17
"CLI01968","CTA04775",2023-03-10
"CLI02348","CTA04776",2025-09-02
"CLI01407","CTA04777",2023-03-05
"CLI01506","CTA04778",2025-12-27
"CLI01436","CTA04779",2021-11-08
"CLI03365","CTA04780",2020-02-06
"CLI00678","CTA04781",2026-07-22
"CLI02607","CTA04782",2023-03-18
"CLI00186","CTA04783",2025-03-18
"CLI01526","CTA04784",2025-05-19
"CLI02380","CTA04785",2021-04-13
"CLI00259","CTA04786",2021-05-27
"CLI03038","CTA04787",2025-11-13
"CLI01097","CTA04788",2023-05-06
"CLI01228","CTA04789",2023-06-30
"CLI00533","CTA04790",2026-06-25
"CLI03995","CTA04791",2022-08-27
"CLI00524","CTA04792",2024-08-13
"CLI03674","CTA04793",2020-09-17
"CLI02953","CTA04794",2026-02-18
"CLI00969","CTA04795",2026-06-23
"CLI03479","CTA04796",2024-02-20
"CLI00214","CTA04797",2022-10-16
"CLI01269","CTA04798",2024-12-03
"CLI02572","CTA04799",2020-07-16
"CLI03995","CTA04800",2020-12-02
"CLI00322","CTA04801",2020-09-05
"CLI02258","CTA04802",2025-12-26
"CLI03127","CTA04803",2022-12-03
"CLI03824","CTA04804",2021-01-04
"CLI00398","CTA04805",2021-02-24
"CLI01323","CTA04806",2023-05-15
"CLI01271","CTA04807",2026-08-09
"CLI03936","CTA04808",2026-07-22
"CLI01082","CTA04809",2020-10-18
"CLI01925","CTA04810",2022-09-23
"CLI02658","CTA04811",2024-07-23
"CLI01299","CTA04812",2021-02-25
"CLI00476","CTA04813",2020-06-03
"CLI02885","CTA04814",2025-09-21
"CLI02568","CTA04815",2023-10-25
"CLI02083","CTA04816",2022-09-23
"CLI00860","CTA04817",2020-09-03
"CLI03285","CTA04818",2023-03-25
"CLI00113","CTA04819",2024-06-07
"CLI02998","CTA04820",2020-01-13
"CLI02554","CTA04821",2024-02-26
"CLI02299","CTA04822",2021-06-10
"CLI02901","CTA04823",2026-08-17
"CLI00665","CTA04824",2021-11-17
"CLI00450","CTA04825",2023-04-27
"CLI03595","CTA04826",2023-07-14
"CLI00026","CTA04827",2026-05-19
"CLI03890","CTA04828",2024-07-28
"CLI01164","CTA04829",2021-12-18
"CLI03095","CTA04830",2026-02-25
"CLI03329","CTA04831",2023-12-10
"CLI00624","CTA04832",2025-07-31
"CLI03610","CTA04833",2023-07-01
"CLI01347","CTA04834",2021-01-13
"CLI00083","CTA04835",2023-11-09
"CLI01981","CTA04836",2024-07-22
"CLI01099","CTA04837",2024-08-05
"CLI00534","CTA04838",2024-11-12
"CLI01230","CTA04839",2024-02-06
"CLI00092","CTA04840",2022-06-19
"CLI01021","CTA04841",2024-12-25
"CLI00134","CTA04842",2022-08-02
"CLI01084","CTA04843",2023-11-23
"CLI02943","CTA04844",2026-08-28
"CLI03681","CTA04845",2022-08-09
"CLI01157","CTA04846",2024-06-27
"CLI00152","CTA04847",2021-03-20
"CLI01908","CTA04848",2023-12-24
"CLI00782","CTA04849",2023-07-03
"CLI01011","CTA04850",2024-01-11
"CLI03016","CTA04851",2025-04-13
"CLI00103","CTA04852",2021-12-03
"CLI03404","CTA04853",2023-10-04
"CLI02284","CTA04854",2023-03-13
"CLI03965","CTA04855",2021-09-01
"CLI00712","CTA04856",2021-12-31
"CLI02982","CTA04857",2026-05-02
"CLI03001","CTA04858",2022-02-07
"CLI00941","CTA04859",2020-06-27
"CLI01546","CTA04860",2020-03-15
"CLI02477","CTA04861",2026-01-07
"CLI02642","CTA04862",2024-12-18
"CLI02691","CTA04863",2026-04-15
"CLI00033","CTA04864",2021-10-24
"CLI01558","CTA04865",2023-09-11
"CLI03077","CTA04866",2024-03-09
"CLI00479","CTA04867",2024-07-27
"CLI03387","CTA04868",2022-07-12
"CLI00333","CTA04869",2023-02-16
"CLI03501","CTA04870",2024-07-24
"CLI00227","CTA04871",2024-06-09
"CLI03526","CTA04872",2020-05-09
"CLI02884","CTA04873",2026-05-21
"CLI03995","CTA04874",2023-01-30
"CLI03978","CTA04875",2023-01-03
"CLI01872","CTA04876",2025-05-30
"CLI01714","CTA04877",2023-02-24
"CLI00748","CTA04878",2023-10-09
"CLI01993","CTA04879",2022-06-29
"CLI03264","CTA04880",2026-01-26
"CLI02264","CTA04881",2021-10-23
"CLI01608","CTA04882",2020-09-04
"CLI03655","CTA04883",2023-07-05
"CLI01779","CTA04884",2026-01-18
"CLI02444","CTA04885",2026-03-04
"CLI01792","CTA04886",2022-05-30
"CLI02514","CTA04887",2025-09-15
"CLI01553","CTA04888",2023-12-06
"CLI00113","CTA04889",2024-04-02
"CLI02108","CTA04890",2022-09-07
"CLI01956","CTA04891",2023-03-09
"CLI03921","CTA04892",2024-06-13
"CLI01921","CTA04893",2022-05-27
"CLI02304","CTA04894",2020-04-03
"CLI00650","CTA04895",2022-07-10
"CLI03352","CTA04896",2024-12-21
"CLI01793","CTA04897",2020-01-22
"CLI02242","CTA04898",2024-02-19
"CLI02902","CTA04899",2022-11-23
"CLI02507","CTA04900",2024-03-17
"CLI02435","CTA04901",2020-05-27
"CLI00817","CTA04902",2024-06-08
"CLI02538","CTA04903",2023-07-28
"CLI03188","CTA04904",2021-05-17
"CLI01680","CTA04905",2024-01-24
"CLI01464","CTA04906",2024-05-11
"CLI03444","CTA04907",2024-08-24
"CLI00426","CTA04908",2023-09-04
"CLI00904","CTA04909",2021-05-19
"CLI04000","CTA04910",2025-05-13
"CLI02169","CTA04911",2020-06-29
"CLI02827","CTA04912",2021-12-06
"CLI02007","CTA04913",2020-05-01
"CLI01921","CTA04914",2022-09-23
"CLI02044","CTA04915",2026-01-31
"CLI02613","CTA04916",2022-11-16
"CLI02110","CTA04917",2024-07-23
"CLI01524","CTA04918",2022-08-12
"CLI00944","CTA04919",2024-08-26
"CLI00369","CTA04920",2020-10-20
"CLI03247","CTA04921",2020-04-26
"CLI02476","CTA04922",2020-06-02
"CLI01557","CTA04923",2022-05-11
"CLI02344","CTA04924",2020-06-19
"CLI01670","CTA04925",2020-05-02
"CLI02002","CTA04926",2023-09-25
"CLI01684","CTA04927",2025-04-01
"CLI00812","CTA04928",2020-10-20
"CLI00903","CTA04929",2025-04-14
"CLI02685","CTA04930",2022-03-07
"CLI00632","CTA04931",2025-05-03
"CLI03520","CTA04932",2024-05-19
"CLI03278","CTA04933",2025-04-25
"CLI02694","CTA04934",2025-03-04
"CLI00692","CTA04935",2020-09-22
"CLI01616","CTA04936",2022-11-10
"CLI00154","CTA04937",2023-11-14
"CLI00821","CTA04938",2024-02-16
"CLI01214","CTA04939",2023-07-02
"CLI01067","CTA04940",2025-02-13
"CLI00829","CTA04941",2021-09-30
"CLI00387","CTA04942",2020-03-25
"CLI03017","CTA04943",2021-10-02
"CLI03724","CTA04944",2020-02-14
"CLI00887","CTA04945",2024-04-25
"CLI00893","CTA04946",2021-02-11
"CLI03131","CTA04947",2021-05-18
"CLI01187","CTA04948",2024-02-24
"CLI03012","CTA04949",2021-02-20
"CLI02338","CTA04950",2020-11-05
"CLI01091","CTA04951",2025-09-03
"CLI01538","CTA04952",2023-11-16
"CLI00878","CTA04953",2022-08-12
"CLI02002","CTA04954",2021-01-13
"CLI00787","CTA04955",2024-10-11
"CLI00840","CTA04956",2024-06-23
"CLI00729","CTA04957",2023-07-24
"CLI00828","CTA04958",2021-09-03
"CLI03757","CTA04959",2024-07-31
"CLI02065","CTA04960",2023-11-23
"CLI02320","CTA04961",2024-09-14
"CLI02209","CTA04962",2025-12-24
"CLI02983","CTA04963",2024-09-21
"CLI02161","CTA04964",2020-04-13
"CLI01979","CTA04965",2024-06-11
"CLI00773","CTA04966",2021-10-10
"CLI03005","CTA04967",2026-07-22
"CLI01784","CTA04968",2026-07-12
"CLI00574","CTA04969",2025-10-24
"CLI02490","CTA04970",2026-05-03
"CLI03880","CTA04971",2023-04-04
"CLI01242","CTA04972",2022-06-08
"CLI02529","CTA04973",2023-11-03
"CLI02714","CTA04974",2023-07-22
"CLI03170","CTA04975",2026-06-13
"CLI03206","CTA04976",2022-06-17
"CLI01593","CTA04977",2023-10-31
"CLI01315","CTA04978",2026-08-03
"CLI01477","CTA04979",2022-04-10
"CLI01435","CTA04980",2022-09-22
"CLI03537","CTA04981",2024-06-20
"CLI03070","CTA04982",2025-12-03
"CLI03982","CTA04983",2024-01-05
"CLI00191","CTA04984",2026-03-28
"CLI02197","CTA04985",2022-05-23
"CLI02359","CTA04986",2021-11-30
"CLI02892","CTA04987",2023-10-25
"CLI01107","CTA04988",2021-06-30
"CLI00233","CTA04989",2022-06-05
"CLI02749","CTA04990",2024-09-24
"CLI00625","CTA04991",2024-07-07
"CLI02302","CTA04992",2023-01-23
"CLI02975","CTA04993",2025-04-21
"CLI01046","CTA04994",2022-04-03
"CLI03298","CTA04995",2021-05-12
"CLI03621","CTA04996",2024-04-09
"CLI03492","CTA04997",2024-12-26
"CLI03350","CTA04998",2020-02-15
"CLI03635","CTA04999",2024-05-19
"CLI02553","CTA05000",2026-03-29
