"cuenta_id","dispositivo_id","fecha"
"CTA01330","DIS00768",2025-09-18
"CTA04914","DIS00099",2025-01-17
"CTA01909","DIS00755",2026-05-01
"CTA04621","DIS00760",2026-05-21
"CTA02366","DIS01059",2026-02-28
"CTA00944","DIS01671",2025-03-21
"CTA04931","DIS00411",2026-02-07
"CTA03819","DIS01968",2025-01-25
"CTA04513","DIS01277",2026-02-08
"CTA00880","DIS00161",2026-04-04
"CTA00263","DIS00821",2025-10-11
"CTA04046","DIS00746",2025-08-12
"CTA01078","DIS00885",2026-06-16
"CTA01635","DIS01526",2025-10-07
"CTA03181","DIS00775",2026-08-30
"CTA03751","DIS00583",2025-04-08
"CTA00514","DIS01966",2026-02-11
"CTA00561","DIS01531",2025-04-13
"CTA04803","DIS01726",2026-02-24
"CTA04176","DIS01268",2025-03-20
"CTA04694","DIS00185",2026-04-21
"CTA04723","DIS01189",2026-05-24
"CTA00263","DIS01908",2026-08-12
"CTA03594","DIS00488",2026-02-05
"CTA02058","DIS00557",2025-11-20
"CTA03487","DIS01960",2025-11-02
"CTA01741","DIS01207",2025-09-26
"CTA03501","DIS01119",2025-10-25
"CTA00806","DIS00687",2025-06-22
"CTA02252","DIS01816",2026-06-21
"CTA02237","DIS01020",2026-01-05
"CTA00033","DIS00915",2025-03-05
"CTA04366","DIS00747",2026-05-01
"CTA02274","DIS01951",2025-06-16
"CTA01786","DIS00871",2025-01-14
"CTA00618","DIS01962",2026-06-09
"CTA00202","DIS00142",2026-01-02
"CTA01836","DIS00599",2025-12-22
"CTA00058","DIS01959",2025-04-17
"CTA00192","DIS01580",2025-07-17
"CTA03977","DIS00140",2025-03-23
"CTA01969","DIS01251",2025-03-26
"CTA01903","DIS01222",2025-06-01
"CTA04893","DIS01586",2025-09-30
"CTA00719","DIS00432",2026-01-10
"CTA03849","DIS00475",2025-05-15
"CTA04505","DIS00252",2026-05-20
"CTA01595","DIS00342",2026-02-20
"CTA01785","DIS00032",2025-02-05
"CTA00465","DIS01131",2025-12-02
"CTA02342","DIS00903",2026-05-28
"CTA00866","DIS00183",2026-05-05
"CTA03623","DIS00294",2026-08-16
"CTA04738","DIS00843",2025-11-20
"CTA01269","DIS00753",2025-01-24
"CTA00061","DIS00407",2025-05-22
"CTA01802","DIS01382",2025-04-19
"CTA01789","DIS01285",2025-09-26
"CTA03973","DIS01552",2026-01-30
"CTA01530","DIS01237",2026-02-27
"CTA03464","DIS01945",2026-03-20
"CTA00350","DIS01560",2026-05-06
"CTA03909","DIS00763",2026-05-15
"CTA02555","DIS01544",2025-10-28
"CTA02119","DIS00022",2026-05-27
"CTA00277","DIS01756",2026-01-18
"CTA02528","DIS00896",2026-07-02
"CTA00713","DIS01986",2026-06-29
"CTA04337","DIS00757",2025-02-07
"CTA04462","DIS00347",2025-04-21
"CTA02075","DIS01891",2025-04-20
"CTA01818","DIS00740",2026-02-15
"CTA03631","DIS00172",2025-09-26
"CTA03927","DIS00737",2025-09-04
"CTA00319","DIS01471",2025-02-21
"CTA00403","DIS01777",2025-03-09
"CTA00277","DIS00557",2025-03-19
"CTA02008","DIS01072",2025-08-27
"CTA00820","DIS01082",2026-03-19
"CTA01875","DIS00888",2025-05-04
"CTA03672","DIS01754",2026-03-27
"CTA00370","DIS01732",2025-10-25
"CTA02326","DIS00268",2025-10-30
"CTA03389","DIS01354",2026-01-31
"CTA03782","DIS00276",2025-03-22
"CTA03814","DIS01626",2026-07-20
"CTA00817","DIS00803",2025-08-29
"CTA00247","DIS00404",2026-01-13
"CTA00111","DIS00215",2026-02-28
"CTA00925","DIS00974",2025-02-20
"CTA02912","DIS01911",2025-09-27
"CTA02960","DIS01086",2025-07-23
"CTA04200","DIS01821",2025-02-21
"CTA02015","DIS00927",2026-02-07
"CTA04734","DIS01179",2025-12-27
"CTA04075","DIS01909",2026-02-25
"CTA01369","DIS00248",2026-03-16
"CTA02553","DIS01813",2026-05-10
"CTA04278","DIS00215",2025-12-29
"CTA02213","DIS00661",2025-04-21
"CTA01664","DIS00926",2025-04-15
"CTA04462","DIS01393",2026-06-02
"CTA04729","DIS00378",2026-05-14
"CTA03114","DIS01879",2026-04-14
"CTA04669","DIS01936",2025-05-03
"CTA00776","DIS00028",2025-01-07
"CTA04029","DIS00471",2026-02-22
"CTA00066","DIS00045",2026-02-25
"CTA00389","DIS01559",2026-02-09
"CTA04278","DIS01080",2025-06-24
"CTA03376","DIS01968",2026-07-17
"CTA04126","DIS00978",2026-04-30
"CTA00332","DIS01825",2025-04-05
"CTA01554","DIS00129",2025-05-28
"CTA04841","DIS01129",2026-01-08
"CTA03969","DIS01214",2025-03-21
"CTA02416","DIS01971",2025-10-02
"CTA04152","DIS01842",2025-05-28
"CTA01177","DIS01416",2026-08-21
"CTA01911","DIS01798",2025-06-19
"CTA02794","DIS00847",2026-02-06
"CTA02815","DIS01184",2026-07-02
"CTA00552","DIS00815",2025-03-24
"CTA00340","DIS01157",2025-04-28
"CTA02874","DIS00339",2025-05-13
"CTA03988","DIS01255",2025-05-31
"CTA01703","DIS01682",2026-05-20
"CTA00654","DIS01029",2026-07-19
"CTA04333","DIS01497",2026-01-02
"CTA00405","DIS01638",2026-02-10
"CTA01114","DIS01916",2025-06-20
"CTA04335","DIS01015",2026-07-31
"CTA04389","DIS01289",2025-01-22
"CTA04445","DIS01622",2026-03-18
"CTA01359","DIS01619",2025-11-18
"CTA01637","DIS00204",2026-07-21
"CTA03113","DIS01411",2026-03-23
"CTA04683","DIS00616",2025-12-16
"CTA02295","DIS00905",2025-05-13
"CTA03319","DIS01237",2026-08-14
"CTA01628","DIS01721",2025-02-06
"CTA04923","DIS00502",2026-04-20
"CTA00573","DIS01270",2026-06-29
"CTA01595","DIS01132",2025-05-09
"CTA01908","DIS00574",2025-10-14
"CTA02632","DIS00714",2026-04-29
"CTA02378","DIS00879",2025-10-20
"CTA01259","DIS00880",2025-03-15
"CTA01667","DIS00636",2025-05-10
"CTA02253","DIS01983",2025-12-08
"CTA02667","DIS01792",2026-02-11
"CTA02024","DIS00804",2025-01-21
"CTA00734","DIS01963",2025-09-19
"CTA00641","DIS00283",2025-10-27
"CTA01369","DIS00390",2025-06-26
"CTA04115","DIS00237",2025-11-12
"CTA04145","DIS00250",2026-04-12
"CTA02656","DIS01384",2026-08-31
"CTA03130","DIS00717",2026-01-29
"CTA02455","DIS01709",2026-05-07
"CTA00527","DIS00699",2025-04-08
"CTA01550","DIS01032",2025-01-19
"CTA00916","DIS00693",2025-05-22
"CTA00532","DIS01564",2026-03-07
"CTA03288","DIS00677",2026-05-17
"CTA01377","DIS01436",2026-06-08
"CTA00476","DIS01381",2026-03-08
"CTA04077","DIS01250",2025-01-12
"CTA03972","DIS01364",2026-04-08
"CTA03521","DIS01089",2025-06-12
"CTA01169","DIS00806",2025-03-08
"CTA04577","DIS01654",2025-08-30
"CTA03708","DIS00931",2026-07-09
"CTA03127","DIS00480",2026-05-20
"CTA01233","DIS01268",2025-11-01
"CTA02695","DIS00130",2025-04-27
"CTA03233","DIS01696",2026-07-21
"CTA00489","DIS00202",2025-11-01
"CTA03959","DIS00156",2025-11-21
"CTA01701","DIS01384",2026-03-15
"CTA01578","DIS01807",2026-08-24
"CTA02744","DIS01231",2026-06-25
"CTA03348","DIS01856",2025-07-07
"CTA02139","DIS01563",2025-08-13
"CTA04962","DIS00427",2026-08-22
"CTA03917","DIS01288",2025-05-25
"CTA03242","DIS00310",2026-06-18
"CTA03680","DIS01188",2025-11-20
"CTA02433","DIS01982",2025-01-17
"CTA02589","DIS01567",2025-06-01
"CTA02109","DIS01098",2025-04-03
"CTA04364","DIS00515",2025-01-31
"CTA02706","DIS00777",2025-05-26
"CTA02883","DIS01418",2026-05-29
"CTA01997","DIS01239",2025-01-17
"CTA02748","DIS01438",2025-07-23
"CTA02614","DIS00921",2026-04-03
"CTA00514","DIS00543",2026-01-22
"CTA04887","DIS01714",2025-08-09
"CTA01455","DIS00192",2026-03-29
"CTA02848","DIS00474",2026-07-10
"CTA02138","DIS01735",2026-05-01
"CTA01575","DIS01720",2025-08-20
"CTA00512","DIS00553",2025-04-02
"CTA02668","DIS00375",2026-03-19
"CTA01719","DIS01879",2026-01-24
"CTA02539","DIS01642",2025-08-06
"CTA01937","DIS00887",2025-10-06
"CTA03886","DIS01865",2026-01-27
"CTA00907","DIS00942",2025-10-27
"CTA04620","DIS00201",2025-03-03
"CTA04537","DIS01528",2025-11-27
"CTA00156","DIS00855",2026-07-28
"CTA03524","DIS01016",2025-12-14
"CTA02939","DIS00695",2026-01-07
"CTA01629","DIS01264",2025-11-20
"CTA02465","DIS00929",2026-08-27
"CTA02480","DIS01550",2026-04-11
"CTA03139","DIS01547",2025-09-19
"CTA03107","DIS01743",2026-05-21
"CTA01524","DIS01235",2026-05-10
"CTA02642","DIS01177",2026-05-19
"CTA02252","DIS01631",2026-08-23
"CTA04740","DIS00870",2025-09-08
"CTA00542","DIS00218",2025-04-28
"CTA01147","DIS01467",2026-01-30
"CTA03960","DIS00701",2026-04-27
"CTA04726","DIS01411",2026-02-18
"CTA03622","DIS00629",2026-03-13
"CTA00117","DIS00296",2026-08-27
"CTA04721","DIS00350",2025-05-29
"CTA04812","DIS01746",2026-08-19
"CTA04588","DIS01070",2025-11-27
"CTA01164","DIS01752",2025-10-10
"CTA00852","DIS00973",2025-03-08
"CTA01560","DIS01484",2025-01-16
"CTA02201","DIS00901",2025-12-10
"CTA02827","DIS00907",2026-07-12
"CTA00868","DIS00359",2025-09-19
"CTA03293","DIS00095",2026-08-08
"CTA00485","DIS00034",2025-10-29
"CTA03093","DIS00263",2025-03-09
"CTA00737","DIS00128",2026-04-23
"CTA04165","DIS01169",2026-07-06
"CTA04306","DIS00705",2026-04-30
"CTA00419","DIS01517",2025-08-21
"CTA01188","DIS00015",2025-02-07
"CTA03149","DIS01851",2025-03-27
"CTA04281","DIS01883",2025-05-17
"CTA04147","DIS01689",2025-12-02
"CTA02034","DIS00135",2025-05-24
"CTA04203","DIS01150",2025-10-16
"CTA01939","DIS01351",2026-01-12
"CTA02424","DIS00927",2026-05-19
"CTA00872","DIS00300",2025-06-29
"CTA01792","DIS01736",2025-10-12
"CTA04838","DIS01085",2026-02-14
"CTA00378","DIS00253",2026-01-27
"CTA02434","DIS00096",2025-11-16
"CTA01013","DIS01701",2026-05-02
"CTA00130","DIS01248",2026-05-09
"CTA04500","DIS01584",2025-12-31
"CTA02556","DIS01175",2025-02-22
"CTA01638","DIS00676",2025-06-11
"CTA01890","DIS00276",2025-09-10
"CTA03602","DIS00672",2025-12-17
"CTA02397","DIS00490",2026-06-15
"CTA04709","DIS00215",2025-06-30
"CTA02340","DIS00850",2026-02-27
"CTA01104","DIS00215",2025-08-21
"CTA00452","DIS01087",2025-10-01
"CTA02135","DIS00769",2026-07-20
"CTA02636","DIS01991",2025-05-14
"CTA00364","DIS01940",2025-06-07
"CTA03879","DIS00095",2025-04-25
"CTA03892","DIS01554",2025-02-22
"CTA00444","DIS00215",2026-04-22
"CTA02392","DIS00863",2026-04-18
"CTA01726","DIS00932",2025-09-12
"CTA03450","DIS00536",2025-11-28
"CTA02280","DIS00242",2025-06-06
"CTA00355","DIS01382",2025-06-20
"CTA02486","DIS00495",2025-05-18
"CTA00909","DIS01858",2026-02-11
"CTA03023","DIS01865",2025-06-25
"CTA04784","DIS01024",2025-12-03
"CTA04773","DIS00085",2026-04-28
"CTA00388","DIS00875",2026-06-27
"CTA02808","DIS01013",2025-12-13
"CTA01644","DIS00999",2025-01-07
"CTA01288","DIS01023",2025-12-12
"CTA01154","DIS01829",2025-05-10
"CTA00900","DIS01822",2026-02-23
"CTA02400","DIS01654",2026-01-31
"CTA02799","DIS01733",2026-03-19
"CTA04380","DIS00593",2026-06-13
"CTA04115","DIS01239",2025-05-26
"CTA04579","DIS01015",2025-02-22
"CTA03435","DIS00997",2025-12-15
"CTA02656","DIS00970",2026-03-10
"CTA01371","DIS01659",2025-05-21
"CTA04289","DIS00652",2026-04-13
"CTA02271","DIS00192",2026-04-04
"CTA04261","DIS01929",2025-04-10
"CTA04738","DIS01332",2025-02-12
"CTA00807","DIS00165",2026-08-11
"CTA00585","DIS01585",2026-03-21
"CTA01217","DIS01360",2025-06-04
"CTA01290","DIS00117",2026-06-19
"CTA01245","DIS01454",2025-05-19
"CTA00002","DIS00374",2025-04-05
"CTA01325","DIS01497",2026-07-24
"CTA03878","DIS00603",2025-12-02
"CTA02900","DIS00437",2025-05-19
"CTA01073","DIS01505",2025-04-04
"CTA04480","DIS00261",2026-07-24
"CTA00916","DIS01891",2025-04-29
"CTA00711","DIS00628",2025-11-07
"CTA01089","DIS01846",2025-03-06
"CTA02081","DIS00998",2025-08-09
"CTA02673","DIS01192",2026-06-13
"CTA03299","DIS00564",2025-04-03
"CTA02929","DIS01153",2025-01-13
"CTA01133","DIS01945",2025-11-23
"CTA00634","DIS01166",2026-07-13
"CTA03747","DIS01464",2026-05-16
"CTA00600","DIS01995",2026-08-14
"CTA00778","DIS01923",2025-09-02
"CTA03471","DIS00385",2026-02-17
"CTA00006","DIS01539",2026-03-11
"CTA04025","DIS01547",2025-08-29
"CTA01162","DIS00857",2026-03-16
"CTA03661","DIS00538",2026-03-09
"CTA01431","DIS00912",2025-08-06
"CTA00817","DIS00629",2026-06-30
"CTA03272","DIS00370",2026-07-02
"CTA02367","DIS00633",2026-04-15
"CTA00865","DIS01315",2025-10-19
"CTA00616","DIS00360",2025-07-18
"CTA01432","DIS01753",2025-06-27
"CTA00934","DIS01044",2025-11-19
"CTA00198","DIS01107",2025-05-10
"CTA04222","DIS01828",2026-01-20
"CTA03779","DIS01572",2025-07-14
"CTA03547","DIS00741",2026-07-21
"CTA03231","DIS01497",2025-02-21
"CTA04181","DIS00874",2025-09-11
"CTA02408","DIS01005",2026-06-27
"CTA03560","DIS00613",2026-07-28
"CTA01907","DIS01812",2025-02-25
"CTA01867","DIS01814",2025-05-29
"CTA00757","DIS00351",2025-07-09
"CTA04196","DIS00639",2026-07-27
"CTA03213","DIS00801",2025-02-20
"CTA03654","DIS01791",2026-01-24
"CTA03057","DIS01912",2025-08-12
"CTA02285","DIS01432",2026-08-15
"CTA03950","DIS00653",2025-05-31
"CTA03963","DIS01858",2026-01-31
"CTA04258","DIS00011",2025-12-11
"CTA04559","DIS01492",2025-12-30
"CTA01331","DIS00657",2025-01-05
"CTA02488","DIS01512",2026-03-26
"CTA00640","DIS00970",2026-07-14
"CTA00988","DIS01879",2025-02-01
"CTA03490","DIS01852",2026-02-07
"CTA01850","DIS00586",2026-01-17
"CTA02140","DIS01907",2025-04-20
"CTA03424","DIS00165",2026-05-20
"CTA00099","DIS00957",2026-06-25
"CTA01271","DIS01895",2025-01-20
"CTA01693","DIS01642",2025-09-05
"CTA03969","DIS00483",2025-12-02
"CTA01428","DIS01009",2025-10-24
"CTA01528","DIS00221",2025-07-15
"CTA00219","DIS01732",2025-11-24
"CTA03059","DIS00349",2025-09-19
"CTA01668","DIS00017",2025-06-02
"CTA00812","DIS00903",2025-06-26
"CTA01893","DIS01096",2025-11-12
"CTA00765","DIS00840",2025-03-13
"CTA04993","DIS00871",2025-03-18
"CTA02574","DIS00255",2025-08-21
"CTA04935","DIS01236",2025-04-30
"CTA01612","DIS00172",2026-05-06
"CTA04456","DIS01535",2025-04-07
"CTA00894","DIS00088",2026-06-10
"CTA01619","DIS01473",2025-07-09
"CTA03604","DIS00291",2026-03-11
"CTA01851","DIS01819",2026-01-18
"CTA01915","DIS01264",2025-09-25
"CTA00037","DIS00074",2025-11-06
"CTA03358","DIS00571",2025-11-22
"CTA04258","DIS01720",2025-04-04
"CTA02814","DIS00284",2026-06-05
"CTA03239","DIS01966",2026-03-21
"CTA03075","DIS00192",2026-05-21
"CTA02676","DIS00026",2026-03-05
"CTA03479","DIS01725",2025-03-30
"CTA02116","DIS00593",2026-01-22
"CTA01504","DIS00902",2025-06-17
"CTA03929","DIS01251",2026-05-10
"CTA02945","DIS00412",2025-02-19
"CTA00186","DIS01612",2025-01-09
"CTA01989","DIS00857",2026-08-23
"CTA02871","DIS01381",2026-03-09
"CTA00321","DIS00807",2026-01-31
"CTA04773","DIS01005",2026-07-14
"CTA00525","DIS00498",2026-06-15
"CTA01846","DIS00305",2026-06-11
"CTA02432","DIS00320",2025-04-30
"CTA03572","DIS00819",2026-06-14
"CTA03783","DIS01251",2026-08-20
"CTA00581","DIS01986",2026-02-08
"CTA03272","DIS00998",2026-08-14
"CTA04279","DIS01998",2026-05-04
"CTA03180","DIS00377",2026-03-05
"CTA03763","DIS00656",2025-01-13
"CTA00296","DIS00804",2026-06-26
"CTA01495","DIS01730",2025-09-19
"CTA02296","DIS01243",2026-08-09
"CTA01785","DIS00659",2026-06-01
"CTA02722","DIS01397",2025-04-05
"CTA02604","DIS01962",2026-06-19
"CTA03578","DIS00945",2026-02-04
"CTA00209","DIS00528",2026-05-29
"CTA00336","DIS00747",2026-04-02
"CTA02413","DIS00370",2026-06-09
"CTA01289","DIS00955",2026-08-21
"CTA02821","DIS00090",2025-08-22
"CTA03098","DIS01333",2026-08-27
"CTA02962","DIS00192",2026-03-08
"CTA01148","DIS00332",2025-08-05
"CTA04662","DIS01228",2025-12-27
"CTA00476","DIS00054",2025-07-18
"CTA03504","DIS00683",2026-06-25
"CTA02944","DIS01511",2025-11-23
"CTA01728","DIS00783",2026-01-01
"CTA00803","DIS01659",2025-10-04
"CTA03449","DIS01985",2025-06-04
"CTA00746","DIS01192",2025-12-26
"CTA00204","DIS01852",2025-08-23
"CTA03755","DIS01227",2025-01-24
"CTA00510","DIS01932",2025-01-29
"CTA02169","DIS01937",2025-01-11
"CTA02123","DIS01071",2026-03-12
"CTA02983","DIS01086",2026-03-03
"CTA01304","DIS01850",2025-08-25
"CTA01001","DIS00291",2026-07-16
"CTA03348","DIS01278",2025-01-06
"CTA01254","DIS00265",2025-03-22
"CTA03855","DIS00734",2025-07-04
"CTA02395","DIS00346",2025-07-19
"CTA00952","DIS00666",2025-02-26
"CTA02262","DIS00045",2025-12-13
"CTA00272","DIS01196",2025-10-09
"CTA03991","DIS00955",2026-08-28
"CTA03902","DIS00107",2025-11-23
"CTA00711","DIS01636",2025-03-26
"CTA01488","DIS01163",2025-08-10
"CTA02203","DIS00515",2025-02-22
"CTA04403","DIS01528",2025-02-26
"CTA00741","DIS01816",2026-07-08
"CTA00649","DIS01232",2025-04-06
"CTA02443","DIS01107",2025-01-04
"CTA02142","DIS00965",2025-08-02
"CTA03330","DIS01920",2025-08-05
"CTA01367","DIS00702",2026-05-28
"CTA00442","DIS01289",2026-04-21
"CTA04001","DIS01391",2025-09-24
"CTA03166","DIS00661",2025-02-24
"CTA02258","DIS00410",2025-02-28
"CTA02448","DIS01253",2025-04-28
"CTA00526","DIS00666",2025-10-19
"CTA04136","DIS00388",2025-09-08
"CTA03618","DIS00110",2025-07-06
"CTA02727","DIS00836",2026-01-16
"CTA00819","DIS00666",2026-01-25
"CTA02151","DIS00482",2026-05-24
"CTA03453","DIS00836",2026-06-30
"CTA00084","DIS01992",2026-06-07
"CTA03047","DIS00018",2025-03-17
"CTA03111","DIS01304",2025-07-27
"CTA04041","DIS01657",2025-08-20
"CTA02519","DIS00333",2025-04-15
"CTA02253","DIS00584",2026-08-25
"CTA03248","DIS00688",2025-08-05
"CTA04317","DIS00439",2025-01-27
"CTA02044","DIS01743",2026-02-26
"CTA02428","DIS00097",2026-02-03
"CTA03926","DIS00365",2026-07-10
"CTA02938","DIS00144",2026-02-01
"CTA04353","DIS00009",2025-02-26
"CTA03381","DIS01203",2026-06-24
"CTA03913","DIS00987",2026-03-24
"CTA00199","DIS01397",2026-06-24
"CTA00721","DIS00835",2025-04-18
"CTA01232","DIS00318",2025-04-30
"CTA01061","DIS00041",2025-07-28
"CTA00170","DIS01340",2025-02-25
"CTA02157","DIS01904",2025-07-26
"CTA00035","DIS00025",2025-02-15
"CTA01959","DIS00217",2025-08-27
"CTA04024","DIS00407",2026-03-02
"CTA00384","DIS01084",2025-06-15
"CTA01069","DIS00461",2025-08-16
"CTA03754","DIS00435",2026-01-09
"CTA01927","DIS00159",2026-03-29
"CTA02551","DIS01512",2025-07-06
"CTA02794","DIS01546",2025-06-13
"CTA02078","DIS01941",2026-02-11
"CTA01219","DIS01818",2026-04-11
"CTA00966","DIS00334",2025-12-09
"CTA04622","DIS00946",2025-03-01
"CTA01804","DIS01621",2025-04-08
"CTA00339","DIS01728",2026-08-28
"CTA02597","DIS00606",2025-08-09
"CTA03920","DIS00306",2026-07-26
"CTA00220","DIS01728",2025-01-10
"CTA02363","DIS00904",2025-12-23
"CTA01978","DIS01572",2026-02-08
"CTA03488","DIS01929",2026-03-21
"CTA03163","DIS00567",2025-06-16
"CTA01498","DIS01603",2025-03-09
"CTA00776","DIS00081",2025-07-30
"CTA00428","DIS01684",2025-04-16
"CTA03700","DIS00488",2026-03-20
"CTA01633","DIS00130",2025-09-12
"CTA04142","DIS01535",2026-01-16
"CTA01192","DIS00484",2026-01-22
"CTA03315","DIS01068",2025-04-11
"CTA01584","DIS00956",2025-04-10
"CTA04711","DIS00151",2025-10-04
"CTA03899","DIS00655",2025-11-03
"CTA00047","DIS00037",2026-06-23
"CTA01470","DIS00158",2025-02-12
"CTA04331","DIS00534",2026-03-21
"CTA04757","DIS01956",2025-09-05
"CTA02172","DIS00970",2025-08-30
"CTA04090","DIS01049",2026-05-14
"CTA03269","DIS00836",2025-06-19
"CTA01661","DIS00159",2026-01-03
"CTA04211","DIS01391",2025-01-21
"CTA00809","DIS01386",2026-08-29
"CTA00244","DIS00538",2026-07-25
"CTA00904","DIS01546",2025-09-23
"CTA04657","DIS00143",2026-02-06
"CTA02719","DIS01710",2025-05-10
"CTA04089","DIS00810",2025-04-18
"CTA04566","DIS00870",2025-09-21
"CTA04118","DIS00436",2026-04-15
"CTA00510","DIS01706",2026-04-28
"CTA02598","DIS01772",2026-06-23
"CTA02890","DIS00492",2025-09-17
"CTA00865","DIS00469",2025-09-01
"CTA02604","DIS01007",2026-03-23
"CTA03273","DIS01560",2025-03-18
"CTA00061","DIS00866",2026-08-11
"CTA01141","DIS00426",2025-02-05
"CTA03536","DIS01960",2025-07-26
"CTA03364","DIS00706",2026-03-16
"CTA00304","DIS00254",2025-09-30
"CTA02964","DIS00630",2026-04-12
"CTA04320","DIS01900",2025-12-16
"CTA02006","DIS00029",2026-03-20
"CTA00188","DIS00277",2025-08-06
"CTA03372","DIS01358",2025-06-28
"CTA02103","DIS00578",2025-07-23
"CTA02692","DIS00073",2026-05-05
"CTA04604","DIS01896",2025-06-03
"CTA04722","DIS00495",2026-05-30
"CTA02943","DIS00952",2026-02-23
"CTA00410","DIS00019",2026-08-04
"CTA01962","DIS01971",2026-06-21
"CTA02070","DIS01957",2026-01-11
"CTA04016","DIS00704",2026-06-18
"CTA04074","DIS01573",2025-11-30
"CTA00575","DIS01914",2025-12-25
"CTA00809","DIS00821",2025-08-18
"CTA02721","DIS00328",2026-04-10
"CTA00377","DIS00854",2026-06-08
"CTA04116","DIS01056",2026-08-29
"CTA00604","DIS01785",2026-03-30
"CTA01567","DIS01781",2026-01-11
"CTA04683","DIS00024",2025-01-10
"CTA01063","DIS00847",2026-02-04
"CTA02774","DIS01778",2025-12-22
"CTA00745","DIS01256",2026-02-08
"CTA02863","DIS01233",2026-07-22
"CTA02963","DIS00692",2026-02-03
"CTA03347","DIS01129",2026-04-26
"CTA00057","DIS00840",2026-02-15
"CTA02583","DIS00430",2025-05-24
"CTA03981","DIS00861",2026-01-15
"CTA00959","DIS00004",2026-02-06
"CTA00987","DIS01128",2026-01-31
"CTA02636","DIS00025",2026-05-13
"CTA02095","DIS01594",2025-07-28
"CTA01384","DIS00303",2025-05-27
"CTA04044","DIS00791",2026-08-16
"CTA00753","DIS00189",2026-04-19
"CTA03586","DIS00040",2025-11-13
"CTA03945","DIS01775",2025-07-11
"CTA03680","DIS00515",2026-07-01
"CTA01174","DIS01502",2026-02-26
"CTA03324","DIS00309",2026-02-09
"CTA01822","DIS01480",2025-06-06
"CTA02726","DIS01507",2025-12-06
"CTA02306","DIS01471",2025-02-23
"CTA00439","DIS01332",2025-12-10
"CTA04100","DIS01238",2025-06-29
"CTA00208","DIS00958",2025-10-07
"CTA01650","DIS01549",2026-07-10
"CTA03587","DIS00654",2025-08-04
"CTA01524","DIS01939",2025-01-18
"CTA01469","DIS01806",2026-06-12
"CTA01330","DIS00065",2026-06-02
"CTA04001","DIS00820",2025-10-28
"CTA02559","DIS01776",2025-02-20
"CTA04563","DIS01517",2025-03-16
"CTA01995","DIS01467",2026-07-05
"CTA01385","DIS00830",2025-10-31
"CTA04961","DIS01395",2025-09-28
"CTA01864","DIS01180",2026-03-14
"CTA04745","DIS00175",2025-04-15
"CTA04201","DIS01581",2026-05-07
"CTA04994","DIS00381",2025-12-15
"CTA04312","DIS00817",2025-09-27
"CTA00060","DIS01425",2026-06-15
"CTA02829","DIS00591",2026-01-26
"CTA02979","DIS00732",2025-12-12
"CTA00135","DIS01591",2026-03-22
"CTA00714","DIS00236",2025-08-23
"CTA02486","DIS00324",2025-07-30
"CTA00088","DIS01677",2026-04-26
"CTA03889","DIS00019",2025-01-04
"CTA03809","DIS01056",2025-08-10
"CTA01518","DIS01360",2025-01-02
"CTA00934","DIS00773",2025-08-04
"CTA02547","DIS01566",2025-12-24
"CTA02187","DIS00742",2025-11-23
"CTA03127","DIS01123",2025-11-02
"CTA03088","DIS01103",2025-05-19
"CTA04035","DIS00014",2026-06-06
"CTA03178","DIS00769",2025-08-17
"CTA04040","DIS01978",2026-07-24
"CTA04712","DIS01533",2025-02-03
"CTA04239","DIS00452",2025-04-23
"CTA02761","DIS01186",2026-02-15
"CTA04256","DIS00951",2026-08-16
"CTA00171","DIS01073",2025-01-03
"CTA00370","DIS00118",2025-12-26
"CTA02817","DIS01345",2026-04-26
"CTA01633","DIS01866",2026-01-07
"CTA01339","DIS00411",2025-02-17
"CTA04270","DIS01856",2026-04-13
"CTA00819","DIS01443",2025-02-17
"CTA04654","DIS00589",2026-06-07
"CTA03409","DIS00762",2025-12-20
"CTA01781","DIS01351",2025-11-29
"CTA03177","DIS01429",2025-06-20
"CTA02174","DIS01008",2025-08-30
"CTA04591","DIS00453",2026-07-30
"CTA00383","DIS00433",2026-06-06
"CTA04861","DIS00657",2025-11-04
"CTA04232","DIS01223",2026-05-05
"CTA01834","DIS01106",2025-11-13
"CTA02851","DIS00411",2026-03-22
"CTA03476","DIS01359",2025-12-07
"CTA04929","DIS01495",2026-03-24
"CTA00909","DIS01535",2026-07-14
"CTA00808","DIS00568",2025-05-15
"CTA03076","DIS01874",2025-12-29
"CTA04786","DIS00011",2025-04-16
"CTA01423","DIS00769",2026-05-17
"CTA04645","DIS00056",2026-01-16
"CTA04396","DIS00714",2025-11-13
"CTA00408","DIS01126",2026-07-28
"CTA04742","DIS00443",2026-03-02
"CTA01047","DIS01951",2026-07-05
"CTA01278","DIS01047",2026-02-20
"CTA00130","DIS01378",2026-05-04
"CTA01892","DIS01758",2025-08-03
"CTA02231","DIS01506",2026-08-14
"CTA01003","DIS00277",2025-07-15
"CTA01942","DIS01610",2025-04-16
"CTA00986","DIS00974",2026-03-07
"CTA01303","DIS00155",2025-07-11
"CTA00226","DIS00328",2025-08-26
"CTA01725","DIS01402",2026-02-20
"CTA03380","DIS01609",2025-03-26
"CTA00965","DIS00350",2025-12-24
"CTA02868","DIS01446",2025-10-22
"CTA04212","DIS01535",2025-09-01
"CTA02532","DIS00870",2025-11-11
"CTA03101","DIS00288",2026-02-17
"CTA00303","DIS01517",2025-04-10
"CTA03081","DIS00203",2025-06-18
"CTA03201","DIS00259",2026-06-13
"CTA00694","DIS01865",2025-01-13
"CTA02318","DIS01398",2025-11-28
"CTA04299","DIS01480",2026-04-20
"CTA01571","DIS00078",2025-04-30
"CTA01851","DIS00431",2026-03-05
"CTA02747","DIS01777",2025-04-30
"CTA00488","DIS01245",2025-01-17
"CTA00892","DIS01587",2026-03-17
"CTA02118","DIS01367",2025-03-05
"CTA04635","DIS00313",2025-09-19
"CTA01758","DIS00993",2026-02-04
"CTA00216","DIS01843",2025-06-15
"CTA00784","DIS00229",2026-01-16
"CTA02586","DIS01773",2026-06-10
"CTA02709","DIS01561",2025-06-07
"CTA01027","DIS00974",2025-06-10
"CTA02068","DIS00712",2026-05-21
"CTA01057","DIS01409",2025-06-12
"CTA03558","DIS00091",2025-08-13
"CTA02030","DIS00821",2026-01-13
"CTA03165","DIS01747",2026-07-14
"CTA00080","DIS00309",2026-08-01
"CTA00714","DIS00994",2025-12-18
"CTA03115","DIS00122",2025-09-29
"CTA00304","DIS01942",2026-04-06
"CTA04946","DIS00267",2026-08-13
"CTA04584","DIS00684",2025-09-26
"CTA01404","DIS01064",2026-07-27
"CTA02922","DIS00576",2025-02-08
"CTA02397","DIS01075",2025-06-27
"CTA00660","DIS00112",2025-08-11
"CTA04222","DIS00283",2025-03-23
"CTA01151","DIS00717",2025-03-27
"CTA04058","DIS01492",2025-02-12
"CTA04365","DIS00946",2025-07-09
"CTA02545","DIS01136",2025-10-17
"CTA03886","DIS01002",2026-01-26
"CTA03820","DIS01662",2025-11-04
"CTA00720","DIS00809",2026-01-12
"CTA01270","DIS01507",2026-02-09
"CTA00574","DIS01533",2025-01-06
"CTA01385","DIS01942",2026-02-04
"CTA04714","DIS01268",2026-03-02
"CTA00211","DIS00109",2025-02-23
"CTA03758","DIS00762",2025-10-24
"CTA03780","DIS01052",2026-03-16
"CTA04839","DIS00502",2025-12-28
"CTA03797","DIS00189",2025-04-23
"CTA02321","DIS00111",2025-05-17
"CTA01690","DIS00207",2026-04-23
"CTA04385","DIS00127",2025-11-07
"CTA01987","DIS01521",2025-06-12
"CTA01352","DIS00581",2026-01-05
"CTA01098","DIS00951",2026-01-30
"CTA02232","DIS01709",2025-03-17
"CTA04661","DIS00121",2025-09-26
"CTA04962","DIS01845",2025-11-24
"CTA02646","DIS00748",2026-04-12
"CTA03502","DIS00501",2025-09-11
"CTA01972","DIS01999",2025-05-30
"CTA03242","DIS01297",2025-10-18
"CTA02698","DIS01790",2026-05-21
"CTA01053","DIS00759",2025-09-27
"CTA03288","DIS01253",2025-02-22
"CTA03667","DIS01101",2025-10-29
"CTA04817","DIS01970",2025-07-14
"CTA00553","DIS00977",2025-03-18
"CTA04969","DIS01744",2026-04-14
"CTA01212","DIS00366",2025-09-25
"CTA01269","DIS00831",2026-05-03
"CTA04021","DIS01078",2025-03-06
"CTA04152","DIS00495",2026-01-18
"CTA00957","DIS01277",2026-08-10
"CTA03961","DIS01202",2025-12-07
"CTA02864","DIS00575",2026-08-29
"CTA00977","DIS01945",2025-05-23
"CTA04879","DIS01664",2025-12-17
"CTA02359","DIS00619",2025-04-17
"CTA03830","DIS01757",2025-03-26
"CTA00599","DIS00033",2025-09-12
"CTA00773","DIS01702",2026-08-11
"CTA00276","DIS01401",2026-02-08
"CTA01230","DIS00322",2025-03-22
"CTA03950","DIS00858",2025-04-18
"CTA03611","DIS01902",2025-03-26
"CTA02828","DIS00230",2025-02-17
"CTA01832","DIS00862",2025-10-19
"CTA01656","DIS01428",2026-02-01
"CTA04342","DIS01543",2025-05-15
"CTA03906","DIS01797",2025-10-28
"CTA03725","DIS00970",2025-10-13
"CTA03569","DIS00554",2025-04-24
"CTA03302","DIS00972",2026-03-13
"CTA04538","DIS00506",2026-02-23
"CTA02628","DIS00346",2025-06-19
"CTA01264","DIS01846",2025-11-24
"CTA03106","DIS01007",2025-04-18
"CTA00900","DIS01897",2026-03-31
"CTA02271","DIS01631",2026-03-24
"CTA00780","DIS00686",2026-02-15
"CTA02060","DIS00329",2025-12-08
"CTA00032","DIS01418",2025-11-12
"CTA04821","DIS00123",2026-04-10
"CTA04873","DIS01410",2025-06-18
"CTA01795","DIS00314",2026-03-30
"CTA00436","DIS00602",2026-08-21
"CTA04948","DIS01524",2025-04-03
"CTA03899","DIS01353",2025-11-07
"CTA01502","DIS00945",2025-10-30
"CTA03611","DIS00618",2026-01-26
"CTA01976","DIS01001",2025-05-30
"CTA04588","DIS01742",2025-03-11
"CTA03509","DIS01224",2025-11-17
"CTA02442","DIS01469",2026-04-01
"CTA03696","DIS00268",2025-03-10
"CTA02381","DIS00504",2025-04-01
"CTA00287","DIS00181",2025-10-13
"CTA01439","DIS00584",2026-05-14
"CTA02052","DIS01932",2026-05-23
"CTA00344","DIS00792",2026-04-26
"CTA03681","DIS00446",2025-01-27
"CTA04699","DIS01321",2025-02-24
"CTA01723","DIS00125",2026-06-30
"CTA02594","DIS01159",2025-04-05
"CTA01516","DIS01425",2025-06-23
"CTA03843","DIS00364",2026-02-25
"CTA01768","DIS01290",2025-08-24
"CTA01083","DIS01320",2026-01-03
"CTA02598","DIS01615",2026-05-18
"CTA03387","DIS00140",2026-06-02
"CTA01856","DIS00632",2025-11-21
"CTA04715","DIS01152",2025-06-30
"CTA04972","DIS00013",2025-09-25
"CTA00177","DIS01248",2025-07-19
"CTA03540","DIS00684",2025-11-03
"CTA03508","DIS01027",2025-04-18
"CTA04999","DIS00759",2026-04-09
"CTA04215","DIS00612",2025-02-17
"CTA04901","DIS00929",2026-01-21
"CTA03678","DIS01389",2025-03-24
"CTA00845","DIS00125",2025-08-17
"CTA03939","DIS01900",2026-06-30
"CTA00844","DIS01040",2025-07-22
"CTA00474","DIS00196",2026-01-20
"CTA00990","DIS00896",2025-10-10
"CTA02400","DIS00807",2025-02-18
"CTA03608","DIS00703",2025-04-08
"CTA04334","DIS00460",2025-07-16
"CTA04463","DIS00027",2025-08-04
"CTA01554","DIS01480",2026-03-04
"CTA03964","DIS00893",2025-07-08
"CTA00880","DIS00112",2025-06-02
"CTA01085","DIS01966",2026-08-12
"CTA01818","DIS00902",2026-02-01
"CTA03235","DIS00527",2026-07-16
"CTA01955","DIS00358",2026-07-30
"CTA01157","DIS01235",2025-08-07
"CTA01735","DIS00219",2026-06-26
"CTA01387","DIS01510",2025-03-21
"CTA02863","DIS01568",2025-12-28
"CTA01706","DIS00193",2026-06-17
"CTA01827","DIS01851",2026-02-25
"CTA02294","DIS01678",2026-08-22
"CTA00494","DIS01849",2025-09-28
"CTA02283","DIS00268",2026-04-01
"CTA03704","DIS00779",2025-11-12
"CTA04966","DIS01671",2025-12-25
"CTA03633","DIS00599",2026-03-08
"CTA03801","DIS01112",2026-08-18
"CTA04941","DIS01032",2025-05-16
"CTA02198","DIS00541",2025-08-17
"CTA02266","DIS01262",2026-04-29
"CTA01334","DIS00118",2025-10-18
"CTA03748","DIS01291",2026-01-05
"CTA03664","DIS00748",2025-12-24
"CTA03274","DIS00343",2026-07-01
"CTA04604","DIS01793",2025-03-05
"CTA02775","DIS00358",2025-10-27
"CTA02570","DIS01552",2026-08-29
"CTA04212","DIS00085",2025-05-07
"CTA01042","DIS01855",2026-06-26
"CTA00964","DIS00859",2026-01-03
"CTA04796","DIS00703",2025-07-28
"CTA04464","DIS00244",2026-02-13
"CTA02619","DIS00563",2025-12-19
"CTA02127","DIS01353",2025-07-31
"CTA01312","DIS00266",2025-08-26
"CTA04260","DIS01434",2026-07-31
"CTA04358","DIS01159",2026-08-19
"CTA00289","DIS01407",2025-05-25
"CTA00317","DIS01916",2025-04-16
"CTA03173","DIS01318",2025-02-09
"CTA01561","DIS00601",2025-04-07
"CTA01382","DIS01382",2026-03-19
"CTA01365","DIS00591",2025-06-19
"CTA00577","DIS00523",2025-07-23
"CTA02628","DIS01809",2025-06-15
"CTA04813","DIS01598",2025-05-23
"CTA02905","DIS00150",2025-07-06
"CTA01368","DIS00230",2025-09-14
"CTA00230","DIS01872",2026-01-15
"CTA04179","DIS00688",2026-05-05
"CTA02104","DIS00910",2026-06-21
"CTA01968","DIS00286",2025-06-06
"CTA03815","DIS00883",2025-12-05
"CTA00803","DIS00158",2026-01-11
"CTA04105","DIS00085",2025-02-06
"CTA02966","DIS01755",2026-07-23
"CTA03316","DIS01420",2025-05-17
"CTA04893","DIS01757",2026-04-10
"CTA02032","DIS00325",2026-06-15
"CTA00962","DIS01079",2025-06-27
"CTA03746","DIS01019",2025-01-19
"CTA03456","DIS00332",2026-06-08
"CTA03658","DIS00277",2025-08-01
"CTA01571","DIS00315",2025-03-16
"CTA02751","DIS01075",2025-04-12
"CTA01452","DIS01106",2025-11-17
"CTA01261","DIS00924",2025-08-30
"CTA01561","DIS01108",2026-07-03
"CTA04650","DIS01293",2025-12-29
"CTA03714","DIS01029",2026-04-27
"CTA02458","DIS01098",2025-07-01
"CTA00538","DIS01729",2025-07-20
"CTA00498","DIS00124",2025-07-10
"CTA02265","DIS00609",2026-01-06
"CTA03527","DIS01963",2025-09-14
"CTA00103","DIS01041",2026-08-06
"CTA01547","DIS01994",2026-04-20
"CTA02566","DIS00640",2025-10-27
"CTA03052","DIS00467",2025-02-14
"CTA04075","DIS01211",2026-02-16
"CTA01266","DIS00522",2026-05-18
"CTA01713","DIS01849",2025-11-17
"CTA00245","DIS01940",2026-05-31
"CTA00495","DIS01308",2026-06-08
"CTA03622","DIS01211",2026-06-08
"CTA02614","DIS01773",2025-09-02
"CTA00781","DIS01455",2025-09-02
"CTA00999","DIS01701",2025-12-19
"CTA00807","DIS00564",2025-03-09
"CTA01490","DIS00708",2025-08-28
"CTA03420","DIS01927",2025-10-19
"CTA01124","DIS00566",2025-10-15
"CTA01879","DIS00750",2026-02-12
"CTA04679","DIS00333",2025-11-14
"CTA03759","DIS00220",2025-07-14
"CTA01265","DIS00015",2025-03-12
"CTA00736","DIS00546",2026-08-25
"CTA03964","DIS00432",2026-04-06
"CTA00882","DIS00758",2025-04-27
"CTA04530","DIS00839",2026-04-18
"CTA01710","DIS01191",2026-03-27
"CTA00421","DIS01387",2025-12-27
"CTA02363","DIS01895",2026-03-27
"CTA03479","DIS00067",2026-06-09
"CTA02276","DIS00737",2025-04-16
"CTA00662","DIS00152",2025-05-26
"CTA02783","DIS01101",2026-01-14
"CTA01653","DIS01301",2025-03-28
"CTA03131","DIS00742",2026-03-27
"CTA03294","DIS01575",2026-08-12
"CTA02068","DIS01431",2025-06-09
"CTA03629","DIS00761",2026-06-26
"CTA04387","DIS01321",2025-04-18
"CTA03819","DIS01172",2025-05-01
"CTA01038","DIS01878",2026-03-14
"CTA00665","DIS01768",2026-08-03
"CTA03776","DIS01342",2025-02-02
"CTA02450","DIS00261",2025-02-02
"CTA03398","DIS00943",2026-06-17
"CTA02670","DIS01966",2025-04-15
"CTA03510","DIS01021",2026-05-19
"CTA04977","DIS01807",2026-01-21
"CTA01726","DIS01134",2026-03-06
"CTA02612","DIS00789",2025-04-17
"CTA02187","DIS00880",2026-06-29
"CTA00609","DIS01619",2025-02-04
"CTA02108","DIS00617",2025-04-28
"CTA03369","DIS01822",2026-03-03
"CTA04191","DIS00693",2025-02-11
"CTA03238","DIS00159",2026-01-22
"CTA00920","DIS00821",2025-06-08
"CTA04301","DIS01686",2026-05-17
"CTA01420","DIS01254",2025-12-10
"CTA03216","DIS01961",2025-10-22
"CTA02151","DIS00701",2026-05-23
"CTA00490","DIS01121",2026-04-19
"CTA02579","DIS00386",2026-07-06
"CTA04881","DIS00212",2026-05-12
"CTA02962","DIS01622",2026-01-17
"CTA01954","DIS00697",2026-04-13
"CTA01130","DIS01758",2025-12-08
"CTA04261","DIS01753",2025-04-27
"CTA00871","DIS01965",2025-04-24
"CTA00959","DIS01363",2026-03-09
"CTA02150","DIS00497",2026-02-01
"CTA02651","DIS00614",2026-08-17
"CTA03387","DIS01819",2025-07-01
"CTA03478","DIS01944",2025-11-02
"CTA02796","DIS01507",2025-03-30
"CTA00995","DIS01504",2025-12-30
"CTA04911","DIS00329",2025-09-27
"CTA03144","DIS00783",2025-09-18
"CTA02728","DIS00141",2025-05-31
"CTA02539","DIS00837",2025-06-29
"CTA04219","DIS01408",2025-07-01
"CTA02198","DIS00824",2025-01-22
"CTA00315","DIS00724",2026-06-23
"CTA04552","DIS00301",2025-06-10
"CTA03205","DIS00197",2025-11-01
"CTA00883","DIS01908",2025-04-14
"CTA00364","DIS00510",2026-02-12
"CTA01486","DIS01904",2025-03-05
"CTA02124","DIS00178",2025-11-01
"CTA04959","DIS01445",2025-04-09
"CTA01118","DIS01127",2026-08-18
"CTA02340","DIS01914",2026-01-06
"CTA01617","DIS01846",2025-04-12
"CTA04160","DIS01096",2025-01-30
"CTA01603","DIS00693",2025-11-15
"CTA02884","DIS00789",2026-01-13
"CTA03198","DIS01796",2025-07-16
"CTA02724","DIS00595",2026-08-05
"CTA04049","DIS00091",2025-01-12
"CTA01895","DIS01549",2025-10-23
"CTA03877","DIS00999",2026-05-15
"CTA01228","DIS00845",2025-06-11
"CTA02781","DIS01344",2025-10-21
"CTA03382","DIS01887",2025-01-09
"CTA00768","DIS01433",2025-03-06
"CTA03242","DIS01754",2026-01-06
"CTA01948","DIS00604",2025-11-03
"CTA01801","DIS00298",2025-10-17
"CTA02981","DIS01503",2025-01-11
"CTA04639","DIS00623",2026-03-31
"CTA04500","DIS01476",2026-08-09
"CTA02531","DIS01486",2025-05-24
"CTA01663","DIS00178",2025-12-14
"CTA03586","DIS00309",2026-05-28
"CTA01435","DIS01686",2025-11-19
"CTA01519","DIS01790",2025-06-10
"CTA01655","DIS01429",2025-11-15
"CTA03944","DIS00099",2026-02-21
"CTA01992","DIS01200",2025-05-13
"CTA04782","DIS01717",2026-02-18
"CTA03135","DIS00421",2025-09-06
"CTA01528","DIS01681",2025-07-27
"CTA04492","DIS00967",2026-04-08
"CTA01317","DIS00198",2026-04-28
"CTA01041","DIS00714",2025-01-27
"CTA00272","DIS01488",2025-06-17
"CTA01548","DIS01631",2025-12-31
"CTA03542","DIS00987",2025-09-10
"CTA00922","DIS00715",2025-10-24
"CTA01480","DIS00524",2025-09-17
"CTA00225","DIS01904",2025-02-07
"CTA03930","DIS01415",2025-03-08
"CTA00881","DIS01801",2025-11-04
"CTA04459","DIS00074",2025-05-13
"CTA00261","DIS01344",2026-05-27
"CTA00492","DIS01550",2025-02-16
"CTA03195","DIS01916",2026-06-16
"CTA04579","DIS01866",2026-05-28
"CTA04489","DIS01144",2025-03-05
"CTA02512","DIS01109",2026-08-22
"CTA01588","DIS00402",2026-01-11
"CTA03722","DIS00512",2026-04-20
"CTA03256","DIS01929",2025-05-03
"CTA02618","DIS00958",2025-01-19
"CTA00585","DIS00436",2026-03-21
"CTA00644","DIS00237",2026-04-01
"CTA03975","DIS01691",2026-08-14
"CTA03319","DIS00012",2025-12-28
"CTA03254","DIS01969",2025-06-21
"CTA04615","DIS00285",2025-04-07
"CTA00754","DIS00633",2026-02-23
"CTA02638","DIS01120",2026-03-29
"CTA00548","DIS01759",2025-02-07
"CTA03439","DIS00584",2025-07-24
"CTA03454","DIS00543",2026-08-17
"CTA02988","DIS01167",2025-07-22
"CTA03486","DIS00223",2026-04-01
"CTA00820","DIS01848",2026-09-01
"CTA00783","DIS01680",2026-06-02
"CTA00239","DIS00071",2026-07-06
"CTA04356","DIS01471",2025-07-16
"CTA02673","DIS00673",2025-01-23
"CTA04676","DIS00935",2025-10-27
"CTA02189","DIS00765",2025-05-24
"CTA02495","DIS00838",2026-08-24
"CTA00336","DIS01741",2025-05-20
"CTA03877","DIS01287",2025-07-30
"CTA00362","DIS01322",2025-02-22
"CTA04828","DIS01636",2026-05-05
"CTA01847","DIS01121",2026-04-09
"CTA00807","DIS00476",2025-07-29
"CTA00511","DIS01762",2025-08-06
"CTA02962","DIS01222",2026-05-14
"CTA01680","DIS00511",2026-01-30
"CTA01888","DIS01998",2025-05-15
"CTA04837","DIS00699",2026-04-11
"CTA02481","DIS01644",2026-08-25
"CTA01562","DIS00993",2025-05-07
"CTA02269","DIS01561",2025-01-10
"CTA03120","DIS01820",2026-08-19
"CTA00378","DIS00882",2026-08-17
"CTA00498","DIS01346",2025-08-10
"CTA02440","DIS00662",2025-12-10
"CTA03480","DIS01090",2026-03-17
"CTA04946","DIS01393",2025-11-02
"CTA01157","DIS01092",2026-03-31
"CTA00748","DIS00328",2025-03-03
"CTA02697","DIS00588",2026-08-06
"CTA02895","DIS01402",2025-01-18
"CTA02651","DIS01250",2026-04-19
"CTA00256","DIS00905",2025-06-27
"CTA02340","DIS01910",2026-06-29
"CTA00852","DIS00195",2026-02-27
"CTA03090","DIS01238",2025-09-17
"CTA01713","DIS00203",2025-02-06
"CTA04668","DIS00868",2025-04-24
"CTA04537","DIS01701",2025-04-08
"CTA03336","DIS01280",2025-02-18
"CTA04218","DIS01720",2025-08-16
"CTA00050","DIS00532",2026-08-31
"CTA01356","DIS01945",2025-08-03
"CTA01613","DIS01653",2025-09-25
"CTA04181","DIS00311",2026-03-15
"CTA04719","DIS00209",2026-06-11
"CTA04171","DIS01820",2025-10-30
"CTA02289","DIS00561",2026-05-17
"CTA00700","DIS00827",2026-07-30
"CTA03684","DIS00868",2025-11-10
"CTA03518","DIS00505",2026-07-19
"CTA04582","DIS00144",2025-08-04
"CTA01259","DIS00691",2026-02-18
"CTA04793","DIS01632",2025-08-12
"CTA00185","DIS01655",2026-04-10
"CTA01823","DIS01932",2025-05-11
"CTA03139","DIS00717",2025-02-02
"CTA03208","DIS00305",2025-05-24
"CTA04654","DIS00445",2026-08-01
"CTA04529","DIS01382",2025-01-01
"CTA04541","DIS00390",2026-02-26
"CTA03914","DIS01352",2026-04-10
"CTA02215","DIS01427",2025-07-02
"CTA00053","DIS01490",2025-01-27
"CTA01796","DIS00059",2025-11-12
"CTA00253","DIS01524",2026-05-17
"CTA04235","DIS01240",2025-11-17
"CTA01393","DIS00570",2026-03-02
"CTA01874","DIS00678",2026-06-17
"CTA03924","DIS01971",2026-03-08
"CTA02722","DIS00584",2025-12-07
"CTA00623","DIS00263",2025-02-02
"CTA04026","DIS00863",2026-05-09
"CTA01860","DIS00402",2025-06-04
"CTA04841","DIS01205",2026-08-26
"CTA01861","DIS00209",2025-10-22
"CTA04709","DIS01109",2026-07-22
"CTA00582","DIS00711",2025-09-16
"CTA01631","DIS00975",2026-06-19
"CTA03447","DIS01042",2025-08-03
"CTA02061","DIS01421",2026-08-03
"CTA04162","DIS01573",2025-02-15
"CTA02480","DIS01770",2026-01-08
"CTA02958","DIS00062",2025-06-08
"CTA00279","DIS01868",2026-08-11
"CTA02241","DIS00606",2025-09-11
"CTA01672","DIS00123",2025-09-15
"CTA04342","DIS01254",2025-01-23
"CTA03148","DIS00911",2025-09-10
"CTA01688","DIS01611",2026-07-14
"CTA02814","DIS00408",2025-07-20
"CTA01801","DIS01295",2025-08-30
"CTA00163","DIS01245",2025-03-26
"CTA00958","DIS01693",2025-06-02
"CTA03913","DIS01839",2026-05-28
"CTA02337","DIS00786",2026-01-10
"CTA01951","DIS00196",2026-08-19
"CTA04107","DIS01044",2026-07-19
"CTA03607","DIS00363",2026-03-07
"CTA01750","DIS00679",2026-04-04
"CTA04353","DIS00682",2026-02-05
"CTA04695","DIS00105",2025-03-10
"CTA02117","DIS00062",2025-06-21
"CTA00444","DIS01396",2025-08-09
"CTA02570","DIS01886",2025-01-14
"CTA03634","DIS01367",2026-07-17
"CTA00241","DIS01358",2025-07-25
"CTA03308","DIS00104",2025-06-14
"CTA02584","DIS01367",2025-11-06
"CTA04940","DIS01649",2025-10-05
"CTA04714","DIS01483",2026-03-14
"CTA02489","DIS00700",2025-05-06
"CTA00770","DIS01053",2026-04-15
"CTA02925","DIS00679",2025-12-27
"CTA04205","DIS00790",2025-10-24
"CTA00327","DIS00785",2026-03-11
"CTA02869","DIS01403",2026-05-10
"CTA03057","DIS01067",2025-05-05
"CTA01759","DIS01583",2026-02-03
"CTA00864","DIS01439",2026-01-19
"CTA04934","DIS00442",2025-10-29
"CTA00497","DIS00288",2025-03-12
"CTA01986","DIS00338",2025-10-30
"CTA04625","DIS00238",2026-07-09
"CTA03337","DIS00158",2026-06-15
"CTA02002","DIS01356",2026-07-09
"CTA00015","DIS01408",2025-03-30
"CTA00714","DIS01057",2025-02-25
"CTA03860","DIS01191",2026-01-02
"CTA04300","DIS00653",2026-01-17
"CTA03757","DIS00523",2025-07-04
"CTA01907","DIS00315",2026-01-01
"CTA01255","DIS01005",2025-10-03
"CTA00341","DIS01461",2025-09-23
"CTA01455","DIS01955",2026-01-21
"CTA01236","DIS01724",2025-05-02
"CTA02234","DIS00822",2025-09-02
"CTA02797","DIS01640",2025-07-15
"CTA03686","DIS01247",2025-04-27
"CTA03749","DIS00538",2025-01-27
"CTA00035","DIS00302",2025-03-03
"CTA03905","DIS00439",2025-09-15
"CTA02924","DIS01814",2026-08-10
"CTA02289","DIS00483",2026-05-10
"CTA04075","DIS00261",2025-08-14
"CTA02508","DIS01718",2026-08-20
"CTA00636","DIS00354",2025-10-24
"CTA00660","DIS01169",2026-08-19
"CTA01563","DIS01415",2026-03-23
"CTA01386","DIS01540",2025-01-14
"CTA04679","DIS01810",2026-06-27
"CTA01542","DIS01968",2025-02-27
"CTA02873","DIS00103",2025-03-02
"CTA00630","DIS00663",2026-05-05
"CTA00738","DIS01106",2025-03-22
"CTA04879","DIS01146",2026-02-10
"CTA00878","DIS00837",2025-04-14
"CTA02579","DIS01696",2025-04-13
"CTA02447","DIS01709",2025-10-02
"CTA04329","DIS00476",2026-01-10
"CTA04876","DIS00537",2026-05-02
"CTA01029","DIS00337",2025-12-25
"CTA02071","DIS00205",2025-08-03
"CTA02573","DIS00214",2025-12-26
"CTA00717","DIS01679",2025-09-27
"CTA02357","DIS00250",2025-04-03
"CTA02132","DIS01231",2025-10-30
"CTA00104","DIS01693",2026-03-01
"CTA00586","DIS01098",2026-01-24
"CTA01931","DIS01567",2025-06-22
"CTA04996","DIS00831",2025-03-12
"CTA02163","DIS00908",2026-03-11
"CTA04161","DIS01813",2025-05-09
"CTA04846","DIS01872",2025-07-06
"CTA01222","DIS00439",2026-04-14
"CTA04793","DIS00937",2025-07-24
"CTA01978","DIS00671",2026-03-25
"CTA03287","DIS01309",2026-06-04
"CTA04988","DIS00828",2025-03-08
"CTA04991","DIS00715",2025-01-19
"CTA04337","DIS01964",2025-06-24
"CTA03818","DIS00985",2026-06-16
"CTA01484","DIS01057",2025-11-07
"CTA04777","DIS01624",2025-05-26
"CTA03657","DIS00757",2026-03-27
"CTA01981","DIS00956",2026-05-03
"CTA04191","DIS01470",2025-04-13
"CTA02602","DIS01718",2025-06-09
"CTA04000","DIS00970",2025-02-25
"CTA02732","DIS01565",2025-09-05
"CTA01347","DIS00895",2025-07-02
"CTA00942","DIS01413",2025-02-18
"CTA00910","DIS01236",2025-02-19
"CTA00480","DIS01308",2025-03-20
"CTA01665","DIS01446",2026-06-02
"CTA00290","DIS00175",2025-09-19
"CTA04974","DIS00160",2026-06-02
"CTA04298","DIS00283",2025-05-10
"CTA00617","DIS00087",2025-06-30
"CTA01796","DIS00526",2025-12-20
"CTA00243","DIS00410",2026-03-08
"CTA03719","DIS00319",2025-03-18
"CTA02392","DIS00279",2025-01-22
"CTA00725","DIS00322",2026-04-11
"CTA02534","DIS01532",2025-06-02
"CTA00003","DIS00381",2025-04-10
"CTA04440","DIS01672",2026-04-09
"CTA04476","DIS00322",2026-02-22
"CTA03050","DIS01014",2026-02-08
"CTA04908","DIS01117",2026-04-13
"CTA03367","DIS01193",2026-05-03
"CTA01877","DIS00238",2026-06-02
"CTA00906","DIS00561",2026-05-01
"CTA01128","DIS00207",2026-06-26
"CTA00907","DIS01497",2025-02-07
"CTA02796","DIS01438",2026-03-05
"CTA03423","DIS01562",2026-06-17
"CTA01021","DIS00932",2026-01-22
"CTA03601","DIS00489",2025-11-19
"CTA02522","DIS00713",2025-02-25
"CTA03291","DIS01055",2026-08-11
"CTA02134","DIS00567",2026-01-17
"CTA02741","DIS00466",2025-12-13
"CTA04122","DIS00945",2026-08-28
"CTA04550","DIS00221",2025-11-20
"CTA02300","DIS00398",2026-08-15
"CTA04891","DIS00871",2026-05-18
"CTA02252","DIS00813",2025-08-17
"CTA01939","DIS01826",2025-08-25
"CTA03170","DIS00272",2025-10-02
"CTA02896","DIS00534",2026-05-19
"CTA00455","DIS00442",2026-07-03
"CTA03868","DIS01398",2025-10-02
"CTA03699","DIS01297",2025-08-01
"CTA01934","DIS00553",2026-08-19
"CTA01608","DIS00858",2026-03-18
"CTA03151","DIS01184",2025-12-05
"CTA02124","DIS01469",2026-01-03
"CTA01407","DIS01411",2025-06-07
"CTA01874","DIS01567",2025-03-22
"CTA03324","DIS00723",2026-07-12
"CTA03226","DIS01612",2025-12-23
"CTA04099","DIS01811",2026-04-09
"CTA01447","DIS00505",2025-01-06
"CTA01886","DIS01277",2025-01-24
"CTA01115","DIS01256",2025-02-13
"CTA04797","DIS00463",2025-12-30
"CTA01278","DIS01827",2026-04-13
"CTA00866","DIS01427",2025-05-16
"CTA02939","DIS00030",2025-07-14
"CTA01134","DIS00765",2025-01-12
"CTA04964","DIS01074",2025-04-02
"CTA00767","DIS01122",2025-08-24
"CTA03787","DIS01879",2025-05-16
"CTA02514","DIS01822",2025-02-28
"CTA02083","DIS01418",2025-08-05
"CTA00377","DIS00923",2026-01-19
"CTA04508","DIS01429",2025-12-07
"CTA04063","DIS00551",2026-02-16
"CTA00537","DIS00547",2026-06-04
"CTA01127","DIS00309",2025-11-30
"CTA01601","DIS00407",2025-06-08
"CTA04364","DIS01061",2025-12-23
"CTA02003","DIS01586",2025-11-11
"CTA00039","DIS01196",2025-08-27
"CTA02501","DIS01941",2025-10-26
"CTA04412","DIS01002",2025-02-25
"CTA01843","DIS00077",2025-02-04
"CTA04279","DIS01870",2025-06-01
"CTA01186","DIS00885",2026-03-07
"CTA00291","DIS00272",2025-11-25
"CTA01011","DIS01689",2025-02-06
"CTA00473","DIS01860",2025-11-17
"CTA02926","DIS00033",2025-07-15
"CTA01700","DIS01987",2025-12-08
"CTA00095","DIS00560",2025-10-08
"CTA03963","DIS00212",2026-03-06
"CTA02899","DIS01992",2025-02-06
"CTA00160","DIS01708",2025-04-02
"CTA01958","DIS01517",2026-02-23
"CTA00638","DIS01010",2026-08-02
"CTA02358","DIS01174",2025-08-29
"CTA03297","DIS01676",2025-02-18
"CTA02698","DIS00732",2025-03-02
"CTA02013","DIS00296",2025-07-09
"CTA02607","DIS01708",2026-08-25
"CTA04984","DIS00081",2025-03-11
"CTA02050","DIS01574",2025-02-27
"CTA00714","DIS01987",2026-03-03
"CTA00881","DIS01342",2026-08-10
"CTA03609","DIS01225",2025-03-24
"CTA03724","DIS01433",2026-07-19
"CTA04152","DIS01047",2026-01-07
"CTA03890","DIS01831",2025-08-24
"CTA00421","DIS01596",2025-08-12
"CTA00498","DIS01800",2026-01-11
"CTA03837","DIS00067",2025-06-12
"CTA02446","DIS00686",2025-06-12
"CTA03394","DIS00024",2026-06-04
"CTA04846","DIS01798",2025-04-11
"CTA01166","DIS01636",2025-09-10
"CTA01769","DIS01399",2025-10-19
"CTA02456","DIS00600",2025-12-18
"CTA02013","DIS00755",2025-09-14
"CTA04087","DIS00362",2025-04-14
"CTA04579","DIS01010",2025-11-28
"CTA03581","DIS01843",2025-08-04
"CTA04241","DIS00207",2025-10-18
"CTA01441","DIS01368",2025-03-02
"CTA04598","DIS00744",2026-02-18
"CTA01744","DIS01790",2025-12-01
"CTA00541","DIS00900",2025-10-07
"CTA00927","DIS01816",2025-01-06
"CTA01448","DIS01998",2026-06-29
"CTA03525","DIS00220",2025-11-19
"CTA01504","DIS00904",2026-01-20
"CTA03173","DIS00281",2025-04-18
"CTA01812","DIS01733",2026-02-02
"CTA04151","DIS01555",2025-04-06
"CTA03783","DIS00486",2026-06-18
"CTA00668","DIS00691",2025-07-24
"CTA03631","DIS00886",2026-07-15
"CTA02906","DIS00804",2025-06-17
"CTA02617","DIS00294",2025-02-23
"CTA01083","DIS00655",2025-11-08
"CTA01478","DIS01356",2025-05-10
"CTA03703","DIS00751",2025-01-15
"CTA01492","DIS00589",2026-01-21
"CTA02645","DIS01393",2025-10-12
"CTA01540","DIS00540",2025-04-08
"CTA03814","DIS00437",2025-01-18
"CTA02301","DIS01778",2025-03-27
"CTA03431","DIS01760",2025-08-24
"CTA02532","DIS01118",2025-05-03
"CTA00814","DIS01007",2025-06-27
"CTA03774","DIS01772",2026-07-01
"CTA03207","DIS01138",2025-06-13
"CTA00395","DIS00282",2025-01-24
"CTA04967","DIS01513",2025-12-07
"CTA02722","DIS01718",2025-05-01
"CTA02754","DIS01350",2025-03-28
"CTA02635","DIS00842",2025-05-13
"CTA02646","DIS01591",2025-05-06
"CTA00445","DIS01317",2026-06-19
"CTA03616","DIS00012",2025-02-03
"CTA00173","DIS00721",2025-07-07
"CTA00708","DIS00801",2025-02-27
"CTA02153","DIS01857",2025-11-08
"CTA02749","DIS00343",2025-08-23
"CTA03731","DIS01332",2026-08-31
"CTA01364","DIS01949",2025-09-22
"CTA02241","DIS01263",2026-04-23
"CTA01141","DIS01386",2026-06-27
"CTA02219","DIS00051",2025-10-15
"CTA04627","DIS01023",2026-05-03
"CTA00562","DIS00932",2026-02-11
"CTA03499","DIS00945",2026-06-30
"CTA04475","DIS01438",2025-07-01
"CTA04869","DIS00829",2025-05-16
"CTA03373","DIS00232",2025-09-19
"CTA01630","DIS00963",2025-09-20
"CTA03085","DIS01451",2025-10-06
"CTA02643","DIS01636",2026-04-12
"CTA00068","DIS01472",2025-09-30
"CTA03984","DIS01676",2025-10-06
"CTA03968","DIS00390",2025-08-02
"CTA02077","DIS01247",2025-06-24
"CTA00377","DIS00592",2025-12-14
"CTA01334","DIS01224",2025-04-11
"CTA03952","DIS00326",2026-08-22
"CTA04364","DIS01413",2025-05-06
"CTA00591","DIS01504",2026-07-01
"CTA00188","DIS00855",2026-05-12
"CTA03764","DIS00810",2025-01-21
"CTA03854","DIS01746",2026-02-10
"CTA00197","DIS01134",2025-12-13
"CTA02541","DIS01274",2025-01-10
"CTA02970","DIS01664",2026-06-17
"CTA04867","DIS01161",2025-01-21
"CTA01200","DIS01750",2026-06-11
"CTA04171","DIS00780",2025-10-17
"CTA01502","DIS01148",2026-05-28
"CTA00084","DIS01374",2025-07-21
"CTA02451","DIS01786",2025-06-08
"CTA04520","DIS00084",2025-07-15
"CTA04318","DIS00680",2025-02-23
"CTA03140","DIS01719",2026-03-11
"CTA03284","DIS00568",2025-05-30
"CTA01161","DIS00711",2025-03-24
"CTA02714","DIS00052",2026-01-01
"CTA04943","DIS00122",2026-06-10
"CTA04856","DIS01577",2025-09-02
"CTA02863","DIS01427",2025-06-13
"CTA03735","DIS00032",2025-04-14
"CTA03598","DIS01374",2026-05-23
"CTA01293","DIS01535",2026-08-03
"CTA00979","DIS00017",2025-03-04
"CTA03737","DIS00071",2025-06-07
"CTA04133","DIS01632",2026-05-04
"CTA00867","DIS00613",2025-02-17
"CTA03178","DIS00860",2025-03-09
"CTA03378","DIS01951",2025-06-14
"CTA00819","DIS01090",2025-07-28
"CTA02543","DIS00519",2025-06-23
"CTA04630","DIS01850",2026-01-26
"CTA04112","DIS00091",2025-01-29
"CTA02981","DIS00398",2025-03-11
"CTA03284","DIS00447",2025-12-19
"CTA01537","DIS00649",2026-06-16
"CTA02009","DIS00004",2026-07-08
"CTA01300","DIS01264",2026-04-03
"CTA04542","DIS01708",2026-06-23
"CTA02304","DIS01514",2025-11-22
"CTA04046","DIS00130",2025-04-26
"CTA00178","DIS01744",2025-05-12
"CTA00167","DIS01041",2026-04-27
"CTA00057","DIS01518",2026-07-08
"CTA04128","DIS01337",2025-10-12
"CTA02740","DIS01928",2026-04-17
"CTA01265","DIS00330",2025-07-28
"CTA00342","DIS00485",2026-02-19
"CTA04692","DIS00675",2026-03-12
"CTA00858","DIS01698",2025-03-06
"CTA00736","DIS00010",2026-04-19
"CTA04032","DIS00185",2026-05-29
"CTA00667","DIS01468",2025-11-01
"CTA03452","DIS01331",2026-04-26
"CTA03050","DIS01496",2025-01-14
"CTA00022","DIS01346",2025-09-10
"CTA01093","DIS01079",2025-04-04
"CTA00739","DIS00435",2025-06-17
"CTA02496","DIS00758",2025-02-16
"CTA02500","DIS00510",2025-07-04
"CTA02706","DIS00892",2026-03-13
"CTA02870","DIS00051",2026-02-21
"CTA04754","DIS01996",2025-04-11
"CTA01813","DIS01295",2025-08-19
"CTA04626","DIS00561",2026-01-27
"CTA00975","DIS00568",2025-12-16
"CTA04808","DIS01431",2025-05-22
"CTA03968","DIS00814",2026-03-26
"CTA00487","DIS01585",2025-12-30
"CTA02064","DIS00143",2026-01-11
"CTA01835","DIS00092",2026-08-22
"CTA00261","DIS00468",2025-08-13
"CTA04139","DIS00341",2025-07-03
"CTA04670","DIS01988",2025-04-26
"CTA01746","DIS01881",2025-12-10
"CTA03545","DIS01429",2026-08-22
"CTA02187","DIS01476",2026-07-23
"CTA03567","DIS00538",2026-08-19
"CTA01150","DIS01758",2026-06-10
"CTA04778","DIS00550",2025-09-20
"CTA02614","DIS00966",2025-05-24
"CTA02616","DIS00034",2025-10-07
"CTA00714","DIS00966",2025-04-08
"CTA04257","DIS00786",2026-02-19
"CTA02223","DIS01790",2025-11-13
"CTA03575","DIS00698",2025-02-15
"CTA00026","DIS00726",2026-06-18
"CTA00135","DIS01987",2026-03-11
"CTA04967","DIS00461",2026-05-01
"CTA00265","DIS01037",2025-04-03
"CTA03589","DIS01187",2026-04-07
"CTA02407","DIS00311",2026-01-26
"CTA01608","DIS01435",2026-05-26
"CTA00412","DIS01582",2025-09-17
"CTA02347","DIS00773",2025-06-18
"CTA00119","DIS01365",2026-08-10
"CTA03960","DIS01043",2026-03-15
"CTA01762","DIS00252",2026-03-12
"CTA04974","DIS01459",2025-04-16
"CTA00056","DIS00819",2025-02-25
"CTA00473","DIS01692",2026-06-14
"CTA00846","DIS00562",2026-02-06
"CTA03824","DIS00195",2025-02-25
"CTA01862","DIS01652",2025-01-25
"CTA01188","DIS01510",2025-09-22
"CTA00210","DIS01348",2025-12-16
"CTA00061","DIS00073",2026-04-02
"CTA02271","DIS01529",2025-03-03
"CTA01623","DIS01243",2026-01-21
"CTA01810","DIS00064",2026-03-05
"CTA02333","DIS01734",2025-02-22
"CTA01840","DIS00133",2026-05-11
"CTA02855","DIS01752",2026-06-01
"CTA03521","DIS00534",2025-06-18
"CTA01794","DIS01422",2025-01-27
"CTA02589","DIS00772",2026-07-22
"CTA01664","DIS00250",2026-08-24
"CTA03886","DIS01513",2025-12-18
"CTA04838","DIS01561",2025-03-25
"CTA04689","DIS01828",2025-05-17
"CTA02392","DIS00797",2026-04-02
"CTA02665","DIS01792",2025-08-21
"CTA04763","DIS01295",2025-02-05
"CTA01311","DIS01087",2026-07-27
"CTA02010","DIS01839",2026-02-14
"CTA00904","DIS01090",2025-01-22
"CTA01422","DIS00364",2025-10-10
"CTA03019","DIS00585",2026-09-01
"CTA04400","DIS00197",2025-04-26
"CTA00709","DIS01423",2025-07-04
"CTA01645","DIS01048",2026-05-27
"CTA02857","DIS01908",2025-05-01
"CTA01730","DIS01126",2025-11-16
"CTA04502","DIS00165",2025-08-11
"CTA04701","DIS01606",2025-12-16
"CTA02931","DIS01543",2026-03-29
"CTA02610","DIS00413",2025-01-13
"CTA00213","DIS00416",2026-01-05
"CTA04289","DIS01136",2025-06-24
"CTA00988","DIS01839",2025-12-12
"CTA04672","DIS01055",2026-03-23
"CTA03653","DIS00694",2026-03-02
"CTA03366","DIS01764",2025-08-28
"CTA02756","DIS01455",2026-05-17
"CTA01785","DIS01168",2026-02-13
"CTA04865","DIS00590",2026-07-15
"CTA01748","DIS00236",2025-11-04
"CTA04927","DIS00475",2025-09-25
"CTA04177","DIS01424",2026-01-18
"CTA03509","DIS00355",2025-08-15
"CTA04738","DIS01619",2025-10-25
"CTA04219","DIS00857",2026-03-29
"CTA02565","DIS01713",2025-06-23
"CTA02692","DIS00764",2025-12-15
"CTA00483","DIS00337",2025-07-19
"CTA04700","DIS01694",2025-06-11
"CTA00898","DIS00103",2026-06-17
"CTA03725","DIS01606",2025-09-03
"CTA04008","DIS01799",2026-05-28
"CTA04212","DIS01207",2026-03-09
"CTA01737","DIS00423",2025-09-07
"CTA03444","DIS01314",2025-04-25
"CTA03701","DIS00365",2026-01-09
"CTA01707","DIS01383",2025-06-07
"CTA00146","DIS01559",2026-04-26
"CTA03183","DIS01844",2026-01-17
"CTA01463","DIS00917",2025-08-12
"CTA04807","DIS01497",2025-04-26
"CTA04697","DIS01660",2026-03-12
"CTA00596","DIS01378",2025-02-23
"CTA02258","DIS00953",2025-07-26
"CTA01441","DIS00739",2025-01-26
"CTA01642","DIS01917",2026-03-28
"CTA00490","DIS01523",2026-05-30
"CTA00168","DIS00926",2025-12-09
"CTA04954","DIS01134",2025-01-03
"CTA03503","DIS01962",2025-12-08
"CTA02520","DIS00155",2025-10-21
"CTA00076","DIS00206",2025-09-09
"CTA04786","DIS01053",2025-08-21
"CTA01146","DIS01353",2025-08-21
"CTA01513","DIS00017",2026-07-12
"CTA01631","DIS00553",2025-02-01
"CTA03514","DIS01511",2025-12-09
"CTA01776","DIS00383",2026-03-24
"CTA03080","DIS00651",2025-01-16
"CTA01766","DIS01910",2025-05-06
"CTA00130","DIS01383",2025-04-04
"CTA00612","DIS00763",2026-02-26
"CTA02244","DIS00901",2025-10-20
"CTA03832","DIS01549",2026-03-16
"CTA03754","DIS00033",2025-12-06
"CTA03105","DIS00087",2026-08-26
"CTA03550","DIS00934",2025-11-29
"CTA02343","DIS01073",2025-07-22
"CTA04763","DIS00056",2026-08-09
"CTA02762","DIS00772",2026-01-19
"CTA04687","DIS00863",2026-03-03
"CTA03133","DIS00379",2025-01-19
"CTA01057","DIS00868",2025-09-12
"CTA04513","DIS01533",2025-12-14
"CTA00174","DIS00839",2025-01-23
"CTA01399","DIS00286",2025-04-14
"CTA02801","DIS01658",2026-07-03
"CTA02685","DIS01793",2026-08-07
"CTA00269","DIS00171",2026-08-13
"CTA03283","DIS00093",2025-10-08
"CTA00898","DIS00080",2026-08-31
"CTA02708","DIS00977",2025-11-15
"CTA02041","DIS01365",2025-07-20
"CTA04264","DIS00659",2026-04-29
"CTA01391","DIS00133",2026-08-14
"CTA02003","DIS01352",2026-04-19
"CTA01514","DIS00452",2026-03-20
"CTA04190","DIS00161",2026-03-27
"CTA04062","DIS01516",2025-08-06
"CTA03831","DIS00992",2025-02-17
"CTA04316","DIS01433",2026-06-26
"CTA01078","DIS00499",2026-01-09
"CTA04166","DIS01299",2025-04-15
"CTA02299","DIS00072",2025-04-06
"CTA00978","DIS00602",2025-12-12
"CTA03514","DIS00284",2025-04-15
"CTA04801","DIS00810",2026-07-19
"CTA03607","DIS00703",2025-02-18
"CTA01060","DIS01135",2026-01-03
"CTA01980","DIS00379",2026-03-10
"CTA03962","DIS00261",2025-11-11
"CTA00514","DIS01846",2026-04-24
"CTA03814","DIS01948",2025-01-11
"CTA00038","DIS00960",2025-08-29
"CTA00378","DIS00831",2025-07-13
"CTA03870","DIS01868",2025-08-22
"CTA01931","DIS00810",2026-02-15
"CTA00721","DIS01502",2025-05-13
"CTA00261","DIS01695",2026-05-31
"CTA02644","DIS00457",2026-01-11
"CTA03437","DIS00946",2026-07-05
"CTA03779","DIS00252",2026-01-30
"CTA04120","DIS00353",2025-10-19
"CTA02853","DIS00634",2026-04-30
"CTA02089","DIS00527",2025-12-21
"CTA02947","DIS00448",2026-06-29
"CTA01666","DIS01085",2025-11-26
"CTA03083","DIS01726",2026-03-20
"CTA01203","DIS00700",2025-08-15
"CTA04659","DIS01250",2026-04-24
"CTA04597","DIS00835",2025-11-15
"CTA02280","DIS01052",2025-11-30
"CTA03837","DIS01846",2025-12-23
"CTA03369","DIS01307",2025-08-10
"CTA04064","DIS01481",2026-07-16
"CTA03573","DIS01854",2026-03-13
"CTA00486","DIS01539",2025-08-06
"CTA04651","DIS01928",2025-06-23
"CTA04679","DIS01340",2025-01-16
"CTA02535","DIS00362",2026-01-09
"CTA02698","DIS00328",2025-04-26
"CTA00507","DIS00973",2025-12-21
"CTA00658","DIS01231",2026-02-19
"CTA00826","DIS00152",2026-06-22
"CTA03353","DIS01813",2025-01-09
"CTA02867","DIS01491",2025-03-14
"CTA00412","DIS01991",2025-02-27
"CTA02109","DIS01535",2025-06-24
"CTA04855","DIS01343",2025-03-15
"CTA01485","DIS00222",2025-08-03
"CTA03417","DIS01928",2026-05-17
"CTA01586","DIS01780",2025-07-31
"CTA00589","DIS00148",2025-12-03
"CTA01045","DIS00541",2025-08-17
"CTA00249","DIS00439",2026-01-23
"CTA03040","DIS01102",2026-01-22
"CTA03884","DIS01326",2025-01-27
"CTA02581","DIS00329",2026-03-14
"CTA04365","DIS01557",2026-06-09
"CTA03120","DIS00125",2025-06-30
"CTA01097","DIS00494",2025-03-29
"CTA04408","DIS00036",2025-04-17
"CTA02370","DIS01609",2026-01-01
"CTA01123","DIS01170",2025-02-12
"CTA01181","DIS00326",2025-12-08
"CTA00651","DIS01666",2026-01-19
"CTA04355","DIS01967",2025-10-19
"CTA00370","DIS01594",2026-06-07
"CTA03269","DIS00757",2025-09-13
"CTA04467","DIS00661",2025-12-01
"CTA04152","DIS01268",2025-10-15
"CTA02880","DIS00025",2026-05-05
"CTA03042","DIS01752",2025-06-20
"CTA03934","DIS00430",2025-10-07
"CTA03562","DIS01070",2026-02-21
"CTA03887","DIS00723",2026-02-05
"CTA00608","DIS00853",2025-06-25
"CTA03790","DIS01143",2026-02-07
"CTA02936","DIS01477",2025-07-13
"CTA01199","DIS00574",2025-05-14
"CTA02113","DIS01703",2025-01-09
"CTA00464","DIS01174",2025-02-16
"CTA01057","DIS01327",2026-03-26
"CTA04101","DIS01348",2026-05-07
"CTA02800","DIS01565",2025-12-04
"CTA04435","DIS00570",2025-05-11
"CTA02241","DIS00363",2026-05-08
"CTA04530","DIS01155",2025-02-22
"CTA04927","DIS00228",2025-10-17
"CTA04886","DIS01729",2025-09-02
"CTA02753","DIS00786",2026-03-07
"CTA01728","DIS01032",2026-03-04
"CTA02203","DIS00222",2025-12-28
"CTA02886","DIS00224",2026-02-16
"CTA00535","DIS00403",2025-12-27
"CTA02841","DIS00415",2025-12-09
"CTA03646","DIS01895",2026-07-18
"CTA02478","DIS00896",2026-04-14
"CTA02779","DIS01010",2025-08-18
"CTA00342","DIS01278",2026-08-31
"CTA00580","DIS01573",2026-02-27
"CTA03405","DIS01461",2026-06-17
"CTA04426","DIS00869",2025-05-25
"CTA00593","DIS00507",2025-11-23
"CTA03917","DIS00825",2026-08-25
"CTA02373","DIS00961",2025-04-10
"CTA02317","DIS00292",2026-06-21
"CTA01149","DIS00070",2025-11-09
"CTA01726","DIS00141",2026-07-20
"CTA01191","DIS01572",2025-03-23
"CTA02659","DIS01327",2025-04-07
"CTA03463","DIS00019",2026-01-12
"CTA02095","DIS01893",2025-12-23
"CTA04182","DIS01257",2025-10-01
"CTA04873","DIS01398",2025-07-24
"CTA04397","DIS01002",2025-10-09
"CTA00012","DIS01854",2026-06-11
"CTA03448","DIS01545",2025-11-28
"CTA02534","DIS00107",2025-07-01
"CTA04610","DIS01698",2025-11-19
"CTA04603","DIS01141",2025-07-30
"CTA01811","DIS00774",2025-05-23
"CTA01299","DIS01146",2025-11-29
"CTA01464","DIS00519",2025-06-30
"CTA00970","DIS01495",2026-02-01
"CTA00074","DIS00797",2025-04-12
"CTA03815","DIS01279",2026-08-04
"CTA03910","DIS00950",2025-12-25
"CTA02782","DIS01108",2025-02-14
"CTA03513","DIS01663",2026-05-26
"CTA00863","DIS00467",2025-07-14
"CTA03430","DIS00063",2025-11-08
"CTA03791","DIS01383",2025-04-10
"CTA04498","DIS00387",2025-05-25
"CTA02290","DIS01164",2025-10-02
"CTA02318","DIS01823",2025-03-04
"CTA03949","DIS01853",2025-01-27
"CTA01361","DIS00183",2026-01-05
"CTA01211","DIS00685",2025-08-29
"CTA02017","DIS00467",2026-08-26
"CTA02947","DIS01585",2025-09-04
"CTA04723","DIS01935",2026-05-05
"CTA04578","DIS01591",2025-03-04
"CTA01237","DIS00459",2025-01-23
"CTA00836","DIS00890",2025-08-05
"CTA02183","DIS00535",2026-05-04
"CTA04104","DIS01170",2026-05-20
"CTA04946","DIS00963",2026-07-06
"CTA03196","DIS01784",2026-02-04
"CTA01886","DIS01738",2026-02-24
"CTA03912","DIS01070",2026-08-11
"CTA04493","DIS01936",2025-12-05
"CTA01545","DIS01152",2026-08-13
"CTA01733","DIS01647",2026-07-22
"CTA01446","DIS00095",2025-05-12
"CTA00598","DIS00910",2025-04-09
"CTA04993","DIS01892",2026-03-25
"CTA01056","DIS01965",2026-06-24
"CTA04616","DIS00006",2025-02-13
"CTA04802","DIS00243",2026-04-29
"CTA00389","DIS00316",2025-11-11
"CTA04563","DIS01582",2025-06-13
"CTA01056","DIS01720",2025-12-10
"CTA02873","DIS00879",2025-08-31
"CTA04966","DIS00020",2026-03-03
"CTA00691","DIS01268",2026-01-10
"CTA00475","DIS00644",2026-08-28
"CTA01407","DIS00857",2025-01-16
"CTA00580","DIS01549",2026-04-14
"CTA03427","DIS00343",2025-03-26
"CTA01716","DIS01610",2026-04-26
"CTA02974","DIS01819",2025-11-06
"CTA02509","DIS01283",2026-02-22
"CTA01056","DIS00377",2025-01-25
"CTA01418","DIS01450",2025-11-21
"CTA00341","DIS01530",2025-10-17
"CTA00026","DIS00576",2026-07-28
"CTA02038","DIS01251",2026-03-23
"CTA00175","DIS01240",2026-07-27
"CTA04708","DIS01105",2025-04-08
"CTA04186","DIS01916",2025-10-02
"CTA02481","DIS00006",2025-02-18
"CTA00517","DIS01840",2025-06-14
"CTA00340","DIS01571",2025-07-05
"CTA03580","DIS01706",2026-08-25
"CTA00993","DIS00625",2025-03-04
"CTA00974","DIS00491",2026-02-18
"CTA00547","DIS00212",2026-01-15
"CTA04101","DIS00852",2025-03-23
"CTA03036","DIS00472",2026-07-22
"CTA03740","DIS01712",2025-10-10
"CTA02531","DIS01680",2025-11-12
"CTA00512","DIS00610",2025-09-09
"CTA04077","DIS01711",2025-02-17
"CTA00382","DIS01611",2025-11-24
"CTA03754","DIS01493",2025-04-12
"CTA04368","DIS00173",2025-07-16
"CTA00683","DIS01478",2026-07-06
"CTA04017","DIS01443",2025-06-03
"CTA04703","DIS00026",2026-08-11
"CTA02023","DIS00984",2025-04-07
"CTA03184","DIS01455",2026-06-10
"CTA02116","DIS01972",2025-08-20
"CTA02465","DIS00940",2026-06-03
"CTA01509","DIS01448",2025-11-26
"CTA04794","DIS00020",2026-04-17
"CTA03701","DIS01630",2025-02-03
"CTA04131","DIS00810",2025-01-13
"CTA04219","DIS00826",2026-07-01
"CTA00871","DIS00192",2025-09-05
"CTA01226","DIS00859",2025-03-03
"CTA03466","DIS01081",2025-12-20
"CTA00855","DIS00317",2025-06-28
"CTA01132","DIS01784",2026-04-04
"CTA02611","DIS01952",2025-01-02
"CTA03410","DIS01716",2025-01-06
"CTA00378","DIS01935",2026-07-23
"CTA03118","DIS01423",2025-06-21
"CTA03143","DIS01702",2025-07-19
"CTA02506","DIS00656",2025-10-04
"CTA03585","DIS01386",2025-12-25
"CTA02131","DIS00070",2025-12-29
"CTA03226","DIS01883",2026-08-21
"CTA04281","DIS00393",2026-06-09
"CTA00084","DIS01202",2025-05-10
"CTA03518","DIS01419",2025-03-18
"CTA03123","DIS00975",2025-08-04
"CTA04263","DIS01647",2026-08-16
"CTA01346","DIS00991",2025-04-27
"CTA01265","DIS01090",2026-04-03
"CTA01892","DIS01588",2025-10-23
"CTA04152","DIS00863",2025-08-27
"CTA04340","DIS01705",2025-12-19
"CTA01127","DIS01085",2025-11-29
"CTA00122","DIS00827",2025-10-25
"CTA02485","DIS01797",2025-08-18
"CTA03653","DIS00597",2025-05-31
"CTA00564","DIS00878",2025-11-18
"CTA02727","DIS00456",2026-01-24
"CTA02255","DIS00459",2025-12-20
"CTA02662","DIS01610",2025-01-01
"CTA00024","DIS00518",2025-06-12
"CTA00482","DIS01954",2025-08-12
"CTA03787","DIS00056",2026-02-27
"CTA00099","DIS00583",2025-01-27
"CTA04158","DIS01647",2026-07-28
"CTA00185","DIS01174",2025-08-27
"CTA02517","DIS00776",2026-07-22
"CTA01913","DIS00629",2025-05-04
"CTA03917","DIS01223",2026-03-30
"CTA01411","DIS00626",2026-06-05
"CTA02468","DIS00403",2026-02-19
"CTA00566","DIS00790",2025-12-28
"CTA04784","DIS01850",2025-11-28
"CTA02854","DIS01255",2025-05-15
"CTA03264","DIS01362",2026-05-23
"CTA02493","DIS00744",2026-04-30
"CTA03892","DIS01620",2025-02-21
"CTA02468","DIS00135",2025-01-01
"CTA00015","DIS01231",2026-09-01
"CTA00720","DIS01697",2025-06-19
"CTA01892","DIS00677",2025-11-17
"CTA02284","DIS01747",2025-04-02
"CTA03940","DIS01288",2025-03-11
"CTA03612","DIS00513",2025-02-03
"CTA04039","DIS01774",2025-04-05
"CTA01885","DIS00590",2025-05-31
"CTA00178","DIS00174",2025-06-13
"CTA04667","DIS01305",2025-06-09
"CTA04371","DIS01823",2025-02-17
"CTA04016","DIS00526",2025-03-03
"CTA04751","DIS00957",2025-01-17
"CTA01859","DIS00929",2026-07-15
"CTA02383","DIS00030",2025-02-23
"CTA04155","DIS00037",2025-06-30
"CTA04980","DIS01995",2025-10-07
"CTA01495","DIS01915",2026-03-16
"CTA02702","DIS00946",2025-01-27
"CTA01786","DIS00495",2025-01-17
"CTA01049","DIS01991",2026-05-04
"CTA04201","DIS00782",2026-03-24
"CTA03145","DIS01016",2026-01-24
"CTA01463","DIS00026",2026-06-28
"CTA02855","DIS01124",2026-07-12
"CTA04065","DIS00382",2026-05-27
"CTA01632","DIS01020",2026-06-30
"CTA00929","DIS00442",2025-06-21
"CTA00874","DIS01903",2025-06-04
"CTA00244","DIS01641",2025-10-07
"CTA02391","DIS01494",2026-08-25
"CTA01530","DIS01416",2026-01-29
"CTA01788","DIS01640",2025-03-30
"CTA00617","DIS01151",2026-08-27
"CTA02071","DIS00279",2026-08-08
"CTA04065","DIS01958",2025-01-22
"CTA00962","DIS00516",2025-10-17
"CTA01190","DIS00923",2026-08-14
"CTA00947","DIS01625",2025-06-29
"CTA01556","DIS00287",2025-07-19
"CTA01822","DIS01380",2026-02-23
"CTA03940","DIS00771",2026-01-23
"CTA02093","DIS01053",2025-08-09
"CTA00268","DIS00707",2025-09-10
"CTA02459","DIS00759",2025-12-08
"CTA02419","DIS00722",2025-11-25
"CTA03773","DIS01302",2025-08-13
"CTA01725","DIS01626",2026-06-05
"CTA00788","DIS01231",2025-05-11
"CTA02325","DIS01234",2025-01-07
"CTA03529","DIS01641",2026-01-19
"CTA00408","DIS01487",2025-08-07
"CTA04251","DIS01846",2025-06-05
"CTA01414","DIS01812",2026-07-12
"CTA04202","DIS00563",2026-08-30
"CTA02445","DIS00244",2025-08-27
"CTA03562","DIS01428",2025-06-24
"CTA03151","DIS00176",2025-09-10
"CTA00589","DIS00308",2026-05-31
"CTA00823","DIS01485",2026-08-04
"CTA04767","DIS01968",2025-04-27
"CTA02639","DIS00125",2025-07-13
"CTA03565","DIS01014",2026-03-03
"CTA00556","DIS00236",2025-05-19
"CTA04426","DIS01056",2026-06-30
"CTA04785","DIS00386",2025-01-12
"CTA03592","DIS01649",2025-06-16
"CTA02852","DIS01488",2025-05-05
"CTA04401","DIS01646",2025-09-27
"CTA04477","DIS01842",2026-01-16
"CTA02784","DIS00664",2025-12-29
"CTA02283","DIS00121",2026-07-21
"CTA01953","DIS00356",2025-10-28
"CTA04674","DIS01520",2026-03-01
"CTA00300","DIS00101",2025-11-16
"CTA03904","DIS00829",2025-12-26
"CTA01290","DIS01785",2025-02-25
"CTA03752","DIS01868",2025-10-09
"CTA04133","DIS01015",2025-06-25
"CTA02938","DIS00964",2026-03-10
"CTA02487","DIS00775",2026-06-14
"CTA04323","DIS00563",2025-12-13
"CTA02842","DIS01081",2025-09-15
"CTA04623","DIS01411",2025-11-17
"CTA01444","DIS01414",2025-11-29
"CTA03059","DIS01954",2026-08-31
"CTA01499","DIS00247",2025-07-03
"CTA04161","DIS00489",2026-07-18
"CTA04173","DIS00057",2025-02-28
"CTA04579","DIS01685",2025-01-19
"CTA01700","DIS01796",2025-07-02
"CTA00784","DIS00403",2026-07-06
"CTA00746","DIS01605",2025-08-23
"CTA03403","DIS01932",2026-05-18
"CTA01579","DIS00801",2026-07-09
"CTA01301","DIS00120",2026-03-21
"CTA04269","DIS00321",2025-04-11
"CTA02472","DIS01213",2026-05-07
"CTA00237","DIS01474",2025-01-26
"CTA03687","DIS01590",2025-08-16
"CTA03857","DIS00019",2026-04-22
"CTA00310","DIS01924",2025-03-11
"CTA01495","DIS01871",2025-09-27
"CTA01238","DIS00027",2025-01-31
"CTA02459","DIS00997",2025-07-10
"CTA02452","DIS00441",2026-03-15
"CTA02548","DIS00890",2026-05-22
"CTA00802","DIS00657",2026-07-26
"CTA03861","DIS01900",2025-10-15
"CTA04906","DIS00792",2025-04-11
"CTA01516","DIS01474",2025-01-26
"CTA00395","DIS01951",2025-05-07
"CTA00020","DIS00370",2025-02-15
"CTA04504","DIS01484",2025-12-11
"CTA01050","DIS01814",2025-01-10
"CTA03161","DIS01641",2026-05-04
"CTA00856","DIS01501",2026-06-04
"CTA02790","DIS00183",2026-06-05
"CTA02637","DIS00743",2025-07-17
"CTA02905","DIS01301",2025-09-11
"CTA01421","DIS00499",2026-01-21
"CTA00758","DIS01037",2026-07-14
"CTA01786","DIS00554",2025-08-17
"CTA04038","DIS01968",2026-08-21
"CTA03939","DIS00727",2026-03-13
"CTA02637","DIS01169",2025-01-13
"CTA03593","DIS00538",2026-05-28
"CTA00290","DIS01976",2025-01-08
"CTA03238","DIS00877",2025-03-19
"CTA00911","DIS00902",2025-06-03
"CTA02544","DIS01923",2025-08-06
"CTA03418","DIS00493",2025-12-04
"CTA01809","DIS00314",2025-10-31
"CTA04270","DIS00888",2025-10-17
"CTA01519","DIS01622",2025-02-09
"CTA01356","DIS01744",2026-03-29
"CTA00194","DIS01024",2025-11-03
"CTA02635","DIS01372",2025-09-20
"CTA00596","DIS00546",2026-07-12
"CTA04947","DIS00417",2026-06-26
"CTA04999","DIS00191",2025-10-22
"CTA02401","DIS00567",2026-07-04
"CTA02518","DIS00942",2025-12-12
"CTA03849","DIS01188",2025-01-23
"CTA00242","DIS00572",2025-11-28
"CTA02827","DIS01382",2026-04-01
"CTA00738","DIS00564",2025-12-14
"CTA04393","DIS01683",2025-01-13
"CTA00275","DIS00124",2026-08-12
"CTA04695","DIS00577",2025-12-16
"CTA03633","DIS00526",2025-02-10
"CTA01315","DIS00931",2025-11-07
"CTA03539","DIS01551",2025-11-01
"CTA03161","DIS00182",2026-07-19
"CTA01531","DIS00237",2026-04-07
"CTA03941","DIS00921",2026-04-11
"CTA02361","DIS00345",2026-01-26
"CTA01783","DIS01836",2025-10-06
"CTA03996","DIS00233",2025-05-26
"CTA01870","DIS01866",2025-06-12
"CTA03643","DIS01861",2025-09-25
"CTA02475","DIS01802",2025-01-29
"CTA02438","DIS01575",2025-12-05
"CTA03512","DIS00994",2026-01-11
"CTA04957","DIS01529",2026-01-03
"CTA03125","DIS00255",2025-06-25
"CTA01884","DIS00291",2026-02-05
"CTA04596","DIS00143",2025-02-15
"CTA01506","DIS00670",2026-03-29
"CTA03405","DIS01284",2026-08-30
"CTA01300","DIS00718",2026-02-17
"CTA00669","DIS00090",2026-01-20
"CTA02730","DIS00584",2026-05-10
"CTA01635","DIS00357",2026-06-24
"CTA00311","DIS00884",2026-04-12
"CTA00508","DIS01271",2025-03-24
"CTA03595","DIS00883",2026-08-29
"CTA02453","DIS00102",2025-01-26
"CTA03086","DIS01112",2025-03-10
"CTA01910","DIS01900",2025-10-29
"CTA04967","DIS00916",2025-10-14
"CTA03532","DIS00266",2025-06-29
"CTA01176","DIS00946",2026-05-25
"CTA01325","DIS00376",2026-02-03
"CTA02858","DIS01457",2026-08-31
"CTA03631","DIS01245",2025-06-26
"CTA04706","DIS01753",2026-03-23
"CTA00898","DIS00983",2025-06-12
"CTA03902","DIS01177",2026-08-04
"CTA01569","DIS00166",2025-04-27
"CTA00316","DIS01992",2025-09-14
"CTA00937","DIS00249",2026-02-15
"CTA00942","DIS01085",2026-01-21
"CTA03032","DIS01963",2025-09-15
"CTA04269","DIS01804",2025-02-06
"CTA02061","DIS00288",2026-03-27
"CTA03230","DIS01351",2025-05-06
"CTA00739","DIS01559",2025-07-26
"CTA00431","DIS00088",2026-04-05
"CTA03454","DIS01616",2025-05-24
"CTA04075","DIS01316",2025-08-09
"CTA03574","DIS01852",2026-08-02
"CTA03220","DIS01223",2025-06-12
"CTA02656","DIS00995",2025-05-03
"CTA03206","DIS01859",2025-06-08
"CTA00364","DIS00156",2025-08-16
"CTA03650","DIS01440",2026-01-12
"CTA01953","DIS01006",2025-03-30
"CTA04365","DIS01288",2025-04-04
"CTA02086","DIS00517",2026-08-19
"CTA01343","DIS01042",2025-05-07
"CTA00551","DIS00259",2025-07-18
"CTA02457","DIS00550",2026-08-01
"CTA02500","DIS00972",2025-01-05
"CTA04132","DIS00161",2026-03-31
"CTA03617","DIS01332",2025-03-18
"CTA03743","DIS01121",2025-09-15
"CTA01305","DIS01881",2025-06-10
"CTA04359","DIS01901",2025-07-28
"CTA02460","DIS01152",2025-05-27
"CTA02980","DIS00626",2025-10-14
"CTA02980","DIS00297",2025-09-11
"CTA04203","DIS01935",2025-04-12
"CTA02446","DIS00956",2025-07-18
"CTA02128","DIS00530",2026-08-28
"CTA02354","DIS01100",2025-03-30
"CTA04088","DIS01016",2025-06-24
"CTA00444","DIS01094",2025-02-15
"CTA03162","DIS00921",2025-04-18
"CTA02083","DIS01855",2025-03-03
"CTA00797","DIS00924",2026-08-24
"CTA04656","DIS00688",2025-03-04
"CTA01565","DIS01283",2026-08-23
"CTA02007","DIS01890",2025-08-01
"CTA01873","DIS01365",2025-05-05
"CTA00048","DIS00271",2025-01-27
"CTA04388","DIS01157",2025-03-23
"CTA04780","DIS01934",2025-04-09
"CTA04304","DIS01126",2025-03-11
"CTA02380","DIS01663",2026-06-09
"CTA01364","DIS00026",2025-04-06
"CTA03654","DIS01895",2025-06-27
"CTA02580","DIS01472",2025-08-11
"CTA02961","DIS00274",2025-10-07
"CTA02843","DIS01250",2025-08-13
"CTA00137","DIS01308",2026-07-27
"CTA03157","DIS00381",2026-03-24
"CTA04247","DIS00907",2025-08-07
"CTA00865","DIS01081",2026-06-06
"CTA00564","DIS01842",2026-08-12
"CTA02350","DIS00800",2025-04-16
"CTA01173","DIS00511",2026-08-14
"CTA00043","DIS01095",2026-09-01
"CTA04718","DIS00629",2025-02-26
"CTA03478","DIS00397",2026-04-26
"CTA02416","DIS01778",2026-06-20
"CTA04283","DIS00143",2026-05-05
"CTA00106","DIS01229",2025-06-13
"CTA03190","DIS00696",2025-02-10
"CTA04674","DIS00153",2025-01-20
"CTA00719","DIS01756",2025-09-30
"CTA00155","DIS01166",2025-09-06
"CTA03404","DIS01606",2026-04-01
"CTA00525","DIS01000",2026-08-11
"CTA04717","DIS00694",2025-10-15
"CTA03499","DIS01970",2026-02-17
"CTA03581","DIS01278",2025-12-17
"CTA04849","DIS00579",2026-07-13
"CTA04826","DIS00043",2026-08-15
"CTA03695","DIS00512",2025-01-02
"CTA02113","DIS00290",2026-02-13
"CTA01919","DIS00908",2026-08-17
"CTA04178","DIS01811",2025-06-08
"CTA02677","DIS00284",2026-03-20
"CTA01564","DIS00847",2025-12-29
"CTA00857","DIS01721",2026-07-23
"CTA02259","DIS01764",2026-02-17
"CTA02200","DIS01010",2025-02-18
"CTA00897","DIS01304",2026-03-12
"CTA04080","DIS00242",2025-12-20
"CTA04458","DIS00190",2025-07-26
"CTA04333","DIS01661",2026-04-10
"CTA00754","DIS00893",2026-02-07
"CTA04090","DIS00483",2025-05-15
"CTA02645","DIS01077",2025-12-04
"CTA03765","DIS01133",2026-01-26
"CTA01551","DIS01708",2025-04-07
"CTA03536","DIS00436",2026-06-25
"CTA03916","DIS00964",2025-10-26
"CTA02019","DIS01910",2025-02-27
"CTA01295","DIS01667",2026-03-08
"CTA00982","DIS00124",2026-03-12
"CTA04370","DIS01913",2025-11-26
"CTA00928","DIS00929",2025-12-05
"CTA03063","DIS00445",2025-10-23
"CTA04408","DIS01360",2026-02-14
"CTA01377","DIS01463",2025-05-12
"CTA01424","DIS00863",2026-06-22
"CTA02694","DIS00870",2026-04-04
"CTA04878","DIS01957",2026-03-20
"CTA01057","DIS01515",2025-10-20
"CTA02883","DIS01844",2025-09-17
"CTA02189","DIS00446",2026-06-12
"CTA00751","DIS00786",2025-10-31
"CTA01365","DIS00910",2025-11-25
"CTA04187","DIS01303",2025-07-21
"CTA03429","DIS01851",2025-05-28
"CTA03696","DIS01635",2025-06-27
"CTA02570","DIS01688",2026-08-14
"CTA00392","DIS01728",2025-06-07
"CTA01653","DIS01078",2025-03-12
"CTA02988","DIS01966",2025-07-02
"CTA01838","DIS00602",2025-10-28
"CTA02571","DIS01532",2026-05-28
"CTA03286","DIS01301",2025-08-11
"CTA00698","DIS01927",2026-01-05
"CTA03503","DIS00458",2025-02-26
"CTA01419","DIS00498",2026-08-14
"CTA02398","DIS00275",2025-02-24
"CTA03638","DIS01283",2026-08-06
"CTA00389","DIS01622",2026-06-09
"CTA00051","DIS00735",2025-11-01
"CTA00478","DIS00692",2026-07-25
"CTA04024","DIS00303",2026-01-02
"CTA04717","DIS00244",2025-06-20
"CTA00110","DIS01699",2026-01-16
"CTA03784","DIS01210",2025-11-04
"CTA02893","DIS00346",2025-04-20
"CTA04179","DIS00830",2026-07-18
"CTA01546","DIS00734",2025-05-01
"CTA02548","DIS00043",2025-11-20
"CTA00237","DIS01489",2025-04-29
"CTA03412","DIS01719",2025-04-04
"CTA03900","DIS01843",2025-01-28
"CTA00802","DIS00896",2026-06-25
"CTA02130","DIS01068",2026-03-18
"CTA02435","DIS01902",2025-07-27
"CTA03834","DIS00038",2026-08-02
"CTA00933","DIS00534",2025-10-17
"CTA04588","DIS00472",2026-01-11
"CTA03584","DIS00839",2025-08-15
"CTA01962","DIS00709",2025-07-20
"CTA02259","DIS00803",2025-06-15
"CTA00943","DIS00611",2026-01-19
"CTA00648","DIS01683",2025-06-02
"CTA04239","DIS00544",2025-07-07
"CTA04255","DIS01839",2025-09-18
"CTA03160","DIS01447",2026-04-27
"CTA04946","DIS00579",2026-01-17
"CTA00894","DIS01899",2025-01-29
"CTA04362","DIS00605",2026-04-04
"CTA03347","DIS01101",2026-03-16
"CTA02234","DIS00116",2026-08-28
"CTA04301","DIS01299",2025-03-02
"CTA00010","DIS00236",2026-04-18
"CTA03317","DIS00829",2025-09-12
"CTA03590","DIS00163",2025-05-05
"CTA00663","DIS01126",2026-03-05
"CTA00065","DIS01396",2026-06-04
"CTA00091","DIS01499",2025-11-03
"CTA01617","DIS01007",2026-04-21
"CTA00657","DIS01846",2025-09-28
"CTA01255","DIS00367",2026-07-20
"CTA02193","DIS00985",2026-07-18
"CTA03952","DIS01700",2025-06-02
"CTA01845","DIS00526",2025-09-10
"CTA03823","DIS01831",2025-02-06
"CTA04397","DIS01671",2026-08-23
"CTA00017","DIS00920",2025-06-02
"CTA02902","DIS01861",2025-05-06
"CTA02369","DIS01673",2026-04-30
"CTA00339","DIS00072",2025-05-17
"CTA03509","DIS01169",2026-06-09
"CTA02925","DIS00039",2025-10-20
"CTA02514","DIS00070",2026-01-12
"CTA00694","DIS01285",2025-07-27
"CTA01549","DIS01241",2026-06-17
"CTA04844","DIS00739",2025-08-01
"CTA00772","DIS00507",2025-05-30
"CTA01076","DIS00168",2025-08-18
"CTA01594","DIS01870",2025-04-18
"CTA03903","DIS01996",2025-08-06
"CTA04733","DIS01455",2025-08-12
"CTA00359","DIS00979",2026-06-04
"CTA00959","DIS01778",2025-11-21
"CTA04789","DIS00414",2026-08-29
"CTA01733","DIS00338",2026-03-02
"CTA02132","DIS00471",2025-07-23
"CTA03231","DIS01782",2026-03-24
"CTA02384","DIS01434",2025-12-02
"CTA04231","DIS01698",2025-12-10
"CTA01052","DIS00814",2026-06-30
"CTA00640","DIS01779",2025-02-18
"CTA04235","DIS01409",2026-04-06
"CTA03636","DIS00209",2025-03-03
"CTA04553","DIS00976",2026-06-24
"CTA02228","DIS01158",2025-05-22
"CTA04475","DIS00934",2026-03-05
"CTA03579","DIS01050",2025-05-01
"CTA03348","DIS01518",2025-02-12
"CTA00856","DIS00222",2026-01-13
"CTA02060","DIS00931",2025-07-09
"CTA03534","DIS01930",2025-12-01
"CTA03024","DIS01774",2025-05-28
"CTA03464","DIS01522",2025-07-30
"CTA00779","DIS01742",2025-08-04
"CTA04623","DIS01890",2026-07-15
"CTA02527","DIS00508",2025-01-17
"CTA01501","DIS01057",2026-02-15
"CTA01021","DIS00681",2026-04-01
"CTA03100","DIS00488",2025-02-05
"CTA02105","DIS00648",2026-04-09
"CTA04257","DIS00697",2025-03-12
"CTA04305","DIS00833",2025-02-13
"CTA00984","DIS00376",2025-11-05
"CTA04299","DIS01340",2026-07-09
"CTA03850","DIS00932",2025-11-26
"CTA02394","DIS00127",2026-06-21
"CTA01064","DIS00633",2026-04-02
"CTA04290","DIS01703",2025-11-03
"CTA02767","DIS01821",2026-07-15
"CTA01772","DIS00029",2025-07-09
"CTA04626","DIS01824",2025-04-30
"CTA02804","DIS01902",2025-07-25
"CTA04948","DIS00916",2026-05-29
"CTA02415","DIS01339",2025-11-14
"CTA04949","DIS01087",2026-05-27
"CTA02328","DIS00008",2025-04-17
"CTA02062","DIS01622",2026-06-19
"CTA03273","DIS00325",2025-09-30
"CTA03887","DIS00150",2025-02-16
"CTA02879","DIS00080",2026-04-12
"CTA02105","DIS00971",2026-06-18
"CTA00752","DIS00722",2025-09-25
"CTA01425","DIS01390",2025-09-13
"CTA00777","DIS00706",2025-05-19
"CTA04989","DIS00784",2025-08-25
"CTA00554","DIS00411",2026-07-08
"CTA02542","DIS01128",2025-04-13
"CTA04794","DIS01152",2025-08-29
"CTA03875","DIS01893",2025-09-20
"CTA03783","DIS01972",2025-05-15
"CTA03602","DIS01656",2025-03-07
"CTA03576","DIS01815",2025-11-28
"CTA03333","DIS00617",2025-04-28
"CTA01920","DIS01029",2026-08-18
"CTA00300","DIS00936",2026-02-20
"CTA01977","DIS00532",2026-06-08
"CTA03163","DIS01732",2025-01-13
"CTA03967","DIS00426",2026-01-17
"CTA04591","DIS00373",2025-09-27
"CTA04377","DIS01186",2025-03-23
"CTA04552","DIS01871",2026-01-15
"CTA00257","DIS01805",2025-10-14
"CTA04875","DIS00689",2025-06-30
"CTA02759","DIS00292",2025-09-13
"CTA02499","DIS00868",2026-04-07
"CTA04484","DIS01560",2025-08-19
"CTA00864","DIS00819",2025-04-05
"CTA04774","DIS00371",2025-01-05
"CTA01608","DIS01361",2025-09-01
"CTA02683","DIS01020",2026-04-17
"CTA04992","DIS01409",2026-01-01
"CTA02079","DIS01651",2025-07-25
"CTA01660","DIS00603",2026-04-18
"CTA00702","DIS00640",2026-08-02
"CTA02503","DIS00906",2026-06-06
"CTA02982","DIS01134",2025-09-19
"CTA00213","DIS00664",2025-01-07
"CTA00588","DIS00900",2025-05-20
"CTA03085","DIS00172",2025-03-05
"CTA03840","DIS01970",2025-02-16
"CTA04277","DIS01034",2025-03-03
"CTA04532","DIS01122",2026-02-26
"CTA03117","DIS00066",2025-12-16
"CTA00968","DIS01396",2025-03-02
"CTA01176","DIS01842",2025-05-11
"CTA04000","DIS01529",2026-03-27
"CTA03429","DIS01815",2026-05-07
"CTA02590","DIS01094",2025-05-12
"CTA00493","DIS00997",2025-09-01
"CTA04629","DIS01166",2026-08-05
"CTA00459","DIS00613",2025-01-09
"CTA01063","DIS00739",2026-04-24
"CTA03802","DIS01873",2026-01-15
"CTA01640","DIS00646",2025-05-26
"CTA03014","DIS01302",2025-10-26
"CTA03831","DIS00264",2025-04-28
"CTA04719","DIS01639",2025-12-31
"CTA01096","DIS01785",2026-08-08
"CTA02135","DIS01882",2025-11-18
"CTA02109","DIS00922",2026-09-01
"CTA01061","DIS01509",2025-08-04
"CTA00680","DIS01000",2026-08-12
"CTA02339","DIS01204",2025-08-01
"CTA01406","DIS00058",2026-07-16
"CTA00678","DIS00071",2026-03-16
"CTA03190","DIS01342",2025-05-23
"CTA04799","DIS01738",2026-08-07
"CTA02470","DIS01950",2025-11-16
"CTA02763","DIS01959",2025-04-14
"CTA01303","DIS00588",2025-06-22
"CTA02373","DIS00289",2025-04-22
"CTA04148","DIS00306",2025-04-30
"CTA04000","DIS01433",2026-04-23
"CTA04031","DIS00931",2026-05-04
"CTA03848","DIS01367",2025-07-08
"CTA01490","DIS00407",2026-07-26
"CTA01807","DIS01194",2025-01-30
"CTA03661","DIS01810",2025-04-27
"CTA03834","DIS00358",2025-09-19
"CTA02527","DIS00042",2026-05-13
"CTA00220","DIS01963",2025-06-19
"CTA00999","DIS00845",2025-11-28
"CTA01551","DIS01542",2025-06-08
"CTA04207","DIS00014",2026-06-25
"CTA04631","DIS01866",2025-03-11
"CTA01134","DIS00919",2025-08-06
"CTA03676","DIS00111",2026-06-27
"CTA03761","DIS00298",2026-04-11
"CTA03503","DIS00804",2026-03-21
"CTA01146","DIS00211",2025-06-28
"CTA02437","DIS00946",2025-05-03
"CTA03846","DIS00660",2025-05-01
"CTA04437","DIS01001",2025-05-30
"CTA01269","DIS01176",2025-10-21
"CTA04555","DIS00441",2025-08-11
"CTA00582","DIS00589",2025-11-05
"CTA00245","DIS01197",2026-03-12
"CTA04032","DIS00198",2025-09-01
"CTA00731","DIS01392",2026-04-15
"CTA03966","DIS00026",2026-02-24
"CTA04281","DIS01359",2025-12-15
"CTA02705","DIS01453",2025-01-28
"CTA01895","DIS00654",2025-12-11
"CTA03701","DIS00239",2025-11-10
"CTA02151","DIS01895",2025-11-14
"CTA00796","DIS00796",2025-06-18
"CTA01948","DIS01490",2025-04-28
"CTA04681","DIS01865",2026-01-22
"CTA03116","DIS01398",2026-05-26
"CTA04218","DIS01080",2025-10-22
"CTA02282","DIS00754",2025-09-26
"CTA02775","DIS01779",2025-02-28
"CTA04929","DIS01024",2026-07-01
"CTA01920","DIS01892",2026-03-11
"CTA01616","DIS00308",2026-06-06
"CTA04607","DIS00961",2025-11-28
"CTA03155","DIS00074",2026-01-17
"CTA01635","DIS01214",2026-08-13
"CTA03434","DIS00324",2025-01-03
"CTA02992","DIS00497",2026-02-27
"CTA03528","DIS00830",2026-02-21
"CTA01761","DIS01418",2025-03-13
"CTA04494","DIS00671",2026-03-27
"CTA00462","DIS01059",2026-08-15
"CTA02669","DIS00299",2025-05-02
"CTA03538","DIS00892",2025-12-01
"CTA01005","DIS01844",2026-02-17
"CTA04503","DIS00601",2025-01-09
"CTA01047","DIS00929",2025-05-13
"CTA04490","DIS01447",2025-09-19
"CTA00047","DIS01100",2025-03-21
"CTA02980","DIS01167",2025-09-06
"CTA03144","DIS00664",2025-06-19
"CTA03935","DIS01361",2026-05-11
"CTA00260","DIS00032",2025-03-31
"CTA01410","DIS00651",2025-07-30
"CTA04539","DIS00731",2026-07-11
"CTA00059","DIS01023",2026-07-14
"CTA04234","DIS01510",2025-05-01
"CTA03909","DIS00764",2025-11-30
"CTA03154","DIS00015",2025-07-05
"CTA04220","DIS01475",2025-12-13
"CTA04502","DIS00952",2026-01-16
"CTA00540","DIS00804",2026-08-02
"CTA00363","DIS01035",2025-04-14
"CTA04452","DIS00892",2026-06-20
"CTA04672","DIS01012",2025-09-15
"CTA01158","DIS00389",2026-05-30
"CTA01862","DIS01382",2025-11-30
"CTA00136","DIS00761",2025-06-07
"CTA01268","DIS00433",2026-08-28
"CTA00717","DIS01224",2025-06-08
"CTA01624","DIS01246",2025-02-28
"CTA02765","DIS01576",2025-05-31
"CTA00785","DIS01147",2025-04-08
"CTA00563","DIS01500",2025-09-02
"CTA00771","DIS01309",2026-05-17
"CTA00833","DIS01306",2026-04-07
"CTA04732","DIS00429",2025-04-15
"CTA04523","DIS01862",2025-12-05
"CTA01366","DIS00478",2026-01-27
"CTA03878","DIS00546",2025-07-25
"CTA03884","DIS01226",2026-03-26
"CTA01545","DIS01558",2026-06-11
"CTA04623","DIS00887",2025-10-31
"CTA02300","DIS00606",2026-01-19
"CTA03727","DIS01607",2025-07-22
"CTA02694","DIS00436",2025-02-08
"CTA04862","DIS01025",2025-03-09
"CTA02279","DIS01252",2025-05-09
"CTA03965","DIS01353",2026-03-30
"CTA02061","DIS01416",2025-04-23
"CTA03509","DIS01845",2025-11-26
"CTA00273","DIS00538",2026-03-12
"CTA04420","DIS00192",2025-06-16
"CTA01112","DIS01063",2025-07-28
"CTA03764","DIS00085",2025-11-18
"CTA00976","DIS01448",2025-02-24
"CTA03132","DIS00326",2025-05-16
"CTA04618","DIS01560",2026-03-23
"CTA02167","DIS01307",2025-06-28
"CTA03034","DIS00258",2026-02-16
"CTA01027","DIS01695",2026-04-23
"CTA01154","DIS00090",2026-03-31
"CTA02699","DIS00242",2025-09-16
"CTA00611","DIS00588",2025-02-07
"CTA04164","DIS01938",2025-08-24
"CTA01428","DIS01463",2025-12-27
"CTA00583","DIS01298",2025-12-09
"CTA02126","DIS01444",2025-01-02
"CTA03061","DIS01416",2025-10-01
"CTA00719","DIS00349",2025-08-01
"CTA03810","DIS00612",2026-07-07
"CTA00824","DIS00265",2026-04-29
"CTA03363","DIS01640",2025-06-06
"CTA01609","DIS01298",2025-02-01
"CTA04774","DIS00076",2026-07-17
"CTA02689","DIS00422",2026-08-09
"CTA00675","DIS01030",2025-05-03
"CTA03901","DIS01653",2026-08-14
"CTA04838","DIS00349",2026-06-18
"CTA01501","DIS00445",2025-03-09
"CTA00123","DIS00356",2025-12-15
"CTA00227","DIS01643",2026-01-14
"CTA03256","DIS01937",2026-06-22
"CTA02476","DIS01270",2026-03-06
"CTA00977","DIS00538",2025-04-10
"CTA02717","DIS00589",2025-12-18
"CTA02995","DIS00893",2026-02-02
"CTA02554","DIS00199",2025-04-08
"CTA02157","DIS01211",2026-07-21
"CTA04567","DIS01281",2025-05-14
"CTA04379","DIS01300",2026-04-21
"CTA03804","DIS00256",2026-08-11
"CTA00470","DIS01599",2025-09-16
"CTA00031","DIS01817",2026-08-26
"CTA02681","DIS00723",2025-05-26
"CTA02603","DIS01489",2026-05-19
"CTA00791","DIS01343",2025-01-18
"CTA03113","DIS00147",2026-06-19
"CTA00228","DIS00469",2026-03-30
"CTA03731","DIS01519",2025-06-04
"CTA03616","DIS01669",2025-11-30
"CTA02860","DIS00666",2026-01-17
"CTA03720","DIS00325",2026-04-18
"CTA00872","DIS00574",2025-12-20
"CTA04165","DIS01140",2025-03-16
"CTA00799","DIS00662",2025-12-18
"CTA00689","DIS00629",2026-07-16
"CTA00380","DIS00585",2026-07-15
"CTA04955","DIS01772",2025-07-05
"CTA02689","DIS00870",2025-12-07
"CTA00250","DIS01038",2026-02-11
"CTA02987","DIS01463",2025-04-03
"CTA03529","DIS01931",2025-12-14
"CTA00598","DIS01209",2026-03-16
"CTA02425","DIS00994",2025-11-15
"CTA02749","DIS01410",2025-11-07
"CTA01397","DIS01469",2025-04-01
"CTA02736","DIS00285",2025-02-20
"CTA04969","DIS01622",2026-04-21
"CTA00799","DIS01081",2026-07-14
"CTA02985","DIS01494",2025-12-17
"CTA02831","DIS01746",2025-12-07
"CTA03669","DIS01295",2025-10-18
"CTA02046","DIS00063",2025-09-14
"CTA03419","DIS00578",2026-06-03
"CTA01791","DIS01201",2026-07-13
"CTA00572","DIS01460",2025-09-29
"CTA02359","DIS00731",2025-08-13
"CTA01544","DIS01291",2026-03-24
"CTA01814","DIS01675",2026-08-24
"CTA02208","DIS00051",2025-05-12
"CTA04894","DIS00740",2026-01-21
"CTA02295","DIS00071",2025-08-31
"CTA04048","DIS00689",2026-08-30
"CTA01326","DIS01794",2025-12-07
"CTA01209","DIS00835",2025-10-22
"CTA03154","DIS01830",2025-02-11
"CTA04402","DIS00212",2026-06-19
"CTA00567","DIS01504",2025-09-15
"CTA02306","DIS01756",2025-05-05
"CTA01822","DIS00983",2025-04-18
"CTA04228","DIS01763",2026-05-23
"CTA04914","DIS01333",2025-10-26
"CTA01826","DIS00855",2025-01-30
"CTA02983","DIS00808",2025-07-23
"CTA03475","DIS01723",2025-09-27
"CTA03292","DIS00680",2025-08-28
"CTA04221","DIS01549",2025-11-10
"CTA03410","DIS00790",2026-06-06
"CTA03230","DIS01830",2025-12-09
"CTA02419","DIS01341",2025-10-26
"CTA02122","DIS00020",2026-08-11
"CTA03485","DIS01426",2026-06-02
"CTA04290","DIS00805",2025-12-20
"CTA01115","DIS01302",2025-11-05
"CTA00182","DIS00789",2025-03-24
"CTA03102","DIS00712",2025-02-09
"CTA00321","DIS00787",2025-03-09
"CTA00346","DIS00114",2026-08-09
"CTA00398","DIS01335",2025-02-02
"CTA00955","DIS00996",2026-03-07
"CTA04157","DIS01031",2026-05-23
"CTA01102","DIS00685",2025-06-24
"CTA03074","DIS01276",2025-11-25
"CTA00022","DIS01829",2026-04-01
"CTA03324","DIS00146",2026-08-02
"CTA00276","DIS01616",2026-02-03
"CTA01570","DIS00789",2025-01-28
"CTA02422","DIS00094",2025-06-27
"CTA04923","DIS00859",2026-03-14
"CTA04983","DIS00550",2025-06-25
"CTA03627","DIS01149",2025-11-02
"CTA02584","DIS00393",2025-05-17
"CTA03368","DIS01432",2025-04-18
"CTA02580","DIS01526",2025-01-23
"CTA01475","DIS01230",2025-10-04
"CTA04045","DIS01709",2025-03-07
"CTA01417","DIS00832",2026-04-19
"CTA01072","DIS00325",2025-06-22
"CTA00314","DIS00066",2026-03-25
"CTA04351","DIS00587",2025-12-29
"CTA03294","DIS00204",2026-08-07
"CTA03260","DIS01428",2025-02-06
"CTA03103","DIS01502",2025-08-10
"CTA02912","DIS01268",2026-02-04
"CTA03890","DIS01652",2026-06-09
"CTA04183","DIS01221",2025-05-30
"CTA01484","DIS01396",2025-08-22
"CTA03287","DIS00966",2026-02-18
"CTA03461","DIS01922",2025-06-20
"CTA04086","DIS00599",2025-06-19
"CTA02085","DIS01476",2025-06-26
"CTA00483","DIS01070",2025-02-12
"CTA02331","DIS01307",2026-08-06
"CTA04107","DIS00360",2025-10-09
"CTA03438","DIS00039",2026-08-20
"CTA02868","DIS00358",2026-01-25
"CTA03488","DIS00708",2025-05-29
"CTA02878","DIS00975",2026-02-20
"CTA01283","DIS00334",2026-07-01
"CTA02809","DIS00248",2026-05-25
"CTA00895","DIS01629",2026-02-10
"CTA01749","DIS01678",2025-01-14
"CTA02175","DIS00395",2025-11-17
"CTA02962","DIS00588",2026-03-05
"CTA03337","DIS01128",2026-04-17
"CTA04029","DIS01891",2026-04-01
"CTA02161","DIS01160",2025-05-28
"CTA01015","DIS01484",2025-08-26
"CTA01986","DIS01523",2025-11-20
"CTA01262","DIS00706",2025-11-30
"CTA03738","DIS01856",2025-02-14
"CTA01325","DIS01534",2026-07-15
"CTA03919","DIS01160",2026-08-21
"CTA03028","DIS00783",2025-01-03
"CTA04358","DIS00038",2025-06-03
"CTA03626","DIS01717",2026-06-28
"CTA03002","DIS01894",2025-07-09
"CTA04746","DIS00800",2026-04-03
"CTA02506","DIS01771",2026-02-19
"CTA01391","DIS01430",2025-02-04
"CTA04131","DIS00847",2025-02-05
"CTA00343","DIS01725",2026-03-07
"CTA02180","DIS01954",2025-09-05
"CTA01074","DIS01661",2025-02-03
"CTA02287","DIS01163",2025-05-22
"CTA01623","DIS00020",2026-04-28
"CTA02440","DIS00889",2025-05-05
"CTA03524","DIS00084",2026-08-05
"CTA04743","DIS01547",2026-02-25
"CTA00190","DIS01025",2025-02-12
"CTA00774","DIS01807",2026-04-02
"CTA01691","DIS01504",2025-06-08
"CTA02536","DIS01419",2026-04-19
"CTA01238","DIS00883",2025-10-24
"CTA03720","DIS00087",2025-06-19
"CTA03543","DIS01968",2026-05-08
"CTA03249","DIS01067",2026-01-08
"CTA01940","DIS01506",2025-10-29
"CTA02520","DIS00351",2025-12-20
"CTA00462","DIS01423",2026-01-27
"CTA01608","DIS00485",2026-07-11
"CTA01387","DIS01802",2026-06-01
"CTA02769","DIS00465",2025-01-15
"CTA00068","DIS01060",2025-05-13
"CTA00903","DIS01325",2025-08-27
"CTA03183","DIS01113",2026-07-17
"CTA00922","DIS00949",2026-03-28
"CTA00317","DIS00481",2026-05-03
"CTA02824","DIS00328",2025-09-10
"CTA02471","DIS01001",2026-02-15
"CTA00095","DIS01273",2026-08-17
"CTA03220","DIS00609",2026-06-15
"CTA00233","DIS01052",2026-04-03
"CTA01633","DIS01801",2025-10-17
"CTA04211","DIS00760",2025-02-16
"CTA00516","DIS00796",2026-05-10
"CTA02383","DIS01255",2025-11-14
"CTA00172","DIS01693",2025-03-17
"CTA00865","DIS00597",2026-07-23
"CTA00668","DIS01661",2026-07-26
"CTA00782","DIS00661",2025-05-01
"CTA00177","DIS00175",2025-03-22
"CTA02852","DIS00071",2025-03-27
"CTA02296","DIS00730",2025-06-21
"CTA02737","DIS00656",2025-02-25
"CTA03501","DIS00150",2026-05-15
"CTA04413","DIS01841",2026-03-21
"CTA01924","DIS00618",2026-06-05
"CTA03590","DIS00605",2026-08-10
"CTA00943","DIS01212",2025-05-13
"CTA03111","DIS00812",2026-03-17
"CTA00457","DIS01646",2025-04-08
"CTA03877","DIS01159",2025-02-13
"CTA00666","DIS00408",2025-06-15
"CTA02997","DIS01078",2025-09-16
"CTA03262","DIS00623",2025-04-12
"CTA03769","DIS00447",2026-01-05
"CTA04206","DIS01917",2026-02-16
"CTA00989","DIS01988",2026-08-31
"CTA04706","DIS00117",2026-01-02
"CTA04744","DIS00883",2025-11-18
"CTA04906","DIS01237",2026-01-11
"CTA01195","DIS00609",2025-02-01
"CTA02281","DIS01786",2026-04-15
"CTA00129","DIS01511",2025-06-09
"CTA01859","DIS01466",2025-02-18
"CTA00585","DIS00073",2025-01-05
"CTA01813","DIS00161",2026-01-03
"CTA04923","DIS00554",2025-05-17
"CTA03573","DIS00077",2025-04-08
"CTA00699","DIS01837",2026-04-28
"CTA01470","DIS01449",2025-05-23
"CTA00798","DIS00463",2025-12-10
"CTA03252","DIS00321",2026-03-23
"CTA01787","DIS01403",2026-06-18
"CTA03573","DIS00053",2026-08-19
"CTA01601","DIS00941",2026-07-11
"CTA04819","DIS00896",2025-06-30
"CTA04952","DIS01436",2025-07-23
"CTA03398","DIS00751",2025-08-22
"CTA02403","DIS00257",2025-03-12
"CTA00354","DIS00290",2026-01-07
"CTA03447","DIS01717",2025-04-07
"CTA03205","DIS00689",2026-07-27
"CTA03452","DIS01077",2025-12-11
"CTA01257","DIS01613",2025-11-10
"CTA04882","DIS00687",2025-02-04
"CTA04131","DIS00557",2026-02-11
"CTA00574","DIS01781",2025-04-02
"CTA03365","DIS01194",2025-03-23
"CTA03269","DIS00610",2026-07-09
"CTA00039","DIS00687",2025-09-01
"CTA00711","DIS00569",2025-07-26
"CTA04863","DIS01595",2025-09-14
"CTA03488","DIS01688",2025-12-30
"CTA04217","DIS01352",2025-05-31
"CTA04236","DIS00503",2025-12-17
"CTA02076","DIS01293",2025-08-21
"CTA03935","DIS00821",2025-12-04
"CTA02822","DIS01472",2026-01-07
"CTA02588","DIS00423",2026-01-24
"CTA01072","DIS00455",2026-04-11
"CTA02865","DIS00206",2026-02-11
"CTA04132","DIS01116",2025-12-03
"CTA04727","DIS00494",2025-06-22
"CTA04758","DIS01721",2026-06-10
"CTA00659","DIS01084",2026-07-05
"CTA01938","DIS01102",2025-04-21
"CTA04436","DIS01500",2026-06-10
"CTA04337","DIS00402",2025-09-13
"CTA02858","DIS01216",2026-05-01
"CTA03644","DIS01613",2025-05-15
"CTA02242","DIS01847",2026-06-24
"CTA02815","DIS01135",2026-01-03
"CTA01402","DIS00025",2025-11-26
"CTA00252","DIS01501",2025-12-09
"CTA03552","DIS00546",2026-05-03
"CTA01722","DIS01375",2026-07-17
"CTA04077","DIS00600",2026-01-08
"CTA00833","DIS01526",2025-06-02
"CTA03489","DIS00186",2025-10-17
"CTA03933","DIS00324",2026-07-16
"CTA01955","DIS00306",2026-02-15
"CTA00062","DIS01200",2025-10-27
"CTA02359","DIS00661",2025-02-27
"CTA04430","DIS00076",2025-01-27
"CTA00133","DIS00260",2025-03-21
"CTA01669","DIS01282",2025-12-17
"CTA04409","DIS00229",2026-05-14
"CTA01202","DIS00718",2025-12-23
"CTA01895","DIS01193",2025-04-07
"CTA03878","DIS00704",2025-03-03
"CTA00915","DIS00023",2025-05-09
"CTA00990","DIS01127",2026-02-19
"CTA03510","DIS00041",2026-05-20
"CTA03297","DIS00838",2025-11-22
"CTA00566","DIS01125",2026-03-27
"CTA03846","DIS01062",2026-05-08
"CTA01864","DIS00503",2025-10-29
"CTA01320","DIS00121",2026-08-29
"CTA03791","DIS00949",2026-06-02
"CTA02384","DIS01785",2025-11-25
"CTA04001","DIS01378",2025-12-11
"CTA02946","DIS00394",2025-10-16
"CTA04998","DIS00579",2025-03-10
"CTA03940","DIS00670",2026-06-13
"CTA01681","DIS00944",2025-02-12
"CTA04580","DIS01685",2025-12-28
"CTA04962","DIS00888",2025-03-08
"CTA01204","DIS00999",2026-07-15
"CTA02663","DIS00182",2026-08-28
"CTA00879","DIS00786",2025-12-09
"CTA02536","DIS01828",2025-04-22
"CTA02998","DIS00878",2026-02-10
"CTA04690","DIS00097",2026-07-20
"CTA03954","DIS01886",2026-07-04
"CTA03699","DIS00502",2025-07-09
"CTA04182","DIS01010",2025-01-04
"CTA00639","DIS01386",2025-05-05
"CTA02305","DIS01850",2025-05-03
"CTA04155","DIS01814",2025-02-14
"CTA01905","DIS00161",2025-12-27
"CTA01653","DIS00755",2025-09-17
"CTA00221","DIS01380",2025-03-12
"CTA00761","DIS01137",2026-01-31
"CTA01463","DIS01447",2025-07-10
"CTA01780","DIS00464",2025-06-26
"CTA04034","DIS00366",2025-08-05
"CTA03153","DIS01774",2026-02-19
"CTA01122","DIS01835",2025-07-21
"CTA04651","DIS01527",2026-03-01
"CTA04498","DIS01101",2026-04-19
"CTA02915","DIS01322",2025-10-09
"CTA01227","DIS00444",2025-09-06
"CTA03839","DIS01795",2025-11-17
"CTA02323","DIS01617",2026-06-21
"CTA02075","DIS00298",2025-06-01
"CTA03040","DIS01639",2025-03-03
"CTA03435","DIS00963",2025-07-26
"CTA04570","DIS01598",2025-12-05
"CTA01282","DIS01233",2026-02-09
"CTA01145","DIS01464",2025-01-28
"CTA03178","DIS00660",2025-06-19
"CTA02001","DIS01065",2025-05-28
"CTA01452","DIS01301",2026-06-13
"CTA04581","DIS01936",2026-04-16
"CTA01882","DIS00551",2025-02-03
"CTA00168","DIS00657",2025-03-06
"CTA04020","DIS00841",2025-11-03
"CTA00715","DIS01085",2026-07-18
"CTA03439","DIS00113",2025-04-12
"CTA02162","DIS00264",2025-05-27
"CTA04098","DIS00187",2025-01-07
"CTA03514","DIS01273",2026-08-01
"CTA04245","DIS00393",2025-04-10
"CTA04702","DIS00078",2026-07-04
"CTA03715","DIS00431",2025-07-12
"CTA00148","DIS01877",2025-07-19
"CTA04882","DIS01673",2026-04-20
"CTA03144","DIS00126",2025-05-09
"CTA03310","DIS00559",2026-01-18
"CTA02787","DIS00268",2026-08-10
"CTA02623","DIS00990",2025-09-22
"CTA02631","DIS01051",2026-06-03
"CTA03066","DIS00805",2025-06-22
"CTA02155","DIS01789",2026-05-28
"CTA01795","DIS00593",2025-03-09
"CTA04415","DIS01121",2025-06-12
"CTA04062","DIS00072",2025-04-30
"CTA00639","DIS01138",2026-05-20
"CTA02695","DIS00960",2025-12-17
"CTA01466","DIS01698",2025-07-22
"CTA03671","DIS00341",2026-06-11
"CTA04041","DIS01596",2025-03-22
"CTA02052","DIS01652",2025-11-01
"CTA03161","DIS01394",2026-08-21
"CTA02752","DIS00808",2025-01-27
"CTA03534","DIS00655",2025-12-27
"CTA01174","DIS00837",2026-06-27
"CTA00783","DIS00438",2026-02-13
"CTA01113","DIS00926",2026-01-11
"CTA02308","DIS01427",2026-01-11
"CTA01866","DIS00168",2025-05-30
"CTA01353","DIS01651",2026-06-07
"CTA01593","DIS00877",2026-01-15
"CTA04061","DIS01947",2025-04-26
"CTA02261","DIS00170",2025-08-29
"CTA02855","DIS00015",2026-03-03
"CTA02674","DIS00783",2026-01-16
"CTA00851","DIS00865",2025-11-29
"CTA04017","DIS00844",2025-04-21
"CTA01080","DIS00021",2026-04-13
"CTA01515","DIS01014",2026-03-22
"CTA01574","DIS01513",2025-09-09
"CTA04092","DIS00730",2026-04-04
"CTA02417","DIS01052",2025-04-16
"CTA02936","DIS00245",2025-10-04
"CTA01114","DIS00940",2026-02-11
"CTA04986","DIS00997",2025-11-07
"CTA01144","DIS00076",2026-06-19
"CTA01098","DIS01706",2026-02-24
"CTA03623","DIS00101",2026-06-08
"CTA00799","DIS01667",2025-07-03
"CTA03028","DIS00227",2025-05-20
"CTA00537","DIS00158",2025-07-09
"CTA01612","DIS01066",2026-04-24
"CTA04354","DIS01557",2026-07-08
"CTA04533","DIS01437",2026-06-12
"CTA02599","DIS01815",2025-10-09
"CTA04878","DIS00514",2025-01-19
"CTA02135","DIS00568",2026-06-20
"CTA02621","DIS00111",2026-08-07
"CTA00335","DIS01620",2025-03-07
"CTA00361","DIS00553",2026-01-19
"CTA04631","DIS01203",2025-01-21
"CTA04706","DIS00618",2026-03-05
"CTA02178","DIS00073",2025-10-13
"CTA01257","DIS00576",2025-05-03
"CTA01135","DIS00867",2026-01-24
"CTA00262","DIS00429",2026-07-08
"CTA04140","DIS00142",2026-05-17
"CTA04737","DIS00752",2025-06-27
"CTA03359","DIS01723",2025-12-24
"CTA03923","DIS00914",2025-06-20
"CTA02754","DIS00789",2025-04-16
"CTA04105","DIS01356",2026-06-19
"CTA01750","DIS01342",2026-06-21
"CTA00238","DIS00875",2025-12-04
"CTA01528","DIS00129",2026-05-03
"CTA01116","DIS01053",2025-05-11
"CTA02318","DIS01194",2025-09-24
"CTA04795","DIS00358",2025-07-21
"CTA04755","DIS00640",2025-04-20
"CTA00731","DIS00657",2026-01-08
"CTA00344","DIS01577",2025-10-31
"CTA04750","DIS00996",2025-09-02
"CTA02115","DIS01417",2026-04-21
"CTA04056","DIS00022",2025-12-09
"CTA01315","DIS01300",2026-06-12
"CTA03589","DIS00258",2026-06-18
"CTA02401","DIS00680",2025-02-09
"CTA00284","DIS01788",2025-10-25
"CTA03334","DIS00875",2025-04-24
"CTA01204","DIS01953",2025-06-22
"CTA03024","DIS00109",2025-08-09
"CTA02257","DIS00234",2025-09-18
"CTA04867","DIS01842",2025-06-18
"CTA03829","DIS01740",2026-01-31
"CTA02726","DIS00949",2025-09-29
"CTA01140","DIS01737",2026-02-17
"CTA04369","DIS00935",2026-01-07
"CTA03766","DIS01014",2026-02-08
"CTA00961","DIS00387",2025-05-22
"CTA00401","DIS00819",2026-07-26
"CTA04931","DIS01927",2026-06-13
"CTA04848","DIS01635",2026-08-15
"CTA00929","DIS01481",2025-10-26
"CTA02541","DIS00811",2025-05-28
"CTA03249","DIS00595",2026-06-17
"CTA03711","DIS00032",2025-01-11
"CTA00727","DIS01551",2026-01-29
"CTA00164","DIS01345",2025-09-05
"CTA01474","DIS01675",2025-09-09
"CTA03409","DIS00843",2025-01-23
"CTA01464","DIS01845",2025-01-30
"CTA04012","DIS01456",2026-03-10
"CTA04951","DIS00750",2025-07-31
"CTA03411","DIS00976",2025-04-12
"CTA01569","DIS00119",2026-08-27
"CTA00758","DIS01704",2025-01-26
"CTA04017","DIS00337",2025-12-09
"CTA03064","DIS00741",2025-12-20
"CTA03990","DIS01177",2026-03-12
"CTA03428","DIS00776",2026-06-30
"CTA03698","DIS00595",2025-04-23
"CTA02955","DIS01584",2025-12-15
"CTA04435","DIS00433",2025-08-19
"CTA02483","DIS01705",2026-01-22
"CTA00905","DIS00098",2025-12-15
"CTA02431","DIS00125",2026-02-07
"CTA00289","DIS00530",2025-02-21
"CTA01206","DIS01159",2025-12-12
"CTA00903","DIS00055",2026-08-27
"CTA02538","DIS01057",2025-11-14
"CTA03282","DIS01392",2026-06-10
"CTA03299","DIS01148",2025-03-27
"CTA01454","DIS00064",2025-03-01
"CTA04681","DIS00632",2026-01-26
"CTA04203","DIS00352",2025-12-27
"CTA04964","DIS00548",2025-02-04
"CTA03617","DIS00294",2025-05-13
"CTA01341","DIS00514",2025-07-13
"CTA01669","DIS00322",2026-04-25
"CTA00994","DIS01864",2025-02-02
"CTA01755","DIS01213",2025-03-25
"CTA01994","DIS00710",2025-07-04
"CTA02160","DIS00193",2025-05-13
"CTA00999","DIS01939",2026-02-12
"CTA04996","DIS01762",2025-07-13
"CTA00087","DIS01633",2026-04-25
"CTA01575","DIS00474",2025-08-03
"CTA01455","DIS00500",2025-09-28
"CTA02303","DIS00357",2026-05-28
"CTA02490","DIS00232",2025-06-21
"CTA03101","DIS00570",2026-07-13
"CTA04805","DIS00518",2026-05-08
"CTA04201","DIS00524",2025-03-28
"CTA02012","DIS01005",2026-01-31
"CTA00103","DIS01567",2026-03-06
"CTA00469","DIS01688",2026-04-12
"CTA03265","DIS00812",2025-05-18
"CTA01941","DIS00037",2025-03-09
"CTA01871","DIS01402",2025-03-15
"CTA04051","DIS01590",2026-04-30
"CTA03856","DIS00918",2026-04-13
"CTA01949","DIS01404",2026-03-09
"CTA01116","DIS01682",2025-08-11
"CTA00459","DIS00011",2025-10-06
"CTA03302","DIS01213",2025-11-29
"CTA00713","DIS01100",2025-12-03
"CTA01549","DIS00061",2026-05-19
"CTA00994","DIS01873",2025-01-25
"CTA03900","DIS01320",2025-05-21
"CTA00366","DIS01366",2026-03-11
"CTA04178","DIS00514",2026-08-17
"CTA01748","DIS00105",2026-05-22
"CTA03184","DIS01352",2025-07-12
"CTA00749","DIS00059",2025-09-14
"CTA04981","DIS00448",2025-09-27
"CTA00465","DIS01935",2025-02-09
"CTA03449","DIS01549",2026-06-19
"CTA00782","DIS00714",2026-07-09
"CTA04385","DIS00433",2026-08-23
"CTA01963","DIS00273",2026-06-18
"CTA02300","DIS01689",2026-06-18
"CTA01926","DIS01345",2025-10-20
"CTA04939","DIS01399",2026-07-15
"CTA00773","DIS01404",2026-03-30
"CTA01949","DIS00791",2026-07-16
"CTA01057","DIS01941",2026-05-31
"CTA00551","DIS00091",2025-08-21
"CTA02051","DIS01651",2026-04-21
"CTA03996","DIS00654",2026-02-10
"CTA02022","DIS00938",2025-03-24
"CTA00642","DIS01980",2025-07-11
"CTA04911","DIS01344",2025-02-26
"CTA01780","DIS00716",2026-08-21
"CTA03009","DIS00163",2025-03-23
"CTA02171","DIS01655",2025-03-22
"CTA04778","DIS00450",2026-01-15
"CTA02906","DIS00511",2025-02-24
"CTA02334","DIS00674",2026-06-24
"CTA01049","DIS00643",2025-11-10
"CTA04735","DIS01890",2025-03-03
"CTA00470","DIS00951",2025-08-28
"CTA00143","DIS00245",2025-07-13
"CTA00185","DIS01286",2025-06-14
"CTA01024","DIS01802",2025-02-26
"CTA04990","DIS00282",2025-01-20
"CTA00097","DIS01572",2026-02-03
"CTA00434","DIS00724",2025-04-02
"CTA04931","DIS00318",2025-01-18
"CTA00514","DIS01439",2026-06-04
"CTA04413","DIS00682",2026-04-18
"CTA02841","DIS01926",2025-09-11
"CTA04974","DIS01283",2026-01-24
"CTA02169","DIS01174",2026-04-19
"CTA00618","DIS01952",2026-02-19
"CTA03804","DIS00916",2025-01-02
"CTA04596","DIS00329",2025-01-22
"CTA03519","DIS01990",2025-08-24
"CTA02640","DIS00512",2025-03-18
"CTA01412","DIS01158",2025-09-10
"CTA02632","DIS00995",2026-03-20
"CTA03171","DIS00603",2025-09-28
"CTA01655","DIS00228",2025-06-10
"CTA03263","DIS01475",2025-05-15
"CTA01829","DIS01467",2025-01-19
"CTA03218","DIS01877",2025-04-24
"CTA04184","DIS01501",2025-06-21
"CTA02687","DIS00411",2026-06-20
"CTA03942","DIS01363",2025-12-05
"CTA03298","DIS00547",2025-03-14
"CTA00713","DIS01597",2026-04-08
"CTA01847","DIS00097",2025-05-24
"CTA00419","DIS01320",2025-07-06
"CTA02114","DIS01834",2025-03-24
"CTA03398","DIS01496",2025-06-10
"CTA01057","DIS00927",2025-11-05
"CTA03880","DIS01349",2026-01-07
"CTA04762","DIS00494",2025-07-10
"CTA00975","DIS00548",2026-03-10
"CTA04671","DIS00664",2025-10-05
"CTA03115","DIS01448",2026-02-26
"CTA04174","DIS00345",2025-11-07
"CTA02863","DIS01188",2025-01-13
"CTA03964","DIS00035",2026-06-18
"CTA03642","DIS00182",2025-03-01
"CTA04276","DIS00297",2026-03-22
"CTA04247","DIS00476",2025-05-01
"CTA04782","DIS01331",2026-07-03
"CTA04430","DIS00130",2026-07-28
"CTA01731","DIS00318",2025-04-30
"CTA04037","DIS01814",2025-11-06
"CTA03590","DIS00925",2026-01-17
"CTA01194","DIS00703",2026-06-12
"CTA02299","DIS01638",2026-03-28
"CTA03486","DIS00833",2025-12-08
"CTA04386","DIS00078",2026-02-17
"CTA02563","DIS01987",2026-03-09
"CTA01028","DIS00051",2025-01-19
"CTA03770","DIS01116",2026-06-30
"CTA03985","DIS01647",2026-06-30
"CTA01727","DIS00565",2025-07-04
"CTA01366","DIS01497",2026-03-27
"CTA03085","DIS00442",2025-06-02
"CTA03335","DIS00729",2025-01-25
"CTA01423","DIS00741",2025-05-08
"CTA00949","DIS01457",2025-04-17
"CTA04233","DIS01661",2025-02-17
"CTA03327","DIS00208",2025-04-02
"CTA04723","DIS00652",2026-07-07
"CTA02414","DIS01128",2026-07-10
"CTA04846","DIS00887",2025-09-26
"CTA01680","DIS01512",2025-04-12
"CTA00407","DIS01587",2026-01-13
"CTA00174","DIS00450",2026-04-17
"CTA03351","DIS00484",2026-01-29
"CTA01547","DIS01209",2025-01-07
"CTA01177","DIS00783",2025-08-08
"CTA00387","DIS00714",2025-11-25
"CTA03122","DIS01585",2025-12-12
"CTA01913","DIS01670",2025-07-29
"CTA00200","DIS00468",2026-07-07
"CTA01326","DIS00509",2026-02-20
"CTA01755","DIS00239",2025-12-12
"CTA03156","DIS00456",2025-03-09
"CTA00114","DIS01256",2026-06-07
"CTA03636","DIS00451",2026-06-04
"CTA03459","DIS01566",2026-07-03
"CTA02166","DIS01439",2025-01-14
"CTA00759","DIS01386",2026-03-14
"CTA03680","DIS01888",2025-07-19
"CTA00732","DIS00019",2025-10-16
"CTA02802","DIS01389",2025-06-22
"CTA00629","DIS01260",2025-08-02
"CTA00472","DIS01129",2025-10-15
"CTA00624","DIS01052",2026-07-26
"CTA02257","DIS01375",2025-03-21
"CTA03854","DIS00421",2025-02-08
"CTA01338","DIS00865",2026-03-20
"CTA02184","DIS01496",2025-09-13
"CTA00554","DIS00343",2025-10-04
"CTA01140","DIS01398",2026-06-08
"CTA01158","DIS00311",2025-06-08
"CTA03536","DIS01181",2025-08-14
"CTA01914","DIS01478",2025-06-18
"CTA03322","DIS01466",2025-11-23
"CTA04440","DIS00542",2025-08-14
"CTA03179","DIS00526",2026-03-02
"CTA00955","DIS00909",2025-07-18
"CTA04511","DIS00025",2026-04-21
"CTA02113","DIS01744",2025-05-11
"CTA04476","DIS00269",2026-05-11
"CTA02845","DIS01562",2025-02-18
"CTA04392","DIS00603",2025-07-21
"CTA01337","DIS01033",2025-02-26
"CTA02019","DIS00339",2025-05-21
"CTA00825","DIS01899",2025-12-03
"CTA03176","DIS01497",2025-08-17
"CTA02119","DIS01936",2025-11-08
"CTA01127","DIS00091",2026-06-25
"CTA01833","DIS00389",2025-08-25
"CTA04602","DIS00820",2026-06-16
"CTA03132","DIS01644",2026-02-12
"CTA03363","DIS01342",2025-01-07
"CTA01223","DIS00800",2025-01-15
"CTA03132","DIS00196",2025-04-03
"CTA04431","DIS00701",2025-07-28
"CTA00533","DIS01119",2026-03-23
"CTA04493","DIS01464",2026-05-31
"CTA03354","DIS00895",2025-10-29
"CTA04381","DIS01596",2025-07-03
"CTA04367","DIS00640",2026-05-29
"CTA04946","DIS00558",2025-12-04
"CTA00670","DIS00755",2025-08-21
"CTA03749","DIS01524",2026-03-15
"CTA01394","DIS01764",2026-04-09
"CTA03985","DIS00914",2025-05-06
"CTA02385","DIS00894",2026-03-21
"CTA02402","DIS00030",2025-09-14
"CTA02739","DIS00095",2025-11-28
"CTA00545","DIS01447",2025-09-05
"CTA04626","DIS00101",2025-06-15
"CTA00082","DIS01192",2025-08-26
"CTA02061","DIS00109",2025-08-17
"CTA02139","DIS00456",2026-06-26
"CTA03716","DIS01504",2026-05-15
"CTA02399","DIS01183",2026-05-15
"CTA00896","DIS00359",2026-02-16
"CTA01871","DIS00406",2025-11-11
"CTA00941","DIS01777",2025-01-19
"CTA02299","DIS00146",2025-09-13
"CTA02288","DIS01157",2025-12-14
"CTA03031","DIS01346",2025-02-23
"CTA02228","DIS01696",2026-07-09
"CTA02226","DIS01552",2025-07-03
"CTA03946","DIS00726",2026-06-29
"CTA02721","DIS00219",2025-05-21
"CTA00406","DIS01812",2025-07-18
"CTA03215","DIS01096",2025-05-06
"CTA03771","DIS00794",2025-05-29
"CTA00216","DIS00035",2026-03-02
"CTA01809","DIS01879",2025-03-20
"CTA01775","DIS01909",2025-04-03
"CTA03475","DIS00493",2026-01-24
"CTA01442","DIS01950",2026-01-30
"CTA04817","DIS00141",2026-03-28
"CTA03260","DIS01204",2025-09-13
"CTA00353","DIS01517",2026-08-04
"CTA03644","DIS00149",2026-05-25
"CTA01962","DIS01525",2025-08-13
"CTA04019","DIS01730",2026-08-21
"CTA03395","DIS00754",2025-10-03
"CTA02468","DIS01381",2026-03-01
"CTA01347","DIS01729",2025-06-19
"CTA02400","DIS01189",2026-05-28
"CTA02768","DIS00452",2025-03-01
"CTA04719","DIS01053",2025-01-10
"CTA02009","DIS00857",2026-05-17
"CTA03166","DIS00554",2025-12-25
"CTA00456","DIS00997",2025-03-06
"CTA00968","DIS00591",2025-03-16
"CTA04257","DIS01866",2025-07-08
"CTA04322","DIS01515",2025-03-15
"CTA01444","DIS01207",2025-02-04
"CTA01920","DIS00634",2025-07-30
"CTA02789","DIS00444",2025-01-15
"CTA02846","DIS00736",2025-07-24
"CTA03198","DIS01110",2026-08-20
"CTA02182","DIS01962",2026-01-15
"CTA01693","DIS00639",2025-03-28
"CTA01599","DIS01929",2025-11-29
"CTA01084","DIS00976",2026-02-25
"CTA00852","DIS00543",2025-12-18
"CTA01100","DIS01536",2026-04-18
"CTA02138","DIS00209",2025-07-07
"CTA00705","DIS00190",2026-06-11
"CTA03515","DIS00111",2025-06-28
"CTA03816","DIS00790",2026-06-18
"CTA04675","DIS01132",2025-03-07
"CTA01857","DIS00121",2026-03-09
"CTA03197","DIS01559",2025-09-07
"CTA00614","DIS00059",2026-08-31
"CTA00746","DIS00002",2025-10-31
"CTA04307","DIS01627",2025-09-29
"CTA02680","DIS00777",2025-12-15
"CTA02970","DIS01199",2026-02-21
"CTA00776","DIS00312",2026-02-01
"CTA04546","DIS00916",2025-01-03
"CTA03334","DIS00340",2025-11-09
"CTA03262","DIS00230",2026-02-16
"CTA03963","DIS00435",2025-04-29
"CTA00592","DIS00356",2025-01-27
"CTA01442","DIS00485",2025-04-24
"CTA04637","DIS01469",2026-08-05
"CTA03161","DIS00771",2025-05-24
"CTA03646","DIS01801",2025-03-07
"CTA02076","DIS00686",2025-12-05
"CTA01548","DIS00675",2025-05-18
"CTA03203","DIS00858",2025-05-27
"CTA00367","DIS01032",2025-11-08
"CTA02887","DIS01308",2026-06-22
"CTA04015","DIS00714",2025-08-20
"CTA02294","DIS00361",2026-07-25
"CTA03422","DIS00533",2025-10-21
"CTA00537","DIS01014",2025-09-21
"CTA04144","DIS00737",2025-08-02
"CTA02585","DIS00290",2025-11-22
"CTA02533","DIS01949",2025-08-23
"CTA03129","DIS00068",2025-02-06
"CTA00260","DIS01647",2026-08-31
"CTA02951","DIS01449",2025-11-17
"CTA00446","DIS01900",2025-12-19
"CTA04724","DIS00665",2026-07-18
"CTA01492","DIS01248",2026-07-29
"CTA01949","DIS01976",2025-11-03
"CTA01414","DIS01543",2025-08-05
"CTA00680","DIS00711",2026-05-03
"CTA00770","DIS00642",2025-06-16
"CTA02858","DIS01612",2025-11-28
"CTA04203","DIS00012",2026-08-03
"CTA04713","DIS01119",2025-02-19
"CTA03599","DIS01972",2025-08-24
"CTA01926","DIS00262",2025-11-07
"CTA01151","DIS01194",2025-08-04
"CTA02414","DIS01670",2025-04-05
"CTA04358","DIS00852",2026-02-20
"CTA02338","DIS00075",2025-12-23
"CTA01567","DIS00948",2025-04-26
"CTA01385","DIS01345",2026-07-10
"CTA02484","DIS00426",2026-05-19
"CTA01315","DIS01616",2026-06-13
"CTA03575","DIS01304",2025-10-21
"CTA04132","DIS00506",2026-05-24
"CTA04443","DIS01129",2025-10-31
"CTA00073","DIS01909",2025-06-24
"CTA04929","DIS00047",2026-07-03
"CTA03285","DIS01884",2026-05-07
"CTA00934","DIS01873",2025-05-19
"CTA04865","DIS00197",2026-02-25
"CTA03575","DIS00957",2026-05-17
"CTA03292","DIS01179",2025-02-17
"CTA03503","DIS01530",2026-08-13
"CTA03294","DIS01446",2025-10-16
"CTA03819","DIS00731",2025-10-10
"CTA03514","DIS00540",2025-04-14
"CTA04133","DIS01003",2025-12-18
"CTA01473","DIS00111",2026-02-10
"CTA04026","DIS00519",2026-05-14
"CTA04001","DIS00180",2025-12-12
"CTA01476","DIS01883",2025-03-23
"CTA04733","DIS00200",2026-06-24
"CTA04525","DIS00929",2025-01-23
"CTA00150","DIS00195",2025-09-07
"CTA04567","DIS01365",2026-02-18
"CTA00449","DIS01066",2025-08-14
"CTA03204","DIS01199",2026-08-28
"CTA04889","DIS00836",2026-03-03
"CTA00886","DIS01736",2026-04-29
"CTA03846","DIS00951",2026-01-23
"CTA04285","DIS00145",2026-06-19
"CTA00693","DIS01937",2025-03-25
"CTA01423","DIS00440",2026-01-18
"CTA01754","DIS00020",2026-08-02
"CTA00347","DIS00160",2025-02-19
"CTA01564","DIS00131",2026-08-11
"CTA01058","DIS00077",2026-04-08
"CTA03620","DIS01116",2026-05-09
"CTA04434","DIS00757",2025-01-26
"CTA00275","DIS00597",2026-06-27
"CTA01800","DIS00898",2025-01-16
"CTA00965","DIS01896",2025-04-08
"CTA03579","DIS01840",2025-01-15
"CTA04877","DIS01856",2026-07-12
"CTA01263","DIS01003",2025-12-19
"CTA02102","DIS00752",2025-08-14
"CTA00314","DIS01513",2026-07-05
"CTA00345","DIS00796",2025-06-09
"CTA03099","DIS00098",2026-05-04
"CTA00354","DIS00484",2025-12-29
"CTA04534","DIS01677",2026-02-03
"CTA02638","DIS00515",2025-02-04
"CTA04987","DIS01095",2026-05-02
"CTA04958","DIS01786",2026-08-23
"CTA03651","DIS00197",2025-01-23
"CTA04409","DIS00561",2025-01-03
"CTA03097","DIS00345",2025-01-14
"CTA02739","DIS01060",2026-08-16
"CTA02197","DIS01194",2026-02-04
"CTA04048","DIS00921",2025-01-25
"CTA04277","DIS01121",2026-04-01
"CTA04392","DIS01950",2026-04-04
"CTA00990","DIS01676",2025-06-25
"CTA02404","DIS01252",2025-12-26
"CTA02206","DIS01524",2025-03-26
"CTA01954","DIS01945",2025-01-01
"CTA03147","DIS00322",2025-11-03
"CTA00523","DIS00480",2026-08-17
"CTA01766","DIS01324",2026-05-06
"CTA03635","DIS00217",2025-05-24
"CTA02114","DIS01889",2025-12-13
"CTA02659","DIS00202",2026-07-04
"CTA00642","DIS00435",2026-01-16
"CTA03805","DIS00553",2025-01-22
"CTA01768","DIS01076",2025-08-13
"CTA03197","DIS00368",2025-07-05
"CTA01904","DIS01940",2026-06-15
"CTA01712","DIS00404",2026-01-11
"CTA01088","DIS01309",2025-06-17
"CTA04779","DIS01088",2026-03-11
"CTA02636","DIS01960",2026-02-20
"CTA03065","DIS01613",2025-02-16
"CTA03809","DIS01645",2025-02-18
"CTA00302","DIS00132",2026-02-18
"CTA04374","DIS01602",2025-08-24
"CTA04458","DIS00774",2026-04-19
"CTA03302","DIS00384",2025-07-10
"CTA04189","DIS01457",2026-01-03
"CTA02765","DIS00012",2026-04-06
"CTA01299","DIS01532",2026-05-22
"CTA02174","DIS00340",2026-02-02
"CTA04416","DIS01179",2026-07-11
"CTA01669","DIS01226",2025-04-27
"CTA01914","DIS00467",2026-06-05
"CTA02563","DIS00261",2025-04-27
"CTA02291","DIS00765",2026-06-01
"CTA04312","DIS00095",2026-06-02
"CTA04750","DIS01607",2025-08-28
"CTA04220","DIS00176",2026-01-31
"CTA03386","DIS00865",2025-02-24
"CTA02936","DIS00113",2025-02-19
"CTA04676","DIS00441",2025-08-10
"CTA04602","DIS00103",2025-01-28
"CTA02282","DIS00818",2025-04-02
"CTA01194","DIS00502",2025-06-17
"CTA00052","DIS01534",2026-05-21
"CTA00391","DIS00318",2025-02-02
"CTA04243","DIS01684",2025-06-13
"CTA03504","DIS00486",2025-07-08
"CTA04210","DIS01820",2026-03-30
"CTA04653","DIS01267",2026-08-30
"CTA03208","DIS01529",2025-01-31
"CTA01625","DIS01880",2025-05-12
"CTA01182","DIS00823",2025-12-08
"CTA00184","DIS01950",2025-05-15
"CTA00234","DIS01044",2026-03-26
"CTA04685","DIS00347",2025-12-05
"CTA03173","DIS00252",2025-05-02
"CTA02541","DIS00503",2025-11-16
"CTA03148","DIS01350",2026-08-03
"CTA03407","DIS01188",2026-03-03
"CTA04840","DIS00664",2025-10-12
"CTA00963","DIS01412",2025-12-10
"CTA04883","DIS00139",2025-02-26
"CTA00325","DIS01484",2025-02-20
"CTA02116","DIS00716",2025-05-17
"CTA00923","DIS00230",2025-03-30
"CTA04206","DIS00382",2025-09-16
"CTA02902","DIS00987",2025-12-26
"CTA01658","DIS01428",2026-05-28
"CTA02838","DIS00626",2025-08-02
"CTA02860","DIS00455",2026-06-29
"CTA02696","DIS01768",2025-08-14
"CTA04608","DIS00682",2026-07-03
"CTA04517","DIS00569",2025-05-08
"CTA01769","DIS01712",2025-05-21
"CTA02043","DIS00822",2026-04-12
"CTA02867","DIS01318",2025-07-11
"CTA03289","DIS01510",2026-05-27
"CTA01826","DIS00871",2025-11-03
"CTA04199","DIS00771",2026-06-21
"CTA00871","DIS00874",2025-08-20
"CTA01916","DIS01995",2025-12-26
"CTA03618","DIS00243",2025-08-03
"CTA02480","DIS01757",2026-06-03
"CTA00427","DIS00112",2025-03-24
"CTA00111","DIS01363",2025-08-06
"CTA02015","DIS00807",2025-02-19
"CTA00289","DIS00070",2026-06-03
"CTA04635","DIS01746",2026-08-09
"CTA03973","DIS01315",2025-10-12
"CTA00145","DIS00370",2025-11-11
"CTA02777","DIS00857",2026-05-14
"CTA02625","DIS00705",2025-11-17
"CTA00930","DIS00298",2026-07-31
"CTA02719","DIS01700",2026-06-10
"CTA02005","DIS01580",2025-12-21
"CTA04789","DIS00502",2026-05-27
"CTA02416","DIS00391",2026-08-18
"CTA03535","DIS01469",2025-04-23
"CTA01590","DIS01181",2025-11-20
"CTA03066","DIS00872",2025-01-24
"CTA03615","DIS01987",2025-08-18
"CTA01544","DIS00415",2026-03-13
"CTA01767","DIS00709",2025-02-19
"CTA00423","DIS01094",2025-07-11
"CTA00447","DIS01370",2025-09-19
"CTA04560","DIS00012",2025-03-07
"CTA03716","DIS01945",2025-02-28
"CTA00395","DIS01164",2026-04-03
"CTA03546","DIS01904",2026-07-20
"CTA04961","DIS01271",2025-03-19
"CTA00048","DIS01750",2026-02-09
"CTA01888","DIS00946",2026-06-26
"CTA04327","DIS01152",2025-03-17
"CTA01881","DIS01360",2026-08-01
"CTA00049","DIS01881",2026-03-12
"CTA04091","DIS01492",2026-03-17
"CTA04930","DIS01437",2025-07-23
"CTA00583","DIS00737",2025-09-18
"CTA02509","DIS01619",2025-05-17
"CTA04234","DIS01157",2026-06-04
"CTA02195","DIS01815",2026-04-16
"CTA03826","DIS00782",2025-08-16
"CTA01164","DIS01405",2026-08-21
"CTA02484","DIS01317",2026-05-05
"CTA01165","DIS01877",2026-03-06
"CTA00641","DIS01793",2025-10-28
"CTA01442","DIS00423",2025-12-21
"CTA01426","DIS00393",2025-08-30
"CTA02600","DIS00997",2026-05-20
"CTA01681","DIS00865",2026-07-11
"CTA00067","DIS01568",2025-03-28
"CTA02267","DIS00736",2025-04-17
"CTA03018","DIS00786",2026-08-21
"CTA04037","DIS01583",2025-10-25
"CTA03987","DIS00496",2025-04-04
"CTA00597","DIS01904",2026-01-27
"CTA03340","DIS01532",2025-05-13
"CTA01702","DIS00825",2025-01-14
"CTA03666","DIS01080",2026-05-16
"CTA03952","DIS00991",2025-04-07
"CTA04631","DIS00270",2025-12-20
"CTA03264","DIS01975",2025-06-24
"CTA03505","DIS00294",2026-01-17
"CTA00027","DIS01327",2025-02-02
"CTA02097","DIS01288",2026-01-08
"CTA04591","DIS00245",2025-06-01
"CTA01024","DIS00497",2026-06-09
"CTA01902","DIS00817",2025-02-27
"CTA02270","DIS01107",2026-01-08
"CTA02032","DIS01803",2025-10-13
"CTA04333","DIS00057",2026-07-13
"CTA04260","DIS01083",2025-10-10
"CTA00457","DIS00624",2025-01-10
"CTA04788","DIS00909",2025-01-03
"CTA02131","DIS00128",2025-12-21
"CTA00981","DIS01273",2026-06-24
"CTA02397","DIS00593",2025-08-20
"CTA00596","DIS00503",2025-05-02
"CTA01761","DIS01382",2025-03-28
"CTA00771","DIS00249",2025-10-05
"CTA00761","DIS01873",2025-04-29
"CTA03317","DIS01438",2025-06-15
"CTA01659","DIS00071",2026-05-18
"CTA04486","DIS01134",2026-07-26
"CTA01955","DIS00001",2025-09-22
"CTA02780","DIS01631",2026-07-21
"CTA02968","DIS01885",2025-11-06
"CTA04409","DIS00384",2026-04-11
"CTA00448","DIS01189",2025-06-03
"CTA00506","DIS00996",2026-08-15
"CTA00960","DIS00431",2025-02-21
"CTA00688","DIS01683",2026-07-19
"CTA04471","DIS00096",2025-11-25
"CTA01515","DIS00644",2026-02-22
"CTA04913","DIS01865",2025-01-25
"CTA02213","DIS00970",2026-03-23
"CTA04565","DIS01575",2026-04-16
"CTA01628","DIS01309",2025-02-26
"CTA00820","DIS00996",2026-06-14
"CTA00598","DIS01030",2025-07-25
"CTA02605","DIS00119",2026-08-02
"CTA04288","DIS00669",2026-02-26
"CTA04801","DIS01522",2026-08-12
"CTA03897","DIS00128",2026-07-16
"CTA00009","DIS01933",2026-08-25
"CTA02004","DIS00152",2025-01-16
"CTA02614","DIS00024",2026-02-21
"CTA02006","DIS01519",2025-11-17
"CTA01464","DIS01623",2025-08-01
"CTA00722","DIS00946",2026-08-09
"CTA04295","DIS01462",2026-01-30
"CTA04279","DIS00655",2025-01-26
"CTA03054","DIS00965",2025-08-15
"CTA04862","DIS01485",2026-04-25
"CTA02454","DIS01559",2026-03-06
"CTA02517","DIS00384",2025-06-28
"CTA00712","DIS00060",2026-01-07
"CTA01245","DIS01722",2025-01-03
"CTA01225","DIS01113",2025-07-13
"CTA01877","DIS00203",2025-07-05
"CTA00764","DIS00127",2025-11-20
"CTA04769","DIS01270",2026-06-26
"CTA04462","DIS01081",2025-08-25
"CTA02102","DIS00858",2025-10-12
"CTA01030","DIS00191",2026-03-25
"CTA01042","DIS01912",2025-02-28
"CTA04492","DIS00395",2026-06-08
"CTA02903","DIS01259",2026-04-26
"CTA02837","DIS01630",2026-07-05
"CTA02623","DIS00692",2025-06-28
"CTA04031","DIS00848",2025-08-16
"CTA03361","DIS00300",2025-04-06
"CTA02208","DIS01377",2026-01-23
"CTA02804","DIS00842",2025-10-26
"CTA02118","DIS00710",2026-08-06
"CTA04131","DIS00110",2025-01-30
"CTA01161","DIS01099",2026-04-08
"CTA04508","DIS00975",2026-08-18
"CTA01071","DIS01529",2026-08-12
"CTA04880","DIS00027",2025-03-31
"CTA04909","DIS01267",2025-01-08
"CTA03217","DIS00837",2025-01-09
"CTA01284","DIS01706",2025-01-10
"CTA00084","DIS00269",2026-06-07
"CTA01503","DIS01602",2026-01-05
"CTA03108","DIS00633",2026-06-24
"CTA02356","DIS01821",2026-03-11
"CTA00171","DIS01165",2026-05-08
"CTA02794","DIS00910",2025-05-20
"CTA03498","DIS00872",2025-11-07
"CTA01233","DIS01618",2025-12-14
"CTA00470","DIS01635",2026-04-13
"CTA04034","DIS01289",2025-10-08
"CTA02720","DIS00262",2026-03-08
"CTA00249","DIS00786",2026-08-15
"CTA04427","DIS00984",2026-08-22
"CTA00224","DIS00202",2025-05-29
"CTA00083","DIS00427",2025-03-15
"CTA02326","DIS01750",2026-08-13
"CTA03606","DIS00630",2026-06-04
"CTA03038","DIS00850",2026-05-02
"CTA00890","DIS01634",2025-01-13
"CTA02232","DIS00085",2025-10-24
"CTA01071","DIS00724",2025-01-11
"CTA00162","DIS01410",2026-04-30
"CTA02314","DIS01733",2025-05-30
"CTA02985","DIS00522",2025-03-14
"CTA04700","DIS00443",2025-01-02
"CTA03745","DIS01867",2025-08-26
"CTA01409","DIS00394",2025-08-27
"CTA01694","DIS01187",2026-07-03
"CTA04247","DIS00885",2025-02-03
"CTA00493","DIS01354",2025-11-30
"CTA00671","DIS00538",2026-08-01
"CTA01854","DIS01623",2026-06-25
"CTA04305","DIS00146",2026-08-01
"CTA03797","DIS00841",2025-01-04
"CTA00364","DIS00789",2026-08-07
"CTA03598","DIS01438",2025-08-30
"CTA02854","DIS00880",2025-11-11
"CTA00189","DIS00280",2026-07-13
"CTA01089","DIS00254",2025-09-07
"CTA04521","DIS00907",2025-10-28
"CTA01523","DIS00382",2026-06-19
"CTA03122","DIS00903",2025-11-09
"CTA02774","DIS00728",2025-02-15
"CTA01525","DIS01245",2025-05-19
"CTA00321","DIS01824",2025-07-30
"CTA01075","DIS00586",2025-02-15
"CTA03633","DIS00760",2025-01-15
"CTA04495","DIS01744",2026-04-07
"CTA04662","DIS00927",2025-04-20
"CTA00221","DIS00689",2025-01-12
"CTA01392","DIS01991",2026-04-28
"CTA02515","DIS00440",2025-07-06
"CTA01261","DIS01958",2025-07-25
"CTA01010","DIS01100",2025-03-25
"CTA03424","DIS01232",2025-09-30
"CTA00722","DIS00475",2025-02-08
"CTA00131","DIS00304",2025-07-17
"CTA03932","DIS00326",2025-12-21
"CTA01577","DIS01891",2026-05-05
"CTA02707","DIS01727",2026-01-20
"CTA02731","DIS01441",2025-09-22
"CTA04390","DIS00500",2025-10-03
"CTA02969","DIS00514",2025-09-15
"CTA04978","DIS01850",2026-01-23
"CTA03792","DIS00156",2025-09-02
"CTA03804","DIS00362",2026-06-11
"CTA01347","DIS01295",2025-09-19
"CTA04726","DIS01476",2026-02-25
"CTA04829","DIS00768",2025-10-07
"CTA01041","DIS00292",2026-05-06
"CTA01103","DIS00967",2025-08-18
"CTA04307","DIS00861",2025-02-22
"CTA01621","DIS00067",2025-03-31
"CTA04954","DIS01198",2026-08-10
"CTA04311","DIS00398",2025-05-02
"CTA04651","DIS01301",2025-11-07
"CTA00640","DIS01961",2026-07-24
"CTA02373","DIS00049",2025-01-01
"CTA03727","DIS01650",2025-08-09
"CTA02044","DIS01815",2026-08-20
"CTA03254","DIS01459",2025-07-31
"CTA04280","DIS01471",2025-01-29
"CTA03581","DIS00019",2025-05-16
"CTA03029","DIS00212",2025-01-06
"CTA00470","DIS00649",2026-06-15
"CTA02734","DIS00163",2025-03-17
"CTA01337","DIS00164",2026-02-06
"CTA00354","DIS00174",2025-02-07
"CTA01651","DIS00827",2025-09-16
"CTA02137","DIS00251",2025-11-07
"CTA03393","DIS00843",2026-07-02
"CTA03772","DIS01962",2025-05-03
"CTA01530","DIS01193",2026-01-10
"CTA01515","DIS00485",2025-04-24
"CTA03627","DIS00192",2025-06-24
"CTA04541","DIS00106",2026-08-19
"CTA04881","DIS00055",2025-07-22
"CTA04870","DIS00623",2025-06-13
"CTA00629","DIS00685",2026-06-29
"CTA03430","DIS01823",2026-08-24
"CTA04810","DIS01331",2025-04-15
"CTA01614","DIS00692",2025-06-23
"CTA03723","DIS00979",2026-03-14
"CTA00679","DIS00329",2025-02-10
"CTA03797","DIS01241",2026-07-07
"CTA04960","DIS01956",2025-08-07
"CTA03442","DIS00082",2026-04-28
"CTA03610","DIS01469",2025-11-30
"CTA02098","DIS01220",2025-12-11
"CTA03080","DIS01638",2025-03-25
"CTA01573","DIS01576",2026-01-25
"CTA02723","DIS00224",2026-04-26
"CTA04695","DIS01148",2026-02-04
"CTA00984","DIS01826",2026-08-03
"CTA04922","DIS00860",2026-06-30
"CTA01032","DIS00318",2025-09-02
"CTA04214","DIS00300",2025-03-07
"CTA02521","DIS01189",2025-06-23
"CTA01919","DIS01707",2026-01-27
"CTA04470","DIS01457",2026-05-16
"CTA04981","DIS00752",2025-08-25
"CTA02616","DIS00508",2026-03-04
"CTA01654","DIS01415",2026-01-05
"CTA03791","DIS01350",2025-06-19
"CTA02674","DIS01515",2025-08-27
"CTA02389","DIS01322",2025-09-12
"CTA03394","DIS01639",2025-07-19
"CTA01465","DIS01400",2025-03-27
"CTA02689","DIS00602",2026-04-24
"CTA03350","DIS01372",2026-03-14
"CTA00613","DIS00004",2025-08-18
"CTA02977","DIS01674",2026-03-13
"CTA00173","DIS01708",2025-11-02
"CTA04513","DIS01170",2026-04-17
"CTA03482","DIS00871",2025-10-03
"CTA01513","DIS01244",2026-01-04
"CTA01783","DIS00369",2026-05-09
"CTA04423","DIS01944",2026-07-19
"CTA00178","DIS01934",2026-03-14
"CTA00952","DIS00051",2025-11-12
"CTA01168","DIS01864",2025-03-10
"CTA02282","DIS01328",2026-04-01
"CTA04147","DIS00955",2025-03-03
"CTA02573","DIS00207",2026-02-09
"CTA02573","DIS01460",2025-01-27
"CTA04871","DIS01152",2026-01-08
"CTA02538","DIS01939",2026-08-04
"CTA02601","DIS00461",2025-07-30
"CTA03466","DIS01367",2026-05-11
"CTA03447","DIS01217",2025-04-18
"CTA01655","DIS01176",2026-08-11
"CTA01829","DIS00324",2025-09-17
"CTA03345","DIS00472",2026-03-26
"CTA02497","DIS01766",2026-02-15
"CTA02984","DIS00598",2025-11-08
"CTA02866","DIS00259",2025-11-23
"CTA03016","DIS01211",2025-01-14
"CTA01049","DIS00162",2025-08-02
"CTA04039","DIS00911",2025-10-03
"CTA04768","DIS01739",2025-06-14
"CTA00187","DIS01970",2026-08-10
"CTA03452","DIS00857",2025-05-14
"CTA02515","DIS01047",2026-04-18
"CTA00665","DIS00770",2025-06-15
"CTA02007","DIS00840",2025-09-27
"CTA01778","DIS00574",2026-01-19
"CTA03417","DIS01435",2025-02-20
"CTA01903","DIS00497",2026-05-09
"CTA00194","DIS00621",2025-11-09
"CTA01429","DIS01065",2026-04-11
"CTA03918","DIS01845",2025-03-06
"CTA03348","DIS00250",2026-07-10
"CTA02519","DIS01020",2026-01-01
"CTA02857","DIS01119",2026-05-25
"CTA02206","DIS01699",2026-02-11
"CTA03738","DIS01236",2025-05-26
"CTA04639","DIS01360",2026-06-15
"CTA02591","DIS01313",2025-01-04
"CTA01889","DIS00072",2026-01-06
"CTA00695","DIS00131",2025-10-29
"CTA04582","DIS00212",2025-07-06
"CTA00216","DIS01674",2026-01-12
"CTA01986","DIS00992",2026-01-29
"CTA02723","DIS00026",2025-08-04
"CTA04026","DIS01862",2025-04-23
"CTA02004","DIS00865",2026-06-07
"CTA02638","DIS00828",2026-04-27
"CTA04175","DIS01384",2025-10-05
"CTA03213","DIS01463",2026-06-26
"CTA03178","DIS01938",2026-02-23
"CTA01486","DIS01899",2026-03-11
"CTA02632","DIS01180",2025-04-04
"CTA00664","DIS01636",2025-03-10
"CTA00435","DIS01973",2025-10-13
"CTA01930","DIS01848",2025-05-31
"CTA01370","DIS01900",2026-06-06
"CTA00045","DIS00808",2025-01-02
"CTA03357","DIS00341",2025-04-16
"CTA03178","DIS00548",2026-03-18
"CTA02428","DIS00514",2026-03-31
"CTA04635","DIS00351",2025-08-15
"CTA01501","DIS00911",2026-03-26
"CTA03052","DIS00133",2026-08-15
"CTA04742","DIS00344",2025-09-26
"CTA01406","DIS01308",2025-05-23
"CTA01859","DIS01706",2026-07-10
"CTA04681","DIS00718",2026-03-10
"CTA00249","DIS00446",2025-03-30
"CTA02265","DIS00475",2025-09-18
"CTA02566","DIS00654",2025-08-24
"CTA03208","DIS00947",2026-02-16
"CTA04124","DIS00488",2025-07-03
"CTA02884","DIS00767",2026-07-29
"CTA04632","DIS00729",2025-10-03
"CTA02523","DIS00113",2025-02-19
"CTA03495","DIS01863",2025-05-08
"CTA01682","DIS01426",2025-04-28
"CTA03720","DIS01090",2026-03-20
"CTA01609","DIS00857",2025-08-03
"CTA02214","DIS01329",2025-07-24
"CTA03516","DIS01119",2026-07-06
"CTA03698","DIS01009",2025-01-06
"CTA03787","DIS01195",2025-10-15
"CTA00502","DIS00738",2025-09-21
"CTA01817","DIS01875",2026-01-20
"CTA01952","DIS01853",2026-07-10
"CTA01047","DIS01750",2026-07-22
"CTA00942","DIS00920",2025-04-16
"CTA01032","DIS00008",2026-06-13
"CTA02919","DIS01503",2026-06-18
"CTA04627","DIS00036",2025-09-08
"CTA01617","DIS00394",2026-04-13
"CTA01383","DIS01469",2026-05-06
"CTA01313","DIS01999",2026-02-06
"CTA01146","DIS00741",2025-05-03
"CTA03364","DIS01844",2026-08-17
"CTA01078","DIS01378",2026-06-30
"CTA00459","DIS01207",2025-08-08
"CTA01839","DIS00056",2025-02-10
"CTA04802","DIS00022",2025-10-05
"CTA04580","DIS01268",2025-11-13
"CTA03755","DIS00078",2026-04-17
"CTA01103","DIS00864",2025-09-02
"CTA03642","DIS01344",2026-01-31
"CTA01365","DIS00220",2025-02-04
"CTA04951","DIS01085",2025-12-08
"CTA03456","DIS00024",2025-04-13
"CTA01240","DIS00539",2026-01-06
"CTA04201","DIS00410",2025-10-10
"CTA01972","DIS00045",2025-04-04
"CTA03119","DIS00782",2025-12-14
"CTA01973","DIS01690",2025-10-21
"CTA01107","DIS00537",2025-08-30
"CTA03290","DIS01928",2025-03-08
"CTA02128","DIS00096",2025-07-02
"CTA02122","DIS00882",2025-08-17
"CTA02571","DIS00821",2026-07-18
"CTA01207","DIS00409",2025-06-30
"CTA04372","DIS00605",2025-08-05
"CTA00141","DIS00846",2025-10-24
"CTA03911","DIS00908",2025-03-26
"CTA02975","DIS01802",2025-05-01
"CTA03503","DIS00712",2026-04-19
"CTA02270","DIS00342",2026-04-11
"CTA03819","DIS01066",2026-05-28
"CTA02896","DIS01718",2026-04-29
"CTA02935","DIS00328",2026-04-01
"CTA00176","DIS01727",2026-06-22
"CTA01032","DIS00766",2025-01-06
"CTA02803","DIS00111",2025-11-19
"CTA01821","DIS00884",2025-09-04
"CTA04040","DIS00074",2025-02-23
"CTA02153","DIS01230",2026-08-04
"CTA03146","DIS01015",2025-01-28
"CTA02470","DIS00857",2026-02-16
"CTA04270","DIS00157",2025-02-28
"CTA01522","DIS01996",2025-10-08
"CTA01509","DIS00859",2025-01-03
"CTA02389","DIS00819",2026-08-18
"CTA04432","DIS00771",2025-06-16
"CTA04003","DIS01106",2026-01-15
"CTA02068","DIS01153",2026-03-31
"CTA03653","DIS00736",2025-07-28
"CTA04215","DIS00981",2026-07-23
"CTA03036","DIS01084",2026-08-10
"CTA03395","DIS01438",2026-06-13
"CTA02074","DIS00622",2026-01-09
"CTA00536","DIS01405",2025-01-19
"CTA04990","DIS00799",2026-07-10
"CTA03798","DIS01024",2025-04-16
"CTA04091","DIS01118",2025-11-21
"CTA01031","DIS00739",2025-10-24
"CTA03400","DIS01823",2025-12-15
"CTA01599","DIS00971",2026-04-05
"CTA02432","DIS00579",2026-03-05
"CTA01601","DIS00770",2025-06-10
"CTA02360","DIS01290",2025-01-03
"CTA04188","DIS00828",2025-05-04
"CTA00332","DIS00586",2026-01-14
"CTA03332","DIS00868",2025-10-25
"CTA03073","DIS00019",2026-04-12
"CTA00622","DIS01215",2026-06-22
"CTA02879","DIS01807",2025-12-06
"CTA03731","DIS00250",2026-06-02
"CTA03729","DIS00777",2025-04-21
"CTA02663","DIS00679",2026-02-23
"CTA01220","DIS01302",2026-08-09
"CTA04784","DIS01741",2025-01-16
"CTA04901","DIS00638",2025-06-26
"CTA04552","DIS01073",2025-07-03
"CTA00488","DIS00167",2026-02-19
"CTA01260","DIS01843",2026-08-15
"CTA04590","DIS00988",2025-06-05
"CTA03250","DIS01914",2026-08-06
"CTA00129","DIS00786",2026-08-22
"CTA04908","DIS00207",2025-11-06
"CTA04641","DIS00992",2025-08-25
"CTA02287","DIS00307",2026-01-12
"CTA01505","DIS01236",2025-07-26
"CTA04311","DIS00213",2026-02-07
"CTA03680","DIS01423",2026-03-02
"CTA02872","DIS00367",2026-04-22
"CTA00876","DIS00200",2025-09-02
"CTA02520","DIS00329",2025-09-20
"CTA00969","DIS01262",2026-08-18
"CTA02054","DIS00554",2026-06-23
"CTA04199","DIS00156",2025-05-30
"CTA00057","DIS00947",2025-02-03
"CTA03968","DIS00495",2025-02-22
"CTA00158","DIS01706",2025-11-17
"CTA03813","DIS00568",2026-02-14
"CTA03783","DIS01202",2025-09-13
"CTA03200","DIS00649",2026-06-14
"CTA00512","DIS00435",2025-07-25
"CTA01547","DIS00636",2025-04-28
"CTA01891","DIS01981",2025-12-22
"CTA04643","DIS01896",2025-01-24
"CTA00952","DIS00251",2026-05-24
"CTA00645","DIS00415",2025-05-26
"CTA03871","DIS00134",2026-03-10
"CTA01084","DIS01079",2026-02-05
"CTA01533","DIS01118",2025-04-06
"CTA03967","DIS01338",2025-06-18
"CTA01603","DIS00150",2026-04-21
"CTA00328","DIS00227",2026-01-30
"CTA00221","DIS00354",2025-04-22
"CTA02279","DIS01214",2025-11-29
"CTA04292","DIS01013",2026-04-14
"CTA03147","DIS01751",2026-04-10
"CTA01419","DIS00214",2025-09-19
"CTA00543","DIS01641",2025-04-12
"CTA04585","DIS00284",2025-12-17
"CTA00878","DIS01744",2025-08-21
"CTA03625","DIS01220",2025-09-28
"CTA04270","DIS00074",2025-09-21
"CTA03856","DIS01082",2026-03-15
"CTA01571","DIS01778",2025-10-07
"CTA04583","DIS00747",2026-07-13
"CTA03355","DIS00194",2025-04-02
"CTA02695","DIS00667",2025-03-27
"CTA04446","DIS00270",2025-03-28
"CTA02986","DIS00395",2026-01-04
"CTA03035","DIS01815",2025-05-21
"CTA02849","DIS00566",2025-05-22
"CTA01678","DIS00562",2026-02-24
"CTA03393","DIS00683",2025-05-10
"CTA04400","DIS01999",2025-09-10
"CTA01206","DIS01792",2025-10-04
"CTA02121","DIS01081",2026-06-08
"CTA04866","DIS00897",2025-07-15
"CTA03062","DIS00629",2025-09-14
"CTA02975","DIS00436",2025-09-12
"CTA04815","DIS01484",2026-01-25
"CTA03531","DIS01513",2025-08-01
"CTA04462","DIS00335",2026-01-21
"CTA02616","DIS01261",2026-07-19
"CTA04244","DIS01954",2025-09-02
"CTA00912","DIS00640",2025-06-20
"CTA00551","DIS01033",2025-04-11
"CTA01715","DIS01902",2025-07-06
"CTA01746","DIS00197",2025-07-17
"CTA01989","DIS00012",2026-01-14
"CTA04799","DIS01953",2025-04-14
"CTA03024","DIS00636",2025-08-11
"CTA04678","DIS01487",2025-04-22
"CTA01826","DIS01901",2025-03-23
"CTA03533","DIS00443",2025-10-06
"CTA00417","DIS01550",2025-09-22
"CTA03250","DIS01490",2025-11-15
"CTA04485","DIS00014",2026-07-10
"CTA00272","DIS01182",2025-10-27
"CTA01198","DIS01654",2026-01-20
"CTA02733","DIS00708",2026-02-04
"CTA03871","DIS00960",2025-07-25
"CTA00808","DIS01884",2026-04-25
"CTA03980","DIS00965",2025-03-05
"CTA03414","DIS01760",2025-11-21
"CTA03832","DIS02000",2025-02-26
"CTA00087","DIS01848",2025-10-23
"CTA02007","DIS01082",2025-12-15
"CTA04403","DIS01044",2025-09-09
"CTA04474","DIS00179",2025-05-20
"CTA04235","DIS00751",2025-08-01
"CTA00304","DIS01549",2025-06-15
"CTA02831","DIS01418",2026-08-27
"CTA02355","DIS01659",2025-09-13
"CTA04534","DIS00319",2026-07-14
"CTA01385","DIS00354",2026-04-17
"CTA00490","DIS01151",2026-08-20
"CTA03006","DIS00047",2025-01-31
"CTA01987","DIS00208",2025-08-16
"CTA00171","DIS01743",2025-11-24
"CTA03249","DIS01815",2025-04-11
"CTA04182","DIS01496",2025-08-09
"CTA00729","DIS01705",2025-11-26
"CTA04535","DIS01231",2025-10-23
"CTA04480","DIS01365",2025-09-02
"CTA00716","DIS00033",2025-12-06
"CTA03430","DIS00794",2025-12-29
"CTA00498","DIS01864",2025-01-06
"CTA01959","DIS01767",2026-06-30
"CTA00542","DIS00063",2025-12-07
"CTA04164","DIS00530",2025-07-02
"CTA04174","DIS01984",2025-02-23
"CTA02259","DIS00358",2025-06-16
"CTA03567","DIS01063",2025-10-05
"CTA01396","DIS00635",2025-07-08
"CTA04598","DIS00234",2025-02-18
"CTA02226","DIS00453",2025-02-04
"CTA03939","DIS00407",2025-01-01
"CTA02771","DIS01761",2025-02-18
"CTA04930","DIS00081",2025-11-13
"CTA04425","DIS01512",2025-06-11
"CTA03985","DIS01423",2025-04-17
"CTA01998","DIS01400",2026-05-12
"CTA03570","DIS01016",2026-04-02
"CTA03811","DIS01103",2025-04-29
"CTA01121","DIS01168",2025-06-22
"CTA04646","DIS00363",2026-01-04
"CTA02687","DIS00078",2025-11-20
"CTA04630","DIS00384",2026-03-22
"CTA00935","DIS00711",2025-05-19
"CTA00256","DIS00712",2025-01-07
"CTA02585","DIS00836",2025-12-07
"CTA00821","DIS00040",2025-11-21
"CTA03028","DIS01146",2026-01-15
"CTA02000","DIS00635",2026-02-09
"CTA04082","DIS01223",2025-04-07
"CTA03630","DIS01956",2026-01-05
"CTA00537","DIS01759",2026-08-07
"CTA01937","DIS00547",2026-07-30
"CTA01183","DIS01099",2025-02-10
"CTA02911","DIS00156",2026-02-10
"CTA02732","DIS00252",2025-07-05
"CTA04121","DIS01263",2025-04-30
"CTA03130","DIS01260",2025-06-28
"CTA00083","DIS00329",2025-09-27
"CTA01947","DIS01526",2026-07-13
"CTA04560","DIS01612",2026-06-28
"CTA02324","DIS01556",2025-03-16
"CTA02209","DIS00453",2025-11-16
"CTA03027","DIS00297",2025-03-11
"CTA01475","DIS01090",2026-02-24
"CTA00105","DIS01789",2026-05-21
"CTA04670","DIS00097",2025-07-22
"CTA02937","DIS00343",2025-07-24
"CTA03662","DIS01506",2025-06-14
"CTA03589","DIS00274",2026-06-22
"CTA01160","DIS00408",2026-06-19
"CTA02479","DIS00886",2025-01-23
"CTA03501","DIS01195",2025-10-14
"CTA00379","DIS00989",2026-02-15
"CTA03288","DIS01642",2026-03-15
"CTA02412","DIS00992",2026-08-09
"CTA04685","DIS01637",2025-04-15
"CTA04146","DIS00523",2025-03-21
"CTA01348","DIS00034",2026-04-26
"CTA02740","DIS01133",2025-01-13
"CTA00036","DIS00774",2025-02-12
"CTA04581","DIS00530",2026-07-31
"CTA04326","DIS00298",2025-03-08
"CTA00029","DIS01993",2026-03-17
"CTA02141","DIS01007",2025-10-29
"CTA01872","DIS00580",2025-08-06
"CTA02898","DIS01295",2025-11-23
"CTA01653","DIS01117",2025-07-18
"CTA00759","DIS01321",2026-06-22
"CTA02569","DIS01957",2026-03-01
"CTA01004","DIS01192",2026-05-25
"CTA00055","DIS00243",2026-02-20
"CTA02270","DIS00500",2026-06-04
"CTA04229","DIS00565",2025-02-15
"CTA02923","DIS00106",2025-09-04
"CTA01583","DIS00862",2025-06-22
"CTA01947","DIS00214",2026-04-03
"CTA04109","DIS00066",2025-06-22
"CTA00826","DIS00120",2025-02-09
"CTA03312","DIS00884",2025-12-18
"CTA04592","DIS00436",2026-06-19
"CTA03566","DIS00614",2025-01-15
"CTA04446","DIS01939",2025-10-19
"CTA00963","DIS01902",2026-01-17
"CTA00001","DIS01178",2025-09-08
"CTA00347","DIS00551",2025-02-24
"CTA03247","DIS00599",2025-01-24
"CTA03350","DIS00275",2026-07-15
"CTA01605","DIS01267",2025-09-21
"CTA00317","DIS01496",2025-04-19
"CTA01549","DIS01256",2025-09-15
"CTA03629","DIS01080",2026-01-25
"CTA03804","DIS01164",2026-08-26
"CTA04283","DIS00026",2025-09-14
"CTA04099","DIS00228",2025-09-02
"CTA04097","DIS00894",2025-05-07
"CTA02873","DIS00093",2026-05-18
"CTA00345","DIS01524",2026-03-18
"CTA04616","DIS00557",2025-03-04
"CTA02193","DIS00591",2026-04-23
"CTA01647","DIS01834",2026-05-10
"CTA01744","DIS00674",2026-05-16
"CTA01030","DIS00939",2025-08-26
"CTA00795","DIS01189",2025-05-07
"CTA03842","DIS00344",2025-11-21
"CTA04728","DIS01179",2026-07-16
"CTA01177","DIS00606",2026-01-22
"CTA03688","DIS00430",2025-09-09
"CTA00048","DIS01705",2026-08-06
"CTA01420","DIS00515",2025-11-06
"CTA03179","DIS01277",2025-10-25
"CTA04857","DIS00927",2025-11-17
"CTA02552","DIS00355",2025-01-17
"CTA02133","DIS01837",2025-11-03
"CTA00268","DIS00521",2026-07-10
"CTA03919","DIS00398",2025-11-16
"CTA01181","DIS01644",2026-07-19
"CTA02627","DIS00170",2025-09-18
"CTA01057","DIS01139",2025-05-01
"CTA04634","DIS01419",2025-12-04
"CTA01738","DIS00505",2025-05-21
"CTA03072","DIS00116",2025-11-15
"CTA00760","DIS01178",2025-10-09
"CTA03085","DIS01058",2026-05-08
"CTA02524","DIS00211",2026-02-16
"CTA03136","DIS00813",2025-03-25
"CTA02181","DIS01084",2026-06-02
"CTA03492","DIS00299",2025-05-07
"CTA02709","DIS01734",2026-07-07
"CTA03875","DIS01553",2026-06-03
"CTA04419","DIS01816",2025-01-13
"CTA02674","DIS00735",2026-07-06
"CTA00566","DIS00349",2026-03-08
"CTA04598","DIS00306",2025-08-21
"CTA03888","DIS01047",2026-02-24
"CTA04834","DIS00333",2025-09-16
"CTA01129","DIS00334",2026-02-04
"CTA04051","DIS01223",2025-12-16
"CTA04453","DIS00307",2025-03-29
"CTA03193","DIS00190",2025-06-13
"CTA04801","DIS00079",2026-02-12
"CTA00140","DIS00032",2026-03-30
"CTA03841","DIS01996",2026-03-07
"CTA04191","DIS01558",2026-05-24
"CTA03192","DIS01509",2025-07-18
"CTA04172","DIS00509",2026-08-04
"CTA01539","DIS01868",2025-02-07
"CTA03640","DIS01376",2026-04-02
"CTA01777","DIS00872",2026-06-07
"CTA03287","DIS00718",2025-05-06
"CTA03464","DIS00257",2025-04-23
"CTA03464","DIS00319",2025-04-30
"CTA00042","DIS00622",2026-07-17
"CTA02220","DIS00239",2025-05-13
"CTA02508","DIS01213",2025-07-06
"CTA02642","DIS01083",2025-06-26
"CTA00019","DIS00328",2026-02-09
"CTA01276","DIS01009",2025-05-29
"CTA01998","DIS01210",2025-08-27
"CTA02056","DIS01376",2026-07-15
"CTA01371","DIS00559",2025-02-13
"CTA02122","DIS01804",2026-01-11
"CTA00459","DIS00173",2025-10-09
"CTA00456","DIS01536",2026-02-02
"CTA04602","DIS01343",2026-02-13
"CTA02944","DIS00043",2025-04-09
"CTA00905","DIS01335",2026-01-19
"CTA04882","DIS00605",2025-03-18
"CTA04696","DIS01132",2026-01-31
"CTA01556","DIS01532",2025-11-04
"CTA02518","DIS01104",2025-01-15
"CTA02039","DIS01943",2026-02-27
"CTA04948","DIS00359",2025-12-29
"CTA01819","DIS01812",2025-05-07
"CTA04890","DIS00987",2026-08-04
"CTA03993","DIS01387",2025-01-09
"CTA02340","DIS00333",2026-08-22
"CTA04531","DIS01920",2025-04-28
"CTA01574","DIS01524",2026-04-17
"CTA00991","DIS00341",2025-12-05
"CTA02685","DIS00745",2025-07-21
"CTA01731","DIS01737",2025-08-10
"CTA00254","DIS01268",2025-04-21
"CTA00514","DIS00937",2025-03-14
"CTA03290","DIS00658",2026-08-15
"CTA04624","DIS01192",2025-12-19
"CTA03666","DIS00657",2025-09-20
"CTA02252","DIS00966",2025-10-21
"CTA04220","DIS00218",2026-04-22
"CTA04347","DIS00215",2026-04-13
"CTA02150","DIS01315",2025-12-03
"CTA04640","DIS00830",2026-03-05
"CTA00364","DIS00732",2025-03-04
"CTA03126","DIS00535",2025-10-22
"CTA01148","DIS00337",2026-05-17
"CTA03560","DIS01245",2026-08-24
"CTA04105","DIS01664",2025-09-03
"CTA04397","DIS00265",2026-01-29
"CTA00490","DIS00588",2025-12-29
"CTA00375","DIS01132",2025-10-24
"CTA00721","DIS01551",2026-04-15
"CTA03772","DIS00367",2025-04-19
"CTA00420","DIS00916",2025-01-31
"CTA00040","DIS00844",2026-03-29
"CTA03773","DIS01524",2026-06-24
"CTA00242","DIS01177",2025-06-16
"CTA00057","DIS01675",2025-06-13
"CTA02914","DIS00585",2026-04-02
"CTA02335","DIS00257",2026-05-03
"CTA03841","DIS01876",2026-01-18
"CTA02952","DIS01763",2025-04-27
"CTA01257","DIS01793",2026-04-09
"CTA00964","DIS00105",2025-05-27
"CTA03021","DIS01545",2026-01-20
"CTA02837","DIS00581",2026-01-22
"CTA02844","DIS01597",2025-04-26
"CTA04275","DIS00803",2026-03-25
"CTA00236","DIS00228",2025-09-20
"CTA01464","DIS00232",2025-06-26
"CTA04877","DIS00645",2025-07-17
"CTA00832","DIS00176",2026-06-01
"CTA03635","DIS01290",2026-06-14
"CTA03746","DIS01347",2026-07-01
"CTA01295","DIS01041",2025-02-25
"CTA00439","DIS00666",2025-12-05
"CTA03438","DIS01982",2026-02-13
"CTA04419","DIS00084",2025-10-11
"CTA00560","DIS01526",2025-12-31
"CTA02537","DIS01667",2026-08-15
"CTA02947","DIS01535",2025-06-01
"CTA00527","DIS00610",2025-11-01
"CTA02664","DIS01379",2026-04-04
"CTA04003","DIS01577",2025-04-16
"CTA03168","DIS00944",2025-02-23
"CTA01039","DIS01481",2025-12-04
"CTA02726","DIS00943",2026-08-08
"CTA04384","DIS00354",2025-04-03
"CTA03923","DIS00416",2025-05-23
"CTA02111","DIS01308",2025-01-12
"CTA03841","DIS00127",2025-07-23
"CTA02076","DIS01868",2025-05-17
"CTA00685","DIS01612",2026-04-20
"CTA00772","DIS00080",2026-06-23
"CTA01280","DIS00573",2026-05-03
"CTA03167","DIS01229",2025-11-13
"CTA03503","DIS01965",2025-11-03
"CTA01849","DIS01121",2025-08-02
"CTA03870","DIS00843",2025-05-06
"CTA02918","DIS00727",2026-05-12
"CTA04767","DIS00194",2025-04-04
"CTA03478","DIS00623",2025-03-19
"CTA01317","DIS00096",2025-01-01
"CTA03335","DIS01891",2025-05-07
"CTA01504","DIS01328",2026-01-22
"CTA01128","DIS00427",2025-04-10
"CTA00028","DIS01909",2025-09-26
"CTA03487","DIS01803",2025-06-07
"CTA01724","DIS01805",2026-07-01
"CTA01678","DIS01625",2026-01-09
"CTA00019","DIS00059",2025-02-10
"CTA02301","DIS01697",2026-04-01
"CTA01096","DIS00305",2026-08-19
"CTA01828","DIS01355",2026-08-24
"CTA01983","DIS01025",2025-03-06
"CTA03732","DIS01818",2025-07-09
"CTA03222","DIS01363",2025-01-13
"CTA02764","DIS01508",2026-08-31
"CTA03310","DIS01929",2025-01-27
"CTA01678","DIS01426",2026-08-30
"CTA00019","DIS01040",2025-09-06
"CTA00091","DIS00097",2025-05-25
"CTA00650","DIS00166",2025-10-12
"CTA00794","DIS00030",2026-05-14
"CTA01453","DIS01707",2026-01-13
"CTA02020","DIS00267",2025-02-25
"CTA04000","DIS01380",2025-11-15
"CTA04215","DIS01905",2025-03-02
"CTA00827","DIS01669",2026-01-31
"CTA00504","DIS01079",2026-06-22
"CTA04869","DIS01176",2025-06-10
"CTA01920","DIS01804",2025-12-27
"CTA02792","DIS01217",2026-03-26
"CTA02306","DIS00117",2025-08-29
"CTA04971","DIS00718",2025-04-15
"CTA01125","DIS01229",2026-02-16
"CTA04001","DIS00190",2025-08-14
"CTA03739","DIS00995",2026-06-19
"CTA00522","DIS00007",2025-10-11
"CTA02572","DIS00557",2026-07-16
"CTA04793","DIS01183",2026-04-18
"CTA01564","DIS01842",2025-05-03
"CTA00658","DIS01450",2025-03-28
"CTA01328","DIS00461",2026-08-01
"CTA02122","DIS00941",2026-07-14
"CTA04419","DIS00686",2026-02-16
"CTA01392","DIS01944",2026-08-21
"CTA01855","DIS01468",2025-02-02
"CTA01213","DIS00194",2025-11-28
"CTA02721","DIS00622",2026-01-02
"CTA03941","DIS00999",2025-11-21
"CTA04727","DIS00976",2026-08-28
"CTA01670","DIS01364",2026-04-25
"CTA03030","DIS00557",2025-08-17
"CTA03660","DIS01159",2025-01-19
"CTA01611","DIS01822",2025-06-25
"CTA02572","DIS00403",2025-11-23
"CTA00940","DIS00831",2025-08-12
"CTA02014","DIS00558",2025-07-14
"CTA02035","DIS00716",2026-03-01
"CTA01640","DIS00318",2025-07-19
"CTA02510","DIS00147",2025-05-21
"CTA00837","DIS01126",2026-05-13
"CTA03233","DIS00317",2026-08-11
"CTA04011","DIS01645",2025-05-23
"CTA04064","DIS01526",2025-06-23
"CTA00701","DIS00562",2025-09-05
"CTA02063","DIS01401",2026-03-19
"CTA01669","DIS00715",2025-04-27
"CTA03166","DIS01912",2026-04-24
"CTA03948","DIS00548",2025-01-18
"CTA01512","DIS00368",2025-01-19
"CTA03723","DIS00352",2026-08-30
"CTA00321","DIS01941",2026-01-06
"CTA04953","DIS01060",2026-07-29
"CTA02525","DIS01444",2026-08-07
"CTA04108","DIS00076",2025-05-17
"CTA02991","DIS01899",2026-07-30
"CTA00896","DIS00455",2025-02-23
"CTA02164","DIS00345",2025-09-03
"CTA02972","DIS00303",2025-10-17
"CTA00740","DIS01075",2025-09-11
"CTA04638","DIS01624",2025-05-22
"CTA02141","DIS01375",2025-02-20
"CTA03975","DIS01233",2025-02-27
"CTA00886","DIS01089",2025-06-19
"CTA02677","DIS00100",2025-02-13
"CTA00004","DIS01452",2026-01-26
"CTA04027","DIS00399",2026-02-02
"CTA01767","DIS01303",2025-01-18
"CTA02098","DIS01050",2025-08-01
"CTA00276","DIS00087",2026-03-13
"CTA04221","DIS01682",2025-04-18
"CTA03366","DIS01120",2025-01-18
"CTA01505","DIS01829",2026-01-01
"CTA01045","DIS00669",2026-04-15
"CTA01145","DIS01303",2025-10-05
"CTA04314","DIS00853",2026-01-30
"CTA03875","DIS00484",2025-11-03
"CTA02882","DIS01998",2025-01-11
"CTA01626","DIS01100",2025-12-04
"CTA04916","DIS01465",2026-04-03
"CTA04529","DIS00589",2026-04-21
"CTA03007","DIS01610",2026-06-25
"CTA00668","DIS00895",2026-06-10
"CTA02245","DIS01381",2025-05-31
"CTA00842","DIS01427",2026-05-08
"CTA03326","DIS01099",2026-02-18
"CTA02328","DIS01634",2025-09-20
"CTA00119","DIS01511",2026-07-26
"CTA01920","DIS01630",2025-03-26
"CTA00934","DIS01823",2025-07-25
"CTA01379","DIS00551",2026-04-27
"CTA03516","DIS01387",2026-06-12
"CTA03343","DIS01448",2025-08-24
"CTA03600","DIS00903",2025-07-02
"CTA03110","DIS00837",2026-08-21
"CTA01485","DIS01808",2025-11-16
"CTA01164","DIS00793",2025-07-26
"CTA03396","DIS01040",2026-04-12
"CTA00053","DIS01084",2025-10-06
"CTA02280","DIS01715",2026-03-05
"CTA04655","DIS01158",2025-03-20
"CTA00532","DIS00536",2026-02-05
"CTA01816","DIS00556",2025-10-09
"CTA01181","DIS01683",2025-04-14
"CTA04091","DIS01792",2026-03-04
"CTA03562","DIS01640",2026-02-21
"CTA03193","DIS01576",2025-02-16
"CTA01038","DIS01173",2026-08-04
"CTA03266","DIS01342",2026-06-12
"CTA01423","DIS01192",2025-05-29
"CTA00629","DIS00224",2026-06-17
"CTA00680","DIS01084",2025-07-07
"CTA04310","DIS01884",2026-02-11
"CTA01136","DIS00664",2025-12-04
"CTA04751","DIS01292",2025-10-27
"CTA04993","DIS01533",2025-08-17
"CTA01624","DIS00473",2025-02-12
"CTA04342","DIS00966",2025-05-07
"CTA03826","DIS00951",2025-11-21
"CTA04695","DIS00892",2026-05-17
"CTA03876","DIS01592",2025-11-05
"CTA03877","DIS00698",2025-03-29
"CTA01121","DIS00899",2025-09-21
"CTA00759","DIS00535",2025-12-10
"CTA01238","DIS01084",2026-02-13
"CTA00920","DIS00259",2026-04-12
"CTA03883","DIS00212",2025-06-24
"CTA02225","DIS01692",2025-07-10
"CTA03589","DIS01291",2025-01-06
"CTA02983","DIS00369",2025-05-14
"CTA00791","DIS00555",2025-11-29
"CTA00745","DIS01809",2026-04-15
"CTA04071","DIS00388",2026-06-29
"CTA00797","DIS00644",2025-02-24
"CTA01061","DIS00419",2025-06-08
"CTA01379","DIS01456",2025-12-16
"CTA04519","DIS00365",2026-07-09
"CTA00827","DIS01349",2025-01-04
"CTA04591","DIS00796",2026-07-21
"CTA00523","DIS00059",2026-02-04
"CTA01398","DIS01157",2025-02-04
"CTA00006","DIS01625",2025-09-24
"CTA00054","DIS00124",2026-07-06
"CTA04648","DIS00626",2026-06-24
"CTA01910","DIS00781",2025-12-14
"CTA01240","DIS00730",2025-09-18
"CTA01021","DIS01128",2026-03-25
"CTA04188","DIS00255",2025-11-16
"CTA01319","DIS00649",2026-02-06
"CTA01976","DIS01761",2025-01-04
"CTA04436","DIS00603",2026-01-24
"CTA04233","DIS00165",2025-04-27
"CTA02333","DIS01249",2025-09-24
"CTA02579","DIS01258",2025-11-21
"CTA02301","DIS00976",2026-03-22
"CTA02115","DIS01106",2026-04-06
"CTA01643","DIS01126",2025-12-31
"CTA01115","DIS01811",2025-10-03
"CTA03509","DIS00689",2026-06-06
"CTA01053","DIS01848",2025-11-01
"CTA03072","DIS00256",2026-01-14
"CTA04881","DIS00946",2025-02-01
"CTA04352","DIS00074",2025-05-09
"CTA02630","DIS01694",2025-11-11
"CTA01525","DIS01067",2026-05-28
"CTA04144","DIS01651",2026-02-23
"CTA03418","DIS00917",2025-07-03
"CTA03619","DIS00405",2025-11-12
"CTA03861","DIS01304",2025-11-01
"CTA04283","DIS01645",2025-12-31
"CTA00191","DIS00316",2025-04-07
"CTA04254","DIS01366",2025-02-06
"CTA01124","DIS01753",2026-01-30
"CTA00779","DIS00257",2025-10-08
"CTA04308","DIS00487",2026-05-22
"CTA03528","DIS01819",2025-11-28
"CTA01188","DIS01661",2025-11-14
"CTA01485","DIS01277",2025-12-03
"CTA01090","DIS01313",2025-01-06
"CTA03193","DIS00268",2025-04-07
"CTA00045","DIS00213",2026-06-02
"CTA04936","DIS01229",2025-01-02
"CTA02387","DIS01587",2025-03-11
"CTA02585","DIS00367",2025-10-16
"CTA00001","DIS01697",2025-10-05
"CTA00327","DIS00678",2025-01-12
"CTA04898","DIS01756",2026-05-01
"CTA02936","DIS01683",2025-08-02
"CTA04412","DIS00254",2026-04-16
"CTA04918","DIS01013",2026-04-06
"CTA04027","DIS01713",2025-06-18
"CTA04855","DIS01490",2026-03-05
"CTA04818","DIS00585",2025-08-17
"CTA01087","DIS00296",2025-01-03
"CTA01045","DIS00505",2025-08-14
"CTA02388","DIS00375",2026-03-12
"CTA02920","DIS00628",2025-02-01
"CTA01801","DIS01071",2026-07-22
"CTA04083","DIS01869",2026-05-11
"CTA03607","DIS00414",2025-03-17
"CTA02153","DIS01704",2025-02-13
"CTA02785","DIS01758",2025-01-11
"CTA01310","DIS00257",2025-05-14
"CTA03654","DIS00442",2026-04-18
"CTA01206","DIS01973",2025-09-14
"CTA01503","DIS00242",2025-09-28
"CTA03113","DIS00591",2025-08-02
"CTA01154","DIS01288",2025-09-11
"CTA04992","DIS01959",2025-08-28
"CTA01998","DIS00699",2026-06-23
"CTA04127","DIS00686",2026-01-26
"CTA03623","DIS01382",2026-04-25
"CTA00125","DIS00337",2026-05-07
"CTA01919","DIS01501",2026-03-04
"CTA01271","DIS00098",2026-07-07
"CTA03635","DIS00002",2025-06-12
"CTA00689","DIS01704",2025-06-17
"CTA00882","DIS01039",2026-01-23
"CTA03033","DIS01132",2026-06-20
"CTA01450","DIS00917",2025-11-24
"CTA00980","DIS01586",2026-03-31
"CTA00351","DIS01482",2025-06-01
"CTA03944","DIS01918",2026-06-23
"CTA04576","DIS01413",2025-10-17
"CTA03982","DIS00617",2025-09-25
"CTA01034","DIS01728",2025-12-05
"CTA00038","DIS01778",2025-01-29
"CTA00418","DIS01019",2026-03-12
"CTA01252","DIS01964",2025-10-25
"CTA00988","DIS00636",2025-03-09
"CTA01028","DIS00167",2026-07-18
"CTA03389","DIS01574",2025-06-27
"CTA01894","DIS01581",2025-12-28
"CTA02645","DIS01746",2026-08-06
"CTA00743","DIS01823",2026-07-28
"CTA03783","DIS00257",2025-12-07
"CTA00519","DIS01519",2026-04-25
"CTA03103","DIS00496",2026-01-15
"CTA02220","DIS00727",2026-07-17
"CTA00847","DIS01752",2026-04-30
"CTA02799","DIS01608",2026-04-03
"CTA03745","DIS00345",2025-05-27
"CTA02438","DIS00643",2025-12-25
"CTA00807","DIS00706",2026-05-22
"CTA01408","DIS01510",2025-04-20
"CTA00245","DIS00328",2026-07-23
"CTA03781","DIS01338",2025-09-24
"CTA02278","DIS01475",2025-01-08
"CTA04877","DIS01892",2026-03-05
"CTA01136","DIS01517",2026-01-05
"CTA02036","DIS01647",2025-03-01
"CTA02005","DIS00968",2026-03-12
"CTA03536","DIS00690",2025-10-27
"CTA00748","DIS01805",2026-07-31
"CTA02070","DIS00911",2026-02-15
"CTA04308","DIS00348",2026-01-25
"CTA02490","DIS01429",2025-04-25
"CTA00779","DIS01483",2026-07-27
"CTA02973","DIS00690",2025-06-20
"CTA03126","DIS00907",2025-01-14
"CTA02911","DIS00668",2025-01-22
"CTA04196","DIS01249",2026-04-03
"CTA01430","DIS00927",2026-03-03
"CTA01778","DIS01055",2025-10-14
"CTA02437","DIS00865",2025-01-09
"CTA02723","DIS00644",2026-06-16
"CTA00680","DIS00193",2025-09-21
"CTA00056","DIS00162",2025-07-06
"CTA03412","DIS00589",2025-07-21
"CTA00499","DIS00819",2025-12-12
"CTA01981","DIS01555",2026-04-15
"CTA04880","DIS01484",2026-02-27
"CTA00506","DIS00631",2025-11-16
"CTA01197","DIS00908",2026-01-28
"CTA00046","DIS00658",2025-11-21
"CTA03236","DIS01899",2025-01-12
"CTA03804","DIS01659",2026-06-12
"CTA04669","DIS00465",2026-08-12
"CTA03232","DIS00495",2025-02-16
"CTA01238","DIS01127",2025-07-11
"CTA02671","DIS00370",2026-08-29
"CTA01525","DIS01754",2025-10-18
"CTA00527","DIS01961",2025-06-18
"CTA00527","DIS00716",2025-02-16
"CTA01591","DIS01498",2025-08-08
"CTA01538","DIS01178",2025-11-01
"CTA04659","DIS00432",2025-12-18
"CTA00732","DIS00918",2026-05-11
"CTA04857","DIS01369",2026-03-24
"CTA04382","DIS01981",2025-10-19
"CTA01477","DIS01856",2025-03-27
"CTA02401","DIS00231",2026-02-26
"CTA00158","DIS00527",2025-06-11
"CTA02601","DIS01835",2026-05-21
"CTA03548","DIS01489",2026-01-19
"CTA00635","DIS01618",2026-03-18
"CTA00034","DIS00771",2025-02-08
"CTA02665","DIS00422",2026-03-21
"CTA03207","DIS00197",2025-01-26
"CTA04489","DIS00690",2026-04-08
"CTA03660","DIS01409",2026-02-24
"CTA04979","DIS01074",2025-07-03
"CTA01527","DIS00377",2025-09-23
"CTA00823","DIS01147",2025-12-13
"CTA01670","DIS01511",2026-02-25
"CTA04627","DIS00478",2026-04-06
"CTA01927","DIS01643",2026-04-17
"CTA04627","DIS01119",2025-03-04
"CTA02139","DIS00028",2025-08-29
"CTA04382","DIS01375",2025-05-30
"CTA02234","DIS00981",2025-01-05
"CTA03156","DIS00298",2025-01-10
"CTA03346","DIS01349",2025-09-03
"CTA03736","DIS00705",2025-03-10
"CTA02007","DIS00692",2025-01-19
"CTA03692","DIS01143",2026-04-12
"CTA03703","DIS00907",2025-01-12
"CTA03608","DIS00589",2025-05-19
"CTA01022","DIS01642",2026-03-04
"CTA03675","DIS00052",2025-01-27
"CTA04306","DIS01876",2025-07-09
"CTA03399","DIS00522",2026-01-23
"CTA01729","DIS00443",2026-08-25
"CTA03431","DIS00960",2025-12-01
"CTA03968","DIS00700",2025-01-12
"CTA01916","DIS01624",2025-06-07
"CTA02632","DIS01866",2026-06-24
"CTA00788","DIS01116",2025-04-05
"CTA02924","DIS01669",2025-12-24
"CTA00041","DIS01779",2025-10-23
"CTA03538","DIS01045",2026-06-09
"CTA03971","DIS01649",2025-01-15
"CTA00139","DIS00310",2026-07-15
"CTA03118","DIS00152",2026-02-01
"CTA03804","DIS01279",2026-01-17
"CTA00482","DIS00064",2026-04-03
"CTA01403","DIS01235",2026-08-12
"CTA00046","DIS00020",2026-01-27
"CTA00349","DIS00526",2025-03-14
"CTA01585","DIS00359",2026-05-17
"CTA03785","DIS00833",2026-08-27
"CTA04552","DIS00553",2026-04-18
"CTA00628","DIS01586",2026-02-15
"CTA04654","DIS00472",2026-03-28
"CTA03202","DIS00997",2025-07-04
"CTA00188","DIS01127",2025-02-20
"CTA01108","DIS00526",2025-03-26
"CTA04911","DIS01146",2025-07-11
"CTA02653","DIS01324",2025-05-29
"CTA01422","DIS01346",2026-04-17
"CTA02144","DIS00311",2025-11-09
"CTA04635","DIS00084",2025-10-29
"CTA00568","DIS01183",2026-07-14
"CTA00799","DIS01870",2025-07-03
"CTA00828","DIS01464",2025-08-27
"CTA01863","DIS00744",2025-10-23
"CTA01698","DIS01735",2026-03-16
"CTA02163","DIS01511",2026-07-20
"CTA00902","DIS00574",2025-06-25
"CTA04464","DIS01622",2025-07-30
"CTA02067","DIS01976",2025-04-02
"CTA04293","DIS01901",2026-02-14
"CTA01903","DIS00180",2025-10-07
"CTA04887","DIS01578",2026-06-09
"CTA04872","DIS01445",2025-11-24
"CTA00186","DIS01998",2026-04-18
"CTA00231","DIS01658",2025-10-14
"CTA02434","DIS01098",2025-03-17
"CTA00849","DIS01525",2025-05-28
"CTA01758","DIS01803",2025-08-28
"CTA00565","DIS00978",2026-04-30
"CTA00585","DIS00433",2025-12-09
"CTA00746","DIS01251",2025-08-22
"CTA02682","DIS01942",2025-08-06
"CTA00575","DIS00178",2025-09-16
"CTA01779","DIS01181",2025-10-14
"CTA03290","DIS01830",2025-09-16
"CTA03483","DIS00261",2026-01-31
"CTA03521","DIS01793",2026-06-05
"CTA04858","DIS00707",2025-11-20
"CTA01617","DIS01292",2025-11-02
"CTA02762","DIS01338",2025-10-31
"CTA04961","DIS01379",2025-01-14
"CTA01869","DIS00041",2025-07-20
"CTA00887","DIS01090",2025-01-22
"CTA02771","DIS00561",2025-07-27
"CTA00799","DIS01760",2025-07-26
"CTA03181","DIS00010",2026-02-03
"CTA02298","DIS00389",2026-04-07
"CTA01374","DIS00776",2026-03-06
"CTA01594","DIS01861",2025-10-13
"CTA02868","DIS01967",2026-08-13
"CTA01833","DIS01224",2025-07-12
"CTA02161","DIS01739",2025-11-24
"CTA04269","DIS00996",2025-05-21
"CTA04267","DIS01766",2025-06-18
"CTA03341","DIS00529",2025-06-06
"CTA01883","DIS01307",2026-02-04
"CTA02711","DIS00855",2026-07-07
"CTA01598","DIS00871",2026-02-12
"CTA02431","DIS00813",2025-06-03
"CTA03117","DIS00555",2025-07-29
"CTA01529","DIS01920",2026-01-30
"CTA00684","DIS01890",2026-08-09
"CTA02263","DIS01769",2025-03-20
"CTA01720","DIS00176",2026-05-08
"CTA03337","DIS00056",2026-05-18
"CTA04170","DIS01038",2025-04-10
"CTA00310","DIS01711",2025-06-08
"CTA02554","DIS00917",2025-09-16
"CTA04049","DIS01572",2025-07-01
"CTA00292","DIS00317",2026-06-12
"CTA02312","DIS01172",2026-01-25
"CTA00223","DIS00600",2026-08-18
"CTA00476","DIS01857",2026-05-14
"CTA03765","DIS01515",2025-08-15
"CTA03547","DIS00069",2025-03-26
"CTA00643","DIS01836",2026-07-10
"CTA02756","DIS01336",2025-03-11
"CTA03651","DIS00556",2026-03-27
"CTA03312","DIS01914",2026-04-28
"CTA04513","DIS00502",2025-06-30
"CTA04445","DIS00713",2025-01-09
"CTA00562","DIS01053",2026-08-01
"CTA02459","DIS01895",2025-11-23
"CTA04613","DIS01286",2025-01-30
"CTA01054","DIS01880",2026-05-25
"CTA04908","DIS01284",2026-05-05
"CTA00666","DIS00465",2025-07-13
"CTA04322","DIS01288",2025-10-11
"CTA04751","DIS00639",2026-05-13
"CTA01795","DIS01293",2025-06-12
"CTA04629","DIS01774",2025-10-12
"CTA01153","DIS01369",2026-06-26
"CTA00479","DIS00651",2026-02-20
"CTA04495","DIS01057",2026-07-04
"CTA03368","DIS01356",2025-02-05
"CTA02444","DIS01192",2025-12-30
"CTA00696","DIS00215",2026-03-28
"CTA01643","DIS01206",2025-11-03
"CTA03015","DIS01467",2025-09-25
"CTA01440","DIS00776",2025-02-03
"CTA03960","DIS01875",2026-04-22
"CTA03211","DIS00561",2026-07-19
"CTA01161","DIS01658",2025-04-18
"CTA04243","DIS01073",2025-11-17
"CTA02193","DIS00898",2025-12-26
"CTA04708","DIS01757",2025-05-11
"CTA02908","DIS00675",2025-05-08
"CTA02636","DIS01535",2025-05-24
"CTA00225","DIS01752",2025-01-02
"CTA03358","DIS00577",2025-11-14
"CTA02311","DIS01331",2025-03-04
"CTA04269","DIS01668",2025-05-09
"CTA00308","DIS00860",2025-08-27
"CTA00659","DIS00516",2025-12-01
"CTA01001","DIS01175",2025-07-09
"CTA00893","DIS01739",2025-01-26
"CTA01586","DIS00311",2025-03-12
"CTA00806","DIS00623",2026-07-07
"CTA00908","DIS00479",2026-03-15
"CTA02232","DIS01014",2026-05-27
"CTA03387","DIS01305",2026-01-09
"CTA03472","DIS00491",2025-11-18
"CTA04335","DIS00230",2025-10-10
"CTA01599","DIS00455",2026-02-12
"CTA00078","DIS00296",2025-09-27
"CTA03656","DIS00636",2026-01-05
"CTA03960","DIS00003",2025-08-29
"CTA02971","DIS01337",2025-09-22
"CTA03363","DIS01549",2026-04-30
"CTA03310","DIS00915",2026-01-13
"CTA04032","DIS01668",2025-06-01
"CTA03853","DIS01231",2025-09-27
"CTA03483","DIS00192",2025-04-14
"CTA01737","DIS01091",2025-01-24
"CTA04431","DIS00246",2026-03-07
"CTA03045","DIS01323",2026-06-17
"CTA02030","DIS00343",2026-07-05
"CTA00243","DIS00727",2026-08-21
"CTA02200","DIS01547",2025-01-26
"CTA02773","DIS00114",2025-12-16
"CTA04564","DIS01840",2025-02-17
"CTA00867","DIS01925",2026-08-11
"CTA02703","DIS01920",2026-02-26
"CTA00151","DIS00208",2025-06-13
"CTA04611","DIS01612",2025-05-18
"CTA02043","DIS01271",2025-07-30
"CTA02265","DIS01697",2025-08-11
"CTA01075","DIS00693",2026-08-13
"CTA04759","DIS00397",2025-06-27
"CTA02125","DIS01299",2025-12-08
"CTA01706","DIS00714",2026-05-26
"CTA00722","DIS01734",2025-03-06
"CTA01508","DIS00829",2025-12-18
"CTA03872","DIS01027",2025-09-26
"CTA04152","DIS01414",2026-08-15
"CTA04600","DIS00882",2026-06-10
"CTA02895","DIS01966",2025-08-26
"CTA01476","DIS00077",2026-01-02
"CTA01537","DIS00278",2026-03-19
"CTA02278","DIS01165",2025-04-20
"CTA04284","DIS00558",2025-08-17
"CTA02742","DIS00530",2025-01-26
"CTA04830","DIS00397",2025-09-15
"CTA00928","DIS01875",2026-03-18
"CTA03415","DIS00763",2026-01-09
"CTA04535","DIS01294",2025-03-15
"CTA04290","DIS00468",2025-05-15
"CTA00168","DIS00446",2025-12-23
"CTA04856","DIS01094",2026-01-06
"CTA04944","DIS01564",2026-06-20
"CTA01419","DIS01867",2026-05-07
"CTA03776","DIS00391",2026-02-03
"CTA04245","DIS01336",2026-03-11
"CTA01451","DIS01544",2026-04-29
"CTA00797","DIS01867",2026-03-22
"CTA01905","DIS01948",2025-04-17
"CTA00716","DIS01566",2026-07-19
"CTA01829","DIS01312",2026-03-14
"CTA02208","DIS00737",2025-02-17
"CTA02731","DIS00234",2026-04-17
"CTA03345","DIS01254",2026-05-19
"CTA01633","DIS01498",2026-03-02
"CTA00016","DIS00808",2026-02-13
"CTA03729","DIS01508",2026-03-29
"CTA02899","DIS00458",2025-07-16
"CTA02052","DIS01848",2025-06-06
"CTA03444","DIS00252",2026-08-09
"CTA01265","DIS01083",2025-08-22
"CTA00590","DIS01872",2025-07-18
"CTA03156","DIS01655",2025-11-16
"CTA03088","DIS00584",2025-09-25
"CTA00152","DIS00492",2026-04-26
"CTA04484","DIS00149",2025-02-14
"CTA01047","DIS01816",2025-11-01
"CTA00435","DIS00421",2026-05-22
"CTA03053","DIS00810",2025-06-02
"CTA01529","DIS01549",2025-08-12
"CTA00309","DIS01461",2026-02-01
"CTA00317","DIS00863",2025-11-27
"CTA00563","DIS01142",2026-07-01
"CTA00441","DIS01369",2025-08-10
"CTA01605","DIS01830",2025-11-25
"CTA00259","DIS00859",2025-07-20
"CTA01603","DIS01105",2025-02-17
"CTA04427","DIS00131",2025-12-02
"CTA03598","DIS00436",2026-02-11
"CTA04125","DIS00363",2025-08-20
"CTA03778","DIS01458",2026-07-29
"CTA02221","DIS00854",2026-06-07
"CTA03993","DIS00575",2025-06-11
"CTA00365","DIS01669",2026-02-19
"CTA03435","DIS00088",2026-03-28
"CTA03106","DIS01313",2025-01-20
"CTA04335","DIS01680",2026-08-12
"CTA02576","DIS01086",2026-01-09
"CTA04948","DIS00409",2026-06-02
"CTA04424","DIS01813",2026-02-22
"CTA04436","DIS01683",2025-03-13
"CTA01022","DIS01388",2025-08-17
"CTA03748","DIS01994",2025-05-19
"CTA03107","DIS01112",2025-04-23
"CTA02892","DIS01511",2025-06-03
"CTA01072","DIS00382",2026-04-26
"CTA02880","DIS00107",2025-07-27
"CTA02336","DIS00161",2025-01-13
"CTA03586","DIS00671",2025-02-18
"CTA02672","DIS00286",2025-09-03
"CTA03296","DIS00100",2025-10-18
"CTA03973","DIS01570",2025-10-28
"CTA01919","DIS00072",2025-02-16
"CTA03756","DIS00811",2026-01-21
"CTA00200","DIS01368",2026-04-04
"CTA02184","DIS01554",2025-09-30
"CTA03125","DIS00124",2025-10-23
"CTA04525","DIS01114",2025-04-27
"CTA01471","DIS01383",2025-11-07
"CTA01529","DIS01404",2026-04-13
"CTA00134","DIS00861",2025-09-01
"CTA01139","DIS01032",2026-06-28
"CTA00032","DIS00146",2025-09-25
"CTA03002","DIS01502",2025-05-17
"CTA04060","DIS00676",2026-01-14
"CTA03075","DIS01234",2025-03-16
"CTA04383","DIS00806",2026-07-26
"CTA02643","DIS01570",2025-09-30
"CTA01115","DIS00771",2025-07-20
"CTA00575","DIS00440",2025-11-23
"CTA00580","DIS01175",2025-09-19
"CTA04179","DIS00272",2025-07-14
"CTA02081","DIS01545",2026-08-18
"CTA01602","DIS01868",2026-07-17
"CTA03627","DIS01618",2025-03-21
"CTA03069","DIS01141",2025-05-31
"CTA01679","DIS01173",2026-02-17
"CTA00602","DIS01095",2026-02-06
"CTA00835","DIS01559",2025-06-18
"CTA00270","DIS01990",2026-07-29
"CTA02059","DIS01541",2025-04-01
"CTA01083","DIS01392",2025-08-12
"CTA00244","DIS01825",2025-02-06
"CTA02988","DIS01243",2025-02-08
"CTA02817","DIS00527",2025-07-10
"CTA02150","DIS00973",2026-01-19
"CTA02103","DIS01259",2026-04-09
"CTA01708","DIS00048",2025-12-04
"CTA00127","DIS00683",2026-07-19
"CTA02884","DIS01585",2026-07-06
"CTA03448","DIS00026",2025-09-26
"CTA00593","DIS01112",2025-03-10
"CTA04080","DIS00579",2025-07-24
"CTA00369","DIS00029",2026-02-24
"CTA02813","DIS01083",2025-08-23
"CTA02595","DIS01739",2025-09-29
"CTA00441","DIS01052",2025-04-30
"CTA01050","DIS00703",2025-11-05
"CTA01637","DIS01424",2026-04-07
"CTA04828","DIS00900",2025-05-25
"CTA02719","DIS00895",2025-01-31
"CTA00887","DIS01880",2025-01-26
"CTA04381","DIS00175",2025-08-05
"CTA02737","DIS01862",2025-08-13
"CTA03176","DIS01979",2026-01-23
"CTA03992","DIS01431",2025-02-11
"CTA03835","DIS01936",2026-07-15
"CTA03852","DIS00077",2026-01-13
"CTA02955","DIS00090",2026-02-03
"CTA01985","DIS00902",2025-04-07
"CTA04309","DIS00680",2026-06-11
"CTA04187","DIS01072",2025-02-07
"CTA02170","DIS00296",2025-07-05
"CTA03411","DIS01459",2025-04-10
"CTA01513","DIS01213",2026-02-05
"CTA01878","DIS01170",2025-02-07
"CTA01122","DIS01806",2025-11-20
"CTA04225","DIS00887",2026-01-26
"CTA01838","DIS01805",2025-04-01
"CTA03964","DIS00436",2025-11-08
"CTA02527","DIS00985",2025-11-07
"CTA03553","DIS00436",2025-12-17
"CTA03465","DIS00055",2025-04-29
"CTA02910","DIS01794",2025-03-10
"CTA00138","DIS00069",2026-08-30
"CTA02876","DIS00230",2025-09-09
"CTA01467","DIS00155",2025-03-21
"CTA03983","DIS00744",2026-08-18
"CTA04425","DIS01258",2026-04-14
"CTA04880","DIS01711",2026-05-05
"CTA02778","DIS00968",2025-11-27
"CTA04815","DIS00489",2026-02-04
"CTA00981","DIS01727",2025-11-19
"CTA01539","DIS00143",2025-04-20
"CTA03731","DIS01784",2026-08-21
"CTA01091","DIS01531",2025-05-16
"CTA02919","DIS00642",2026-03-15
"CTA04763","DIS01579",2026-08-07
"CTA01483","DIS00344",2025-04-06
"CTA02449","DIS01251",2026-05-27
"CTA01660","DIS01189",2026-02-15
"CTA03759","DIS01183",2026-06-25
"CTA03953","DIS00263",2026-02-14
"CTA01248","DIS00376",2026-02-22
"CTA02727","DIS00611",2025-01-28
"CTA04897","DIS00174",2026-03-14
"CTA04330","DIS01035",2026-08-21
"CTA00119","DIS01801",2025-05-19
"CTA04836","DIS01649",2026-08-29
"CTA01982","DIS00579",2026-03-10
"CTA02498","DIS00762",2025-06-25
"CTA00221","DIS01719",2025-12-24
"CTA02753","DIS00562",2025-02-02
"CTA00961","DIS01558",2025-09-27
"CTA02287","DIS01306",2026-06-29
"CTA04762","DIS00843",2025-08-30
"CTA00354","DIS00784",2025-04-01
"CTA03480","DIS01329",2026-03-18
"CTA03573","DIS01918",2025-10-20
"CTA01921","DIS00646",2026-06-01
"CTA00423","DIS01245",2025-01-25
"CTA04017","DIS01452",2026-07-31
"CTA03675","DIS00646",2025-05-20
"CTA03891","DIS00312",2026-01-24
"CTA03843","DIS01327",2026-03-28
"CTA00283","DIS01371",2026-06-17
"CTA03252","DIS01735",2025-07-05
"CTA02488","DIS00605",2026-03-02
"CTA03886","DIS01787",2025-08-09
"CTA01434","DIS00452",2025-02-05
"CTA01240","DIS00203",2026-08-13
"CTA01689","DIS01772",2026-02-18
"CTA00353","DIS00848",2025-12-25
"CTA00142","DIS00672",2025-11-03
"CTA04710","DIS01568",2025-01-25
"CTA00890","DIS01668",2026-02-03
"CTA03881","DIS01768",2026-05-21
"CTA02560","DIS00453",2026-04-16
"CTA03422","DIS00688",2026-04-24
"CTA04847","DIS01677",2026-07-20
"CTA00886","DIS00260",2026-07-23
"CTA02090","DIS01197",2025-08-22
"CTA03792","DIS01557",2025-08-30
"CTA04977","DIS01629",2025-12-19
"CTA01355","DIS00538",2025-09-16
"CTA04078","DIS01132",2026-08-12
"CTA04098","DIS01674",2026-06-22
"CTA04782","DIS00164",2025-12-04
"CTA04429","DIS00482",2025-02-28
"CTA04331","DIS01705",2026-06-23
"CTA00722","DIS00792",2025-04-08
"CTA00870","DIS00058",2026-06-15
"CTA00717","DIS00733",2026-06-29
"CTA04865","DIS01353",2025-11-08
"CTA01344","DIS00176",2025-01-22
"CTA02039","DIS01546",2026-01-01
"CTA04215","DIS00839",2025-10-18
"CTA03490","DIS01709",2026-05-24
"CTA01585","DIS00143",2026-02-11
"CTA03363","DIS00534",2026-02-09
"CTA02670","DIS00315",2026-01-17
"CTA04078","DIS01073",2025-06-21
"CTA02876","DIS01264",2025-08-14
"CTA04776","DIS01540",2025-03-21
"CTA02215","DIS01852",2025-02-28
"CTA02493","DIS01887",2026-04-03
"CTA03306","DIS01076",2025-10-19
"CTA02837","DIS00689",2025-11-10
"CTA03597","DIS01099",2026-02-04
"CTA03229","DIS00081",2026-02-18
"CTA02434","DIS01064",2026-04-11
"CTA00137","DIS01792",2025-10-28
"CTA03717","DIS00482",2026-02-09
"CTA02420","DIS01303",2025-12-31
"CTA04583","DIS00778",2025-05-22
"CTA02382","DIS01092",2026-04-25
"CTA00701","DIS01343",2025-09-06
"CTA04009","DIS00328",2025-07-15
"CTA03051","DIS01205",2025-02-27
"CTA03683","DIS00223",2025-08-03
"CTA02642","DIS01810",2026-07-08
"CTA00724","DIS01937",2025-04-04
"CTA03573","DIS01169",2025-01-14
"CTA03099","DIS00970",2026-01-23
"CTA01762","DIS01267",2025-06-25
"CTA00364","DIS01577",2026-02-22
"CTA04006","DIS00149",2026-07-06
"CTA03582","DIS01317",2025-05-26
"CTA03166","DIS01134",2025-10-27
"CTA03025","DIS01475",2025-10-13
"CTA04183","DIS00194",2025-12-30
"CTA04496","DIS00703",2026-08-01
"CTA03040","DIS00505",2025-12-28
"CTA04434","DIS00123",2026-06-26
"CTA00822","DIS00551",2025-12-20
"CTA03721","DIS01316",2026-01-01
"CTA01524","DIS00998",2026-05-23
"CTA03905","DIS01411",2025-04-03
"CTA02737","DIS01877",2025-07-06
"CTA04076","DIS01161",2026-04-07
"CTA03198","DIS01015",2025-12-15
"CTA04121","DIS00209",2026-01-03
"CTA04686","DIS01485",2026-06-22
"CTA00821","DIS00477",2026-03-24
"CTA04359","DIS00684",2025-07-19
"CTA03663","DIS01292",2025-04-18
"CTA01086","DIS00737",2026-08-17
"CTA02152","DIS00537",2026-02-13
"CTA02818","DIS00050",2025-06-04
"CTA01934","DIS00358",2026-06-06
"CTA04052","DIS01677",2026-08-09
"CTA02616","DIS01127",2026-08-31
"CTA04767","DIS01740",2025-07-20
"CTA02003","DIS00025",2025-08-07
"CTA01049","DIS01237",2025-04-29
"CTA01242","DIS01192",2026-08-08
"CTA02570","DIS00347",2026-07-12
"CTA04868","DIS00569",2025-04-12
"CTA03287","DIS00363",2025-10-10
"CTA04954","DIS00028",2026-07-12
"CTA03037","DIS00221",2025-06-26
"CTA00035","DIS01089",2025-03-14
"CTA02821","DIS00313",2026-06-22
"CTA02840","DIS00863",2025-04-22
"CTA04766","DIS01705",2025-04-16
"CTA00183","DIS00756",2025-10-12
"CTA04577","DIS01218",2025-07-25
"CTA04371","DIS00577",2026-06-16
"CTA03726","DIS00886",2026-02-08
"CTA03264","DIS01625",2025-08-22
"CTA00175","DIS01214",2026-08-21
"CTA04585","DIS01850",2025-05-30
"CTA04416","DIS01877",2025-11-08
"CTA02073","DIS01355",2025-06-11
"CTA03324","DIS01508",2025-12-25
"CTA00735","DIS01627",2025-06-15
"CTA03506","DIS00405",2025-01-17
"CTA01141","DIS00650",2026-02-05
"CTA00718","DIS01215",2025-06-11
"CTA02903","DIS00351",2026-01-14
"CTA04462","DIS00910",2025-04-07
"CTA01163","DIS01757",2025-05-10
"CTA02049","DIS01023",2025-10-06
"CTA00419","DIS00214",2025-03-16
"CTA01771","DIS01275",2026-05-11
"CTA01069","DIS00087",2025-07-02
"CTA04258","DIS00917",2026-05-02
"CTA03257","DIS01378",2025-03-08
"CTA01254","DIS01836",2026-06-27
"CTA02865","DIS00438",2025-03-10
"CTA04600","DIS00183",2026-05-11
"CTA02146","DIS01299",2025-02-03
"CTA01407","DIS01770",2026-02-15
"CTA03892","DIS01368",2026-08-16
"CTA00523","DIS00195",2025-03-27
"CTA01431","DIS01993",2025-06-27
"CTA02363","DIS01663",2026-01-18
"CTA01200","DIS00086",2025-06-18
"CTA02199","DIS00119",2025-08-31
"CTA04419","DIS00884",2025-08-23
"CTA01544","DIS00517",2025-04-05
"CTA00925","DIS01211",2026-02-06
"CTA02515","DIS00844",2025-11-07
"CTA02106","DIS00454",2025-11-27
"CTA02487","DIS00551",2026-01-02
"CTA02283","DIS00142",2026-01-27
"CTA00259","DIS01868",2026-04-26
"CTA00195","DIS01945",2025-01-31
"CTA03034","DIS01584",2026-08-01
"CTA04819","DIS00965",2025-02-27
"CTA03402","DIS01925",2025-12-03
"CTA02250","DIS01997",2025-05-16
"CTA03096","DIS01808",2025-12-31
"CTA02220","DIS01145",2025-01-03
"CTA01622","DIS01881",2025-07-20
"CTA01188","DIS00314",2025-02-07
"CTA03430","DIS00469",2026-06-25
"CTA00041","DIS01844",2025-04-21
"CTA02225","DIS00042",2025-12-11
"CTA03491","DIS00629",2025-05-25
"CTA01910","DIS00362",2026-07-17
"CTA04234","DIS01154",2025-06-28
"CTA01159","DIS00799",2025-11-29
"CTA01266","DIS00856",2025-03-26
"CTA01443","DIS01587",2025-05-29
"CTA02192","DIS00116",2025-06-01
"CTA03218","DIS01658",2026-01-17
"CTA03671","DIS00500",2025-09-20
"CTA00709","DIS00232",2026-04-16
"CTA00369","DIS01666",2026-05-08
"CTA04819","DIS01966",2025-09-25
"CTA03658","DIS00568",2026-08-10
"CTA03856","DIS01834",2025-02-26
"CTA01516","DIS00082",2026-02-26
"CTA01965","DIS01264",2025-03-24
"CTA02374","DIS00093",2025-08-09
"CTA02430","DIS01066",2026-02-26
"CTA03252","DIS01497",2025-06-13
"CTA03004","DIS00055",2025-06-14
"CTA02877","DIS01067",2026-02-23
"CTA01520","DIS00437",2026-04-06
"CTA04347","DIS01972",2026-06-16
"CTA01807","DIS00294",2025-08-10
"CTA03458","DIS01081",2025-10-18
"CTA04722","DIS00138",2025-11-27
"CTA03837","DIS01357",2025-08-13
"CTA00678","DIS00755",2025-04-20
"CTA01839","DIS00130",2026-04-27
"CTA02257","DIS01920",2025-07-29
"CTA04899","DIS00917",2026-06-01
"CTA04600","DIS00630",2025-08-19
"CTA02507","DIS00425",2025-04-15
"CTA00379","DIS01600",2026-05-30
"CTA03865","DIS00345",2026-04-18
"CTA04086","DIS01014",2025-04-04
"CTA03121","DIS01467",2026-07-31
"CTA04847","DIS00398",2025-05-16
"CTA02645","DIS01120",2026-02-21
"CTA00397","DIS00202",2026-08-20
"CTA03278","DIS00909",2026-08-29
"CTA01555","DIS01056",2025-12-14
"CTA04496","DIS00820",2025-09-03
"CTA00119","DIS01205",2025-11-09
"CTA00829","DIS00050",2026-06-09
"CTA00292","DIS01082",2025-11-28
"CTA03266","DIS01512",2025-12-16
"CTA01946","DIS00565",2025-07-30
"CTA04344","DIS01117",2025-07-05
"CTA00081","DIS01024",2026-08-08
"CTA04041","DIS01885",2025-08-25
"CTA02713","DIS01148",2026-04-20
"CTA04361","DIS01379",2025-11-09
"CTA02897","DIS01459",2025-03-02
"CTA03378","DIS00631",2025-07-15
"CTA01274","DIS00789",2025-07-03
"CTA04572","DIS00410",2025-01-13
"CTA00056","DIS01785",2025-10-22
"CTA02854","DIS00815",2026-04-07
"CTA03806","DIS00291",2026-07-24
"CTA00549","DIS00147",2025-08-26
"CTA00392","DIS00252",2025-01-13
"CTA00563","DIS00800",2025-01-21
"CTA02066","DIS01066",2026-02-23
"CTA01204","DIS00510",2025-08-06
"CTA00736","DIS00603",2025-09-03
"CTA01031","DIS01105",2026-01-28
"CTA00646","DIS00545",2025-03-31
"CTA02198","DIS00418",2025-05-29
"CTA01991","DIS01299",2026-08-08
"CTA03439","DIS00230",2026-02-05
"CTA01155","DIS01552",2025-08-23
"CTA00186","DIS01801",2025-11-30
"CTA00590","DIS00476",2026-06-30
"CTA00445","DIS01552",2025-03-18
"CTA00348","DIS00390",2025-02-07
"CTA02640","DIS01242",2025-01-10
"CTA01597","DIS01512",2025-10-12
"CTA02868","DIS01248",2026-06-01
"CTA02415","DIS01316",2025-10-22
"CTA02309","DIS01645",2026-02-08
"CTA02680","DIS01115",2025-01-31
"CTA00459","DIS01774",2025-03-25
"CTA00766","DIS01910",2026-05-02
"CTA04327","DIS00321",2025-06-30
"CTA02487","DIS00148",2025-04-10
"CTA03299","DIS00927",2026-06-19
"CTA02493","DIS00985",2025-07-05
"CTA02031","DIS01001",2025-04-12
"CTA03849","DIS01307",2025-11-27
"CTA03436","DIS00080",2025-05-17
"CTA01872","DIS00538",2026-02-14
"CTA02196","DIS01109",2025-11-06
"CTA03655","DIS00210",2025-05-10
"CTA02890","DIS01162",2025-04-09
"CTA03009","DIS01120",2025-06-29
"CTA02550","DIS01549",2025-05-09
"CTA03206","DIS00066",2025-08-31
"CTA01512","DIS01776",2026-03-28
"CTA02680","DIS01671",2025-08-01
"CTA00899","DIS01828",2025-08-18
"CTA04196","DIS01929",2025-10-31
"CTA03676","DIS00301",2025-03-12
"CTA00748","DIS00793",2025-07-04
"CTA02418","DIS00888",2025-12-14
"CTA03646","DIS01173",2025-04-16
"CTA01780","DIS01819",2025-08-19
"CTA00579","DIS00154",2025-09-14
"CTA01382","DIS00610",2025-11-05
"CTA04738","DIS00319",2026-08-30
"CTA00603","DIS01214",2026-08-02
"CTA00400","DIS00008",2026-09-01
"CTA03519","DIS00554",2026-06-26
"CTA00389","DIS01708",2026-03-06
"CTA04073","DIS00688",2025-04-26
"CTA01447","DIS00832",2025-01-26
"CTA04716","DIS00326",2026-06-27
"CTA01512","DIS00597",2025-08-03
"CTA01499","DIS01837",2025-11-18
"CTA03781","DIS01024",2026-04-21
"CTA00873","DIS00671",2026-04-23
"CTA03839","DIS01438",2025-07-05
"CTA00787","DIS00509",2025-09-23
"CTA02104","DIS01993",2026-01-23
"CTA04350","DIS00451",2025-01-30
"CTA00993","DIS00969",2025-05-13
"CTA02119","DIS01502",2026-04-06
"CTA01908","DIS01404",2026-07-07
"CTA02420","DIS00901",2026-08-23
"CTA04744","DIS01288",2025-04-13
"CTA04209","DIS00660",2026-06-21
"CTA01279","DIS01314",2025-04-07
"CTA03500","DIS00705",2026-04-19
"CTA00499","DIS00067",2026-01-17
"CTA03148","DIS01515",2025-12-23
"CTA03216","DIS01583",2026-01-22
"CTA04384","DIS00633",2026-04-01
"CTA01280","DIS00243",2025-09-03
"CTA03937","DIS01415",2025-03-23
"CTA02849","DIS00428",2026-01-28
"CTA00778","DIS01389",2025-10-31
"CTA04519","DIS00280",2026-05-28
"CTA02568","DIS01653",2025-05-12
"CTA02995","DIS01081",2026-07-06
"CTA04145","DIS00640",2026-01-31
"CTA01919","DIS01637",2026-02-17
"CTA01992","DIS01756",2026-05-25
"CTA00974","DIS00927",2025-06-22
"CTA00327","DIS00818",2025-06-16
"CTA00152","DIS01995",2025-04-09
"CTA01771","DIS01043",2025-12-08
"CTA04077","DIS00687",2025-02-13
"CTA03905","DIS00999",2025-06-08
"CTA00777","DIS00957",2026-08-23
"CTA02970","DIS01538",2026-08-13
"CTA04812","DIS01225",2026-07-23
"CTA04490","DIS00435",2025-01-10
"CTA01167","DIS01246",2025-08-23
"CTA02086","DIS01136",2025-11-25
"CTA01150","DIS00209",2025-09-15
"CTA02807","DIS01401",2025-07-01
"CTA03538","DIS00038",2025-12-05
"CTA02296","DIS01149",2026-04-15
"CTA01356","DIS00892",2025-11-17
"CTA03650","DIS01510",2026-05-27
"CTA01971","DIS00271",2025-11-18
"CTA01651","DIS01765",2025-12-28
"CTA02961","DIS01397",2026-01-07
"CTA02609","DIS01387",2026-05-07
"CTA01270","DIS01193",2026-08-06
"CTA00711","DIS01755",2026-07-10
"CTA04214","DIS00497",2026-04-24
"CTA00964","DIS01421",2025-07-15
"CTA04429","DIS00777",2026-04-24
"CTA01072","DIS01269",2025-11-25
"CTA04914","DIS00083",2026-08-14
"CTA01224","DIS01925",2025-07-05
"CTA02904","DIS00765",2025-08-20
"CTA00239","DIS01277",2025-04-27
"CTA03435","DIS01027",2026-06-11
"CTA00037","DIS01239",2026-03-30
"CTA03530","DIS00546",2026-04-04
"CTA03495","DIS01607",2025-12-07
"CTA04254","DIS01158",2025-01-02
"CTA01158","DIS01929",2025-03-17
"CTA02073","DIS01222",2025-02-28
"CTA02866","DIS01272",2026-06-05
"CTA02407","DIS02000",2025-02-01
"CTA04136","DIS01487",2025-09-13
"CTA03377","DIS01619",2025-01-26
"CTA04571","DIS00932",2026-08-28
"CTA02220","DIS00225",2025-02-07
"CTA01616","DIS00262",2025-02-23
"CTA01861","DIS00160",2026-04-16
"CTA00614","DIS00173",2026-01-30
"CTA04063","DIS00687",2026-08-26
"CTA02365","DIS00057",2025-04-25
"CTA02926","DIS01569",2026-08-11
"CTA04998","DIS01620",2025-01-17
"CTA01168","DIS00622",2025-04-17
"CTA00073","DIS01306",2026-05-16
"CTA02082","DIS01806",2025-11-28
"CTA01882","DIS00176",2025-08-03
"CTA00644","DIS01370",2025-05-31
"CTA00422","DIS00066",2026-02-09
"CTA01589","DIS00295",2025-10-13
"CTA00827","DIS01068",2025-04-19
"CTA00120","DIS00119",2026-01-12
"CTA03031","DIS01458",2025-01-03
"CTA01206","DIS00167",2025-03-28
"CTA00552","DIS00674",2025-07-26
"CTA00327","DIS01109",2025-10-04
"CTA03249","DIS01557",2026-04-09
"CTA00931","DIS00070",2025-04-22
"CTA01881","DIS01491",2026-02-04
"CTA04800","DIS01810",2025-06-15
"CTA02568","DIS01509",2026-04-20
"CTA02604","DIS00083",2025-01-23
"CTA00422","DIS01502",2026-02-04
"CTA01055","DIS00703",2025-08-04
"CTA04589","DIS00970",2025-05-02
"CTA03296","DIS01677",2026-07-19
"CTA04466","DIS01888",2025-08-06
"CTA04111","DIS00088",2026-02-12
"CTA02397","DIS01165",2025-01-26
"CTA01021","DIS01270",2026-01-05
"CTA01544","DIS00260",2025-07-27
"CTA03878","DIS01389",2025-05-17
"CTA00212","DIS00940",2026-03-26
"CTA00073","DIS00088",2026-01-30
"CTA01435","DIS00235",2025-01-20
"CTA00804","DIS01834",2026-07-08
"CTA04387","DIS00639",2025-11-21
"CTA03900","DIS00672",2026-06-09
"CTA03602","DIS00149",2025-09-01
"CTA00313","DIS01747",2025-12-02
"CTA02393","DIS00832",2026-07-27
"CTA04045","DIS01293",2025-11-22
"CTA03763","DIS01385",2025-09-22
"CTA04309","DIS00496",2025-03-15
"CTA02199","DIS01331",2026-02-01
"CTA00808","DIS01103",2025-10-12
"CTA00418","DIS00037",2026-01-15
"CTA01170","DIS01964",2025-08-26
"CTA01385","DIS02000",2025-01-04
"CTA01666","DIS00596",2025-10-05
"CTA00861","DIS01988",2025-05-26
"CTA01300","DIS00021",2025-11-30
"CTA01942","DIS01684",2025-11-22
"CTA03035","DIS00821",2026-08-26
"CTA03236","DIS00388",2025-01-17
"CTA01498","DIS00209",2026-02-05
"CTA03682","DIS01393",2026-02-14
"CTA03283","DIS00906",2025-04-24
"CTA00083","DIS00902",2025-10-15
"CTA02367","DIS00410",2026-04-08
"CTA03305","DIS00893",2025-01-11
"CTA00817","DIS01643",2025-06-12
"CTA03757","DIS00227",2025-06-27
"CTA03319","DIS00284",2025-10-16
"CTA03553","DIS00230",2025-11-26
"CTA01710","DIS00860",2025-12-09
"CTA00812","DIS01796",2025-02-22
"CTA03475","DIS01751",2026-02-24
"CTA00665","DIS00416",2026-03-04
"CTA03740","DIS01677",2025-12-12
"CTA01956","DIS00766",2025-08-21
"CTA01762","DIS01913",2025-12-18
"CTA02302","DIS01686",2025-09-18
"CTA02766","DIS00524",2026-02-19
"CTA04894","DIS00777",2025-10-21
"CTA04091","DIS01254",2025-01-31
"CTA01949","DIS00458",2026-06-14
"CTA02248","DIS01926",2025-07-18
"CTA01177","DIS00872",2026-05-14
"CTA01770","DIS00326",2025-10-28
"CTA01396","DIS00315",2026-07-22
"CTA02436","DIS01811",2026-04-07
"CTA00316","DIS00501",2026-02-20
"CTA00165","DIS00962",2025-12-16
"CTA01508","DIS00137",2025-07-18
"CTA01429","DIS00089",2025-03-13
"CTA03300","DIS00345",2026-03-09
"CTA00253","DIS01765",2025-01-23
"CTA02518","DIS01251",2026-05-03
"CTA00946","DIS01139",2025-11-14
"CTA01867","DIS00383",2026-02-05
"CTA03130","DIS01919",2026-07-10
"CTA02106","DIS00278",2025-07-02
"CTA04349","DIS00944",2025-08-29
"CTA02041","DIS00255",2025-12-08
"CTA01431","DIS01101",2025-05-23
"CTA04383","DIS00538",2025-03-24
"CTA04922","DIS01393",2026-06-11
"CTA04103","DIS01702",2025-10-27
"CTA01157","DIS00595",2026-08-13
"CTA00557","DIS01142",2026-07-27
"CTA02769","DIS00717",2025-06-22
"CTA01945","DIS01582",2025-04-05
"CTA01653","DIS00599",2025-06-29
"CTA03711","DIS00497",2025-11-26
"CTA01838","DIS01877",2026-04-14
"CTA01688","DIS01771",2025-03-19
"CTA03138","DIS01374",2026-01-22
"CTA02061","DIS01388",2025-06-05
"CTA02861","DIS01456",2025-04-25
"CTA00665","DIS00747",2026-08-17
"CTA03955","DIS01898",2026-08-13
"CTA01192","DIS00409",2025-07-18
"CTA04947","DIS01398",2025-01-23
"CTA04770","DIS00523",2025-03-30
"CTA03432","DIS01503",2025-11-01
"CTA03313","DIS01700",2025-05-04
"CTA04323","DIS00142",2026-05-07
"CTA03028","DIS00521",2025-05-20
"CTA00532","DIS00598",2025-03-11
"CTA03921","DIS00523",2026-03-05
"CTA02749","DIS01518",2026-06-08
"CTA00772","DIS01129",2026-05-22
"CTA00930","DIS00791",2025-06-29
"CTA01026","DIS01322",2026-05-18
"CTA04228","DIS01585",2026-02-13
"CTA00726","DIS01036",2025-11-23
"CTA03310","DIS00377",2026-02-15
"CTA00940","DIS01245",2025-03-06
"CTA01517","DIS01271",2026-04-23
"CTA00550","DIS00389",2025-10-05
"CTA01012","DIS00538",2025-03-05
"CTA03951","DIS01103",2025-04-27
"CTA00495","DIS00019",2025-01-03
"CTA01089","DIS01919",2025-05-10
"CTA02720","DIS01109",2026-06-21
"CTA03675","DIS00834",2025-01-22
"CTA00423","DIS00336",2026-03-18
"CTA03684","DIS01315",2025-06-06
"CTA03177","DIS00453",2025-04-09
"CTA04532","DIS00084",2025-01-28
"CTA03368","DIS01567",2025-04-11
"CTA04713","DIS01539",2025-09-01
"CTA04260","DIS01235",2026-07-12
"CTA01293","DIS00143",2025-11-28
"CTA04225","DIS00391",2025-07-07
"CTA02235","DIS00759",2025-09-01
"CTA00799","DIS00636",2025-01-10
"CTA04806","DIS01798",2025-10-01
"CTA02100","DIS00665",2025-04-22
"CTA00274","DIS00888",2025-03-03
"CTA00385","DIS00884",2026-07-06
"CTA03625","DIS01523",2025-04-29
"CTA03860","DIS01455",2025-07-11
"CTA04736","DIS00659",2026-05-11
"CTA04070","DIS00413",2026-07-05
"CTA04846","DIS01564",2025-06-10
"CTA00203","DIS00288",2026-07-25
"CTA02830","DIS00649",2026-04-05
"CTA03147","DIS01080",2026-08-25
"CTA02210","DIS00810",2025-12-12
"CTA02650","DIS01932",2025-04-22
"CTA01191","DIS00718",2025-07-07
"CTA03673","DIS00587",2025-06-21
"CTA00991","DIS01383",2025-12-08
"CTA03000","DIS01040",2026-05-16
"CTA00799","DIS01036",2026-03-01
"CTA03291","DIS00330",2025-01-09
"CTA00143","DIS00146",2025-02-24
"CTA00770","DIS01407",2025-02-25
"CTA00874","DIS01000",2026-05-25
"CTA02423","DIS00810",2025-06-11
"CTA01162","DIS00733",2026-05-07
"CTA02569","DIS01822",2026-01-10
"CTA01064","DIS01589",2026-04-24
"CTA00888","DIS00958",2026-02-05
"CTA04795","DIS01765",2026-01-25
"CTA04190","DIS01884",2026-07-30
"CTA01156","DIS01425",2026-04-14
"CTA02641","DIS00007",2025-03-18
"CTA04268","DIS01299",2026-06-03
"CTA03752","DIS00094",2025-03-10
"CTA03297","DIS01827",2026-07-19
"CTA04951","DIS01904",2026-02-24
"CTA04601","DIS00213",2025-10-08
"CTA04971","DIS01279",2025-03-27
"CTA01652","DIS01543",2025-07-29
"CTA03134","DIS01426",2025-12-03
"CTA04373","DIS00113",2026-06-29
"CTA03263","DIS00685",2026-04-18
"CTA02650","DIS01525",2025-12-01
"CTA02162","DIS00704",2025-10-11
"CTA04393","DIS00029",2025-10-21
"CTA02727","DIS01824",2026-02-11
"CTA01427","DIS01100",2026-02-07
"CTA00001","DIS01313",2025-11-11
"CTA01689","DIS00067",2025-12-24
"CTA04214","DIS01632",2025-05-03
"CTA04704","DIS00065",2025-09-18
"CTA00022","DIS00297",2025-03-05
"CTA04802","DIS00463",2026-08-05
"CTA00935","DIS01272",2026-05-20
"CTA02509","DIS00582",2025-02-11
"CTA00028","DIS01439",2025-06-23
"CTA03030","DIS01652",2026-08-21
"CTA01652","DIS00617",2025-03-05
"CTA02949","DIS01370",2025-07-30
"CTA01219","DIS01003",2025-09-03
"CTA04415","DIS01428",2026-08-02
"CTA04568","DIS00349",2025-01-16
"CTA04423","DIS00058",2025-03-04
"CTA01277","DIS01751",2026-07-18
"CTA00944","DIS01013",2026-06-10
"CTA01702","DIS01998",2026-02-27
"CTA01956","DIS00033",2025-08-03
"CTA03774","DIS00410",2025-06-06
"CTA01084","DIS01333",2025-06-14
"CTA02023","DIS01285",2026-02-05
"CTA02603","DIS00385",2026-05-11
"CTA04447","DIS01759",2025-03-31
"CTA01253","DIS01818",2026-05-08
"CTA04323","DIS01281",2026-07-04
"CTA03810","DIS00623",2025-09-07
"CTA02447","DIS00123",2026-03-20
"CTA03259","DIS00492",2025-05-06
"CTA01706","DIS01527",2025-07-04
"CTA01484","DIS01019",2026-02-17
"CTA00248","DIS00871",2025-07-18
"CTA01502","DIS01033",2025-09-26
"CTA03535","DIS00998",2025-06-14
"CTA04136","DIS01138",2026-04-05
"CTA04665","DIS01669",2025-03-09
"CTA04804","DIS01632",2025-11-30
"CTA00854","DIS00268",2025-10-16
"CTA03415","DIS01884",2026-06-23
"CTA01656","DIS00548",2026-03-02
"CTA00576","DIS00909",2026-08-19
"CTA03612","DIS00139",2025-08-07
"CTA02530","DIS00257",2025-04-02
"CTA00494","DIS00313",2025-09-07
"CTA00785","DIS00789",2026-02-07
"CTA04276","DIS00085",2026-04-29
"CTA00438","DIS01330",2026-07-05
"CTA01718","DIS00092",2026-06-27
"CTA01751","DIS01522",2025-08-14
"CTA02388","DIS01270",2025-02-26
"CTA04337","DIS00176",2026-08-25
"CTA03976","DIS01790",2025-07-04
"CTA04771","DIS01734",2026-01-11
"CTA04663","DIS00205",2025-04-15
"CTA02860","DIS01408",2025-05-08
"CTA01914","DIS00602",2026-05-12
"CTA03454","DIS00361",2025-02-28
"CTA02584","DIS01705",2025-12-07
"CTA04008","DIS01827",2025-09-30
"CTA04218","DIS01103",2025-10-24
"CTA04234","DIS00535",2025-01-25
"CTA03215","DIS00630",2025-08-07
"CTA02185","DIS00622",2025-03-11
"CTA01410","DIS00441",2025-05-20
"CTA02497","DIS01116",2026-07-01
"CTA01426","DIS00659",2026-04-04
"CTA02973","DIS00640",2026-03-01
"CTA04381","DIS01360",2025-11-09
"CTA02619","DIS00242",2025-06-18
"CTA01453","DIS01171",2026-07-13
"CTA04201","DIS00226",2026-08-05
"CTA04456","DIS01343",2025-04-05
"CTA04789","DIS01982",2025-04-10
"CTA03852","DIS00725",2025-06-17
"CTA02832","DIS00877",2025-07-24
"CTA02161","DIS01464",2026-08-06
"CTA01938","DIS00184",2025-01-05
"CTA00690","DIS01919",2025-05-19
"CTA01747","DIS01570",2025-12-02
"CTA00262","DIS00579",2026-09-01
"CTA03892","DIS00826",2026-05-06
"CTA03249","DIS01493",2026-03-28
"CTA00745","DIS01067",2025-08-27
"CTA04016","DIS00500",2025-07-03
"CTA02558","DIS00102",2025-10-06
"CTA04610","DIS00991",2026-08-18
"CTA03441","DIS00966",2026-02-25
"CTA02146","DIS00920",2025-12-09
"CTA01043","DIS01751",2026-08-02
"CTA03228","DIS01656",2025-05-22
"CTA04433","DIS01584",2025-03-18
"CTA01734","DIS00907",2025-02-12
"CTA00739","DIS00319",2026-01-04
"CTA04672","DIS00283",2025-07-11
"CTA04788","DIS01587",2026-07-17
"CTA03580","DIS01546",2025-09-08
"CTA02064","DIS00125",2025-05-16
"CTA00717","DIS00086",2025-11-04
"CTA03126","DIS00527",2026-06-19
"CTA01180","DIS01227",2026-08-03
"CTA04837","DIS00181",2026-05-21
"CTA02237","DIS01227",2026-02-12
"CTA01857","DIS00655",2026-02-12
"CTA01530","DIS01676",2025-04-28
"CTA03420","DIS00808",2026-07-31
"CTA03333","DIS00807",2025-02-18
"CTA01940","DIS00664",2026-01-01
"CTA01771","DIS01209",2025-08-20
"CTA00503","DIS01700",2025-09-08
"CTA02835","DIS00916",2025-12-01
"CTA01521","DIS01802",2026-06-06
"CTA02708","DIS00661",2025-12-06
"CTA03712","DIS01245",2025-03-26
"CTA04410","DIS00436",2025-05-27
"CTA04209","DIS00821",2026-01-25
"CTA03089","DIS01586",2025-06-01
"CTA01126","DIS00269",2025-09-03
"CTA00192","DIS00541",2025-02-23
"CTA01242","DIS01121",2026-04-02
"CTA03379","DIS01784",2025-08-03
"CTA00169","DIS00211",2025-06-06
"CTA02725","DIS01716",2025-07-01
"CTA03660","DIS01138",2026-04-29
"CTA04257","DIS00496",2026-08-19
"CTA00937","DIS00375",2026-08-02
"CTA03501","DIS00462",2026-02-17
"CTA01766","DIS01379",2025-11-14
"CTA00868","DIS01206",2026-08-21
"CTA00091","DIS00295",2025-11-25
"CTA01164","DIS00771",2026-08-27
"CTA00157","DIS00002",2025-08-19
"CTA00535","DIS01030",2025-08-07
"CTA03816","DIS00114",2025-06-15
"CTA00555","DIS01622",2026-07-17
"CTA02986","DIS01372",2026-06-02
"CTA01654","DIS00337",2025-05-27
"CTA00715","DIS00567",2026-06-08
"CTA00380","DIS01883",2025-08-30
"CTA03885","DIS00937",2025-11-23
"CTA00969","DIS00199",2025-03-13
"CTA01756","DIS00959",2025-03-19
"CTA03750","DIS00720",2025-03-14
"CTA03054","DIS01464",2026-06-02
"CTA03600","DIS00598",2025-08-19
"CTA01156","DIS01879",2025-05-26
"CTA01003","DIS00525",2025-10-15
"CTA00805","DIS01061",2026-03-21
"CTA01013","DIS00349",2025-11-18
"CTA00709","DIS00693",2025-08-07
"CTA04213","DIS01820",2026-06-20
"CTA01914","DIS01817",2025-03-24
"CTA04506","DIS00966",2025-07-14
"CTA03433","DIS00098",2025-03-26
"CTA00186","DIS00011",2026-05-09
"CTA00057","DIS01606",2025-03-05
"CTA04738","DIS01921",2026-08-30
"CTA04508","DIS00334",2025-05-04
"CTA01890","DIS00193",2025-06-12
"CTA03689","DIS01984",2026-04-10
"CTA02558","DIS01752",2026-06-15
"CTA04848","DIS00608",2025-08-13
"CTA04421","DIS01662",2025-06-24
"CTA03669","DIS00960",2025-06-27
"CTA01839","DIS01954",2026-07-17
"CTA02415","DIS00973",2025-10-09
"CTA01656","DIS00492",2026-01-11
"CTA03720","DIS01154",2025-07-20
"CTA00228","DIS00147",2025-07-04
"CTA03365","DIS01972",2026-07-14
"CTA00760","DIS00475",2025-02-17
"CTA03740","DIS00349",2026-05-30
"CTA02166","DIS00778",2026-08-01
"CTA01961","DIS01213",2025-08-04
"CTA02520","DIS00876",2025-04-30
"CTA04706","DIS00505",2025-07-07
"CTA02794","DIS01250",2026-02-23
"CTA04153","DIS01404",2026-07-24
"CTA01444","DIS00766",2026-08-28
"CTA04826","DIS01554",2025-01-02
"CTA00706","DIS01197",2026-05-06
"CTA03773","DIS01166",2026-01-04
"CTA00572","DIS01358",2025-06-10
"CTA01924","DIS01605",2025-08-12
"CTA03793","DIS01783",2026-05-26
"CTA00745","DIS01795",2026-04-14
"CTA03760","DIS01716",2025-12-15
"CTA04598","DIS00427",2026-07-29
"CTA01524","DIS01793",2026-06-08
"CTA02022","DIS01791",2026-08-02
"CTA01063","DIS01509",2025-04-14
"CTA03562","DIS01994",2025-09-19
"CTA01120","DIS00702",2026-01-11
"CTA01943","DIS01969",2025-08-01
"CTA00079","DIS01580",2025-01-26
"CTA02404","DIS01069",2026-04-12
"CTA00384","DIS01204",2026-02-24
"CTA01167","DIS01964",2025-04-21
"CTA00008","DIS00241",2026-04-05
"CTA00995","DIS00108",2025-04-24
"CTA01029","DIS01443",2026-03-10
"CTA02805","DIS01697",2025-12-17
"CTA03184","DIS00157",2026-04-06
"CTA03940","DIS01121",2026-01-09
"CTA01443","DIS00795",2026-01-02
"CTA02621","DIS00872",2025-10-21
"CTA01732","DIS00719",2026-06-23
"CTA01319","DIS00462",2026-03-15
"CTA01777","DIS01408",2026-02-01
"CTA00042","DIS00873",2025-05-13
"CTA02050","DIS01812",2026-03-08
"CTA00777","DIS01956",2026-09-01
"CTA00756","DIS00042",2025-11-30
"CTA01988","DIS00832",2025-08-09
"CTA00469","DIS01813",2026-01-08
"CTA03125","DIS00116",2025-03-31
"CTA03867","DIS00736",2026-06-04
"CTA00835","DIS01000",2025-07-28
"CTA04949","DIS00674",2026-06-08
"CTA02439","DIS01083",2026-04-11
"CTA04666","DIS01912",2025-01-15
"CTA01303","DIS00157",2026-03-18
"CTA01947","DIS01657",2025-08-31
"CTA00794","DIS00413",2025-02-01
"CTA03670","DIS01362",2025-03-23
"CTA02620","DIS01169",2026-05-13
"CTA02376","DIS01589",2026-04-06
"CTA00589","DIS01779",2026-03-10
"CTA00797","DIS01676",2025-02-19
"CTA04852","DIS00792",2025-02-28
"CTA00480","DIS00101",2026-04-21
"CTA02301","DIS01639",2025-03-26
"CTA00168","DIS00619",2025-12-30
"CTA01959","DIS01694",2026-08-21
"CTA04958","DIS01166",2025-02-22
"CTA01713","DIS01703",2026-04-07
"CTA04940","DIS00564",2026-06-11
"CTA04335","DIS02000",2026-06-16
"CTA03776","DIS01536",2025-06-12
"CTA04000","DIS01825",2025-04-14
"CTA01871","DIS01599",2026-04-02
"CTA02477","DIS01109",2025-09-22
"CTA02382","DIS00142",2025-01-13
"CTA04978","DIS01093",2026-05-20
"CTA02660","DIS01965",2026-04-02
"CTA02771","DIS00599",2025-04-15
"CTA03626","DIS00110",2025-09-19
"CTA03404","DIS00120",2025-01-29
"CTA04368","DIS01113",2025-05-29
"CTA02059","DIS01278",2026-01-02
"CTA01506","DIS00313",2025-08-26
"CTA01322","DIS00850",2026-07-20
"CTA04158","DIS00802",2026-07-16
"CTA02733","DIS01732",2025-11-16
"CTA04284","DIS01215",2025-04-07
"CTA03884","DIS00101",2025-12-14
"CTA00947","DIS00797",2025-11-21
"CTA04774","DIS01837",2026-05-02
"CTA03121","DIS01407",2026-05-25
"CTA04911","DIS01888",2025-03-09
"CTA00168","DIS00706",2025-06-04
"CTA02125","DIS00177",2025-12-19
"CTA03424","DIS01454",2025-04-29
"CTA04617","DIS01657",2025-02-21
"CTA02867","DIS00427",2026-03-25
"CTA01746","DIS01042",2025-12-15
"CTA03829","DIS01976",2026-07-15
"CTA03815","DIS01675",2025-02-24
"CTA01785","DIS01419",2025-01-08
"CTA04392","DIS01119",2026-06-19
"CTA02820","DIS01155",2025-07-19
"CTA00528","DIS01472",2025-07-08
"CTA02491","DIS00454",2025-11-06
"CTA00760","DIS00256",2025-09-16
"CTA04828","DIS01019",2026-06-18
"CTA04848","DIS00992",2025-07-26
"CTA01072","DIS00231",2026-08-19
"CTA00614","DIS00854",2025-08-11
"CTA02167","DIS01540",2026-05-02
"CTA02769","DIS01514",2025-12-31
"CTA03135","DIS00441",2026-07-12
"CTA04480","DIS01846",2026-02-10
"CTA04982","DIS01495",2025-11-25
"CTA00013","DIS01277",2025-05-30
"CTA04666","DIS00563",2026-08-16
"CTA01034","DIS01281",2026-08-03
"CTA01694","DIS01318",2025-01-16
"CTA00864","DIS01098",2026-06-03
"CTA03188","DIS00743",2026-05-17
"CTA04256","DIS00996",2025-07-01
"CTA02865","DIS00594",2025-04-06
"CTA01283","DIS00750",2025-07-14
"CTA02100","DIS00852",2026-06-07
"CTA04908","DIS01967",2025-07-05
"CTA00866","DIS00824",2026-01-27
"CTA02462","DIS01677",2026-04-30
"CTA04511","DIS01713",2026-03-25
"CTA03932","DIS01059",2026-04-23
"CTA02003","DIS00849",2025-03-24
"CTA00814","DIS00735",2025-09-22
"CTA00034","DIS01012",2026-04-28
"CTA00731","DIS00476",2026-01-01
"CTA02651","DIS00550",2025-01-31
"CTA04401","DIS00665",2026-05-15
"CTA04889","DIS00396",2025-05-02
"CTA04243","DIS01271",2025-01-23
"CTA00043","DIS00103",2025-01-08
"CTA01431","DIS01888",2025-01-14
"CTA02695","DIS01123",2026-01-18
"CTA03650","DIS00897",2026-04-04
"CTA04731","DIS00950",2025-07-11
"CTA04422","DIS00037",2025-12-30
"CTA04149","DIS01502",2025-09-25
"CTA04325","DIS01756",2026-04-13
"CTA00733","DIS00316",2025-07-12
"CTA01783","DIS00045",2025-03-25
"CTA02737","DIS00958",2025-01-18
"CTA04195","DIS00902",2026-03-27
"CTA02128","DIS01883",2025-10-03
"CTA02136","DIS00506",2026-04-16
"CTA04577","DIS00179",2026-02-03
"CTA04147","DIS01945",2026-02-13
"CTA03389","DIS01444",2025-11-28
"CTA02537","DIS00388",2025-07-21
"CTA03616","DIS00844",2025-01-05
"CTA01170","DIS01991",2026-07-01
"CTA04123","DIS00540",2026-06-28
"CTA02883","DIS01413",2026-07-08
"CTA02935","DIS00864",2026-01-12
"CTA03609","DIS00884",2026-03-29
"CTA01951","DIS01137",2026-08-09
"CTA00574","DIS01225",2025-02-06
"CTA02283","DIS00336",2026-07-24
"CTA03637","DIS01661",2026-07-28
"CTA00981","DIS01994",2025-10-20
"CTA04705","DIS01136",2026-05-10
"CTA03792","DIS00091",2025-01-08
"CTA04599","DIS00217",2025-09-29
"CTA00766","DIS00716",2025-11-04
"CTA04453","DIS00890",2026-04-04
"CTA00516","DIS01939",2025-04-14
"CTA00974","DIS00012",2025-05-10
"CTA04116","DIS00558",2026-04-29
"CTA00803","DIS00629",2025-04-05
"CTA02664","DIS00081",2025-05-21
"CTA03353","DIS00916",2025-05-30
"CTA03307","DIS00885",2026-01-09
"CTA04543","DIS01924",2025-03-31
"CTA00201","DIS00218",2025-03-18
"CTA00256","DIS01561",2025-04-10
"CTA04383","DIS01201",2026-02-18
"CTA04556","DIS00172",2026-08-12
"CTA02899","DIS00557",2026-03-04
"CTA00413","DIS01447",2025-08-15
"CTA00160","DIS00062",2026-01-19
"CTA04852","DIS00486",2026-07-04
"CTA00982","DIS01778",2025-09-22
"CTA03040","DIS00175",2025-06-17
"CTA00011","DIS00305",2025-06-19
"CTA03289","DIS01370",2025-12-19
"CTA02206","DIS00020",2025-09-18
"CTA00253","DIS00952",2025-11-04
"CTA02431","DIS01331",2025-07-25
"CTA02570","DIS01586",2025-06-16
"CTA03849","DIS01606",2026-05-31
"CTA00282","DIS01092",2025-03-29
"CTA03325","DIS00067",2026-02-25
"CTA02618","DIS01135",2026-04-22
"CTA04126","DIS00472",2025-04-14
"CTA01118","DIS00381",2025-10-20
"CTA00657","DIS00901",2026-03-04
"CTA04023","DIS01105",2025-03-18
"CTA00346","DIS01885",2025-05-14
"CTA01436","DIS01271",2025-09-02
"CTA03104","DIS01052",2025-04-11
"CTA00425","DIS00221",2025-03-17
"CTA04580","DIS00936",2025-01-11
"CTA03294","DIS01489",2026-04-09
"CTA02522","DIS00083",2025-01-12
"CTA03932","DIS00168",2025-02-14
"CTA01348","DIS00201",2026-03-18
"CTA04877","DIS00447",2026-01-10
"CTA00541","DIS01631",2025-11-09
"CTA02683","DIS01314",2025-06-27
"CTA00613","DIS00719",2025-05-04
"CTA02965","DIS00164",2025-02-18
"CTA04636","DIS01501",2026-06-14
"CTA02257","DIS01396",2026-02-13
"CTA02160","DIS00791",2026-07-24
"CTA01594","DIS00877",2026-03-03
"CTA04033","DIS01215",2026-05-04
"CTA04042","DIS00899",2026-07-20
"CTA02562","DIS00198",2025-02-16
"CTA03241","DIS01493",2025-12-06
"CTA01531","DIS00301",2026-06-18
"CTA04109","DIS00445",2026-02-07
"CTA03757","DIS01851",2025-04-10
"CTA00386","DIS00851",2026-04-01
"CTA04872","DIS01093",2025-11-28
"CTA03180","DIS01969",2026-04-10
"CTA03342","DIS00966",2025-01-18
"CTA02113","DIS01155",2026-03-20
"CTA04733","DIS01987",2025-12-29
"CTA03105","DIS01359",2026-04-09
"CTA04729","DIS01504",2026-02-04
"CTA04012","DIS01996",2026-02-15
"CTA04042","DIS01151",2025-05-16
"CTA00327","DIS01187",2025-01-09
"CTA02645","DIS01988",2025-08-09
"CTA04179","DIS01309",2025-09-02
"CTA04154","DIS00949",2026-03-30
"CTA04460","DIS01086",2025-07-19
"CTA03013","DIS00293",2025-10-27
"CTA01943","DIS01901",2025-02-18
"CTA00996","DIS00880",2025-08-26
"CTA03789","DIS01989",2026-05-29
"CTA02642","DIS01434",2026-03-29
"CTA04447","DIS01290",2025-06-05
"CTA03681","DIS00440",2026-04-09
"CTA00813","DIS01674",2025-06-01
"CTA04586","DIS01609",2025-10-15
"CTA01841","DIS01994",2026-02-26
"CTA02765","DIS00859",2026-03-03
"CTA01552","DIS00458",2026-01-13
"CTA03518","DIS01388",2026-05-12
"CTA01659","DIS00536",2026-03-15
"CTA00279","DIS01292",2025-08-03
"CTA00382","DIS01676",2026-01-14
"CTA04275","DIS00305",2026-05-11
"CTA03158","DIS01365",2026-03-04
"CTA04011","DIS01403",2026-08-18
"CTA01711","DIS00889",2025-07-29
"CTA03420","DIS00254",2025-04-16
"CTA00419","DIS01896",2026-02-22
"CTA01745","DIS01623",2025-11-17
"CTA00661","DIS01941",2026-07-09
"CTA04477","DIS01342",2025-01-02
"CTA01280","DIS01881",2025-09-13
"CTA01259","DIS01728",2025-03-07
"CTA03093","DIS00772",2025-08-14
"CTA03498","DIS00778",2026-02-17
"CTA00119","DIS00388",2025-09-08
"CTA00257","DIS00416",2025-03-29
"CTA01013","DIS01476",2025-03-07
"CTA00751","DIS01159",2025-09-25
"CTA03532","DIS01390",2026-08-16
"CTA04631","DIS00439",2025-10-15
"CTA00489","DIS01765",2026-02-09
"CTA04438","DIS00077",2026-01-04
"CTA01926","DIS01938",2025-03-10
"CTA03321","DIS00571",2025-06-01
"CTA00575","DIS01977",2025-05-14
"CTA01046","DIS01008",2026-08-12
"CTA04520","DIS00205",2026-07-28
"CTA01448","DIS01139",2025-04-03
"CTA01223","DIS00412",2026-03-02
"CTA02417","DIS01039",2025-08-25
"CTA02118","DIS00927",2025-12-23
"CTA02579","DIS00734",2026-05-31
"CTA04984","DIS01358",2025-08-24
"CTA00926","DIS01826",2025-10-17
"CTA03892","DIS01081",2025-10-28
"CTA02453","DIS01535",2025-05-08
"CTA04770","DIS00851",2025-08-18
"CTA03102","DIS00497",2025-04-27
"CTA01322","DIS01514",2025-07-10
"CTA00338","DIS01157",2026-02-14
"CTA00370","DIS00318",2026-07-17
"CTA02652","DIS00071",2026-01-20
"CTA02334","DIS00318",2025-02-12
"CTA00871","DIS00421",2026-07-16
"CTA03753","DIS00052",2025-01-18
"CTA00817","DIS00227",2026-04-15
"CTA02538","DIS01416",2025-12-17
"CTA04167","DIS01481",2026-07-30
"CTA04366","DIS00977",2025-09-13
"CTA02011","DIS01162",2026-02-21
"CTA02945","DIS01047",2026-01-14
"CTA04019","DIS01467",2025-09-11
"CTA00490","DIS00494",2026-06-03
"CTA02355","DIS00982",2026-03-17
"CTA00012","DIS00580",2025-05-16
"CTA02021","DIS01009",2025-05-23
"CTA00179","DIS01305",2026-06-26
"CTA00549","DIS00376",2026-02-10
"CTA03298","DIS00048",2025-07-13
"CTA00667","DIS01161",2025-06-09
"CTA01674","DIS00994",2025-09-09
"CTA02361","DIS01392",2025-12-11
"CTA00865","DIS01269",2025-03-07
"CTA01638","DIS01208",2026-08-02
"CTA02566","DIS01395",2026-03-25
"CTA02299","DIS01294",2026-06-13
"CTA02495","DIS00886",2025-05-16
"CTA01114","DIS00624",2025-05-28
"CTA00403","DIS00157",2026-08-06
"CTA04352","DIS01594",2026-01-28
"CTA03096","DIS01260",2025-05-22
"CTA02475","DIS01738",2026-01-23
"CTA04631","DIS01293",2025-09-30
"CTA03463","DIS01973",2025-04-08
"CTA03646","DIS00145",2025-07-25
"CTA03930","DIS00911",2026-03-10
"CTA00222","DIS01294",2026-03-07
"CTA01500","DIS00266",2026-03-03
"CTA00429","DIS01138",2026-03-02
"CTA00905","DIS00490",2026-06-07
"CTA02888","DIS01286",2026-08-17
"CTA00555","DIS00492",2025-09-26
"CTA00703","DIS00699",2026-05-01
"CTA02551","DIS01079",2026-06-15
"CTA04755","DIS01350",2026-07-12
"CTA04702","DIS00894",2025-09-13
"CTA02240","DIS00668",2026-05-30
"CTA01417","DIS00342",2025-04-29
"CTA02753","DIS00715",2025-03-09
"CTA01534","DIS00975",2025-03-27
"CTA02112","DIS00347",2025-09-21
"CTA04455","DIS01269",2026-05-13
"CTA01860","DIS01830",2025-09-13
"CTA00777","DIS01241",2025-05-06
"CTA02624","DIS01535",2026-02-14
"CTA04608","DIS00237",2026-03-13
"CTA03866","DIS00207",2025-09-30
"CTA04194","DIS01667",2025-10-04
"CTA04094","DIS01503",2025-02-22
"CTA04535","DIS00759",2025-04-27
"CTA02273","DIS00101",2026-06-12
"CTA03935","DIS01963",2025-01-18
"CTA01716","DIS00003",2025-01-22
"CTA03895","DIS01967",2025-01-25
"CTA03537","DIS01840",2026-07-31
"CTA04981","DIS00181",2025-08-11
"CTA03573","DIS00915",2025-02-10
"CTA02255","DIS01790",2026-08-15
"CTA02505","DIS00664",2026-07-05
"CTA01819","DIS01921",2025-04-11
"CTA01571","DIS01102",2026-06-01
"CTA01679","DIS00345",2025-07-04
"CTA00785","DIS00732",2025-04-27
"CTA01113","DIS01327",2025-01-11
"CTA04421","DIS01781",2025-03-16
"CTA03028","DIS01093",2026-04-11
"CTA02101","DIS01792",2026-09-01
"CTA04315","DIS01897",2025-05-12
"CTA03512","DIS00810",2025-04-30
"CTA03034","DIS01691",2025-06-16
"CTA00803","DIS01445",2025-11-17
"CTA00727","DIS01145",2025-01-19
"CTA00830","DIS01759",2025-03-30
"CTA03803","DIS00512",2026-06-18
"CTA04876","DIS00268",2025-06-01
"CTA03928","DIS00227",2025-09-17
"CTA00194","DIS01986",2026-07-11
"CTA03844","DIS00955",2025-06-05
"CTA04913","DIS00029",2026-07-15
"CTA03240","DIS00742",2026-05-01
"CTA02282","DIS00197",2026-04-08
"CTA01971","DIS01508",2025-09-11
"CTA03665","DIS00645",2025-03-08
"CTA00659","DIS01347",2026-06-02
"CTA02257","DIS00367",2025-02-19
"CTA03695","DIS00761",2026-02-11
"CTA04377","DIS01652",2025-02-03
"CTA03932","DIS00783",2025-04-17
"CTA01876","DIS00946",2025-09-30
"CTA00342","DIS00163",2025-03-24
"CTA00678","DIS01253",2025-08-19
"CTA00143","DIS01719",2025-02-13
"CTA04010","DIS00926",2026-06-21
"CTA00717","DIS00362",2026-06-29
"CTA02221","DIS01711",2026-04-22
"CTA03079","DIS00852",2025-08-26
"CTA01977","DIS00688",2026-06-22
"CTA01618","DIS01685",2026-03-26
"CTA04467","DIS00025",2026-01-31
"CTA02765","DIS00814",2025-01-28
"CTA03407","DIS01197",2025-03-26
"CTA01930","DIS00203",2026-07-29
"CTA00602","DIS01457",2026-06-06
"CTA02225","DIS00800",2026-05-12
"CTA01686","DIS01442",2025-07-17
"CTA02124","DIS01447",2025-01-24
"CTA01973","DIS00978",2025-11-02
"CTA04115","DIS01535",2026-04-12
"CTA03613","DIS00200",2025-05-07
"CTA00310","DIS01637",2025-01-11
"CTA02755","DIS00350",2025-03-27
"CTA00783","DIS01166",2026-03-07
"CTA00562","DIS00743",2025-09-13
"CTA04537","DIS01879",2025-10-17
"CTA04886","DIS01080",2025-05-01
"CTA01836","DIS01621",2026-03-20
"CTA02508","DIS00754",2026-03-26
"CTA01163","DIS00910",2025-02-09
"CTA02800","DIS00529",2025-07-21
"CTA03713","DIS01428",2025-01-13
"CTA04823","DIS00397",2026-08-21
"CTA01329","DIS01286",2025-03-03
"CTA04746","DIS00874",2026-06-10
"CTA00828","DIS00829",2026-02-22
"CTA03841","DIS01251",2025-10-06
"CTA03712","DIS00473",2025-10-24
"CTA03428","DIS01765",2026-08-23
"CTA03091","DIS01210",2025-05-04
"CTA04751","DIS01319",2025-10-02
"CTA00774","DIS01196",2025-09-01
"CTA02443","DIS01217",2026-09-01
"CTA03572","DIS01756",2025-05-24
"CTA02650","DIS01621",2025-01-14
"CTA04595","DIS00971",2025-01-30
"CTA00173","DIS00643",2025-06-21
"CTA00409","DIS01256",2025-08-31
"CTA02691","DIS01862",2025-06-05
"CTA01708","DIS00827",2026-04-15
"CTA00233","DIS01008",2025-01-05
"CTA04694","DIS01165",2025-08-20
"CTA00054","DIS01874",2025-01-22
"CTA02387","DIS00703",2025-05-05
"CTA01699","DIS01982",2026-07-01
"CTA03669","DIS00918",2025-04-25
"CTA01110","DIS00292",2025-04-12
"CTA01577","DIS01539",2025-08-12
"CTA02634","DIS01723",2026-03-21
"CTA02169","DIS00333",2026-04-11
"CTA04871","DIS00105",2026-02-08
"CTA01603","DIS01800",2026-03-05
"CTA00532","DIS01976",2025-09-28
"CTA03253","DIS00618",2025-04-03
"CTA00815","DIS00963",2025-09-19
"CTA03457","DIS01171",2025-09-26
"CTA00165","DIS01242",2025-09-23
"CTA03710","DIS00611",2025-04-04
"CTA01574","DIS01690",2026-02-28
"CTA00587","DIS00257",2025-05-30
"CTA03440","DIS00439",2025-01-27
"CTA01471","DIS01108",2026-05-12
"CTA01856","DIS01792",2025-08-23
"CTA00990","DIS00816",2026-08-30
"CTA02831","DIS00813",2025-07-17
"CTA04895","DIS00444",2026-02-09
"CTA03223","DIS01049",2025-04-10
"CTA00845","DIS01776",2025-01-16
"CTA04103","DIS01028",2025-12-28
"CTA00278","DIS01892",2025-03-01
"CTA04807","DIS00838",2025-07-30
"CTA00615","DIS01610",2025-08-03
"CTA01479","DIS00427",2025-04-10
"CTA01663","DIS00166",2025-11-07
"CTA03418","DIS01310",2026-06-27
"CTA02273","DIS01782",2025-08-18
"CTA03151","DIS00180",2025-09-08
"CTA00232","DIS00093",2025-01-19
"CTA04510","DIS00839",2025-04-03
"CTA01062","DIS01793",2025-06-21
"CTA04312","DIS01059",2025-09-18
"CTA01370","DIS01529",2026-05-11
"CTA02639","DIS01417",2025-11-17
"CTA03275","DIS01162",2025-10-15
"CTA03623","DIS01794",2025-03-01
"CTA01153","DIS01706",2026-07-03
"CTA01139","DIS00422",2026-07-12
"CTA04709","DIS01558",2026-06-23
"CTA00101","DIS01743",2026-02-24
"CTA02327","DIS00214",2026-05-21
"CTA04867","DIS00127",2026-03-11
"CTA02506","DIS00242",2025-08-18
"CTA02371","DIS01487",2025-02-06
"CTA04561","DIS00639",2025-06-17
"CTA03276","DIS00589",2026-02-06
"CTA00745","DIS01750",2025-11-16
"CTA00519","DIS00985",2025-01-01
"CTA03497","DIS01259",2026-06-16
"CTA03954","DIS01991",2025-04-01
"CTA04229","DIS01464",2026-07-25
"CTA03333","DIS00971",2026-06-19
"CTA03156","DIS01428",2026-01-03
"CTA00141","DIS00901",2025-01-13
"CTA02752","DIS00889",2025-08-25
"CTA00970","DIS00193",2025-12-27
"CTA03717","DIS00961",2025-02-26
"CTA03069","DIS00094",2026-07-08
"CTA01764","DIS00063",2025-07-12
"CTA01717","DIS01127",2026-03-05
"CTA01275","DIS01974",2025-08-31
"CTA01116","DIS00191",2025-12-17
"CTA01790","DIS00083",2026-08-26
"CTA02451","DIS01151",2026-07-13
"CTA02538","DIS00935",2025-08-11
"CTA03069","DIS01891",2025-06-12
"CTA02800","DIS00823",2026-07-18
"CTA03001","DIS00881",2025-01-31
"CTA02884","DIS00613",2025-04-07
"CTA02176","DIS00928",2026-08-29
"CTA00574","DIS01242",2025-04-09
"CTA02789","DIS01726",2026-04-10
"CTA03163","DIS01207",2025-08-15
"CTA01111","DIS01072",2026-05-31
"CTA02784","DIS01409",2025-04-17
"CTA03497","DIS01928",2025-02-16
"CTA04189","DIS00362",2025-10-06
"CTA00221","DIS01836",2026-01-26
"CTA00755","DIS00177",2025-03-21
"CTA04581","DIS01594",2025-05-23
"CTA02577","DIS00410",2025-04-03
"CTA00072","DIS01882",2026-05-21
"CTA03840","DIS01771",2025-04-28
"CTA04769","DIS01350",2026-01-06
"CTA04722","DIS01898",2026-08-27
"CTA02349","DIS01784",2026-02-21
"CTA03911","DIS00531",2026-02-15
"CTA01588","DIS00379",2026-07-31
"CTA03961","DIS00296",2025-11-13
"CTA04960","DIS01246",2026-08-18
"CTA03103","DIS00563",2025-03-14
"CTA02080","DIS01331",2025-06-28
"CTA02211","DIS01914",2026-08-30
"CTA04891","DIS01227",2026-03-11
"CTA04868","DIS00094",2026-04-17
"CTA01990","DIS01641",2026-04-15
"CTA04404","DIS00456",2025-09-23
"CTA04004","DIS00164",2026-01-11
"CTA01877","DIS00652",2025-01-12
"CTA02303","DIS01014",2026-07-13
"CTA00868","DIS00774",2025-03-11
"CTA00871","DIS00217",2025-05-20
"CTA01771","DIS00110",2026-02-28
"CTA03685","DIS00259",2025-06-08
"CTA04718","DIS01584",2026-04-03
"CTA04823","DIS01160",2025-02-03
"CTA01988","DIS00373",2025-04-03
"CTA04569","DIS00912",2026-08-28
"CTA04335","DIS01058",2025-03-11
"CTA01536","DIS00570",2026-01-26
"CTA04566","DIS01172",2026-06-14
"CTA04288","DIS00157",2025-09-17
"CTA03855","DIS01394",2025-04-07
"CTA02096","DIS00934",2026-05-25
"CTA02537","DIS00767",2025-05-15
"CTA00286","DIS00477",2025-07-04
"CTA02528","DIS00186",2025-12-22
"CTA02590","DIS01673",2025-02-22
"CTA04322","DIS00758",2025-02-07
"CTA00120","DIS01306",2026-07-03
"CTA00574","DIS01556",2025-07-24
"CTA00905","DIS01925",2025-08-18
"CTA03691","DIS01870",2025-04-17
"CTA00269","DIS01121",2025-09-28
"CTA04508","DIS01465",2025-04-09
"CTA01869","DIS00579",2025-12-31
"CTA00444","DIS01306",2025-03-13
"CTA01190","DIS00819",2025-06-08
"CTA04385","DIS00750",2025-03-06
"CTA03154","DIS00196",2025-03-26
"CTA04887","DIS00188",2025-11-06
"CTA03562","DIS00317",2025-11-17
"CTA02099","DIS00094",2026-08-11
"CTA02672","DIS01536",2025-09-11
"CTA04380","DIS01619",2025-05-14
"CTA00091","DIS00605",2025-09-09
"CTA02436","DIS00185",2025-04-01
"CTA00874","DIS01733",2025-09-15
"CTA03979","DIS01518",2026-03-02
"CTA01147","DIS01789",2025-03-26
"CTA02266","DIS00535",2026-04-24
"CTA01662","DIS00387",2025-02-25
"CTA00428","DIS00091",2025-01-12
"CTA01694","DIS01114",2026-04-29
"CTA00882","DIS01061",2026-07-04
"CTA02132","DIS01047",2025-05-30
"CTA04834","DIS01822",2025-03-31
"CTA01847","DIS01993",2025-09-29
"CTA02060","DIS00879",2025-07-04
"CTA01521","DIS01198",2025-10-23
"CTA03696","DIS00989",2025-02-13
"CTA03778","DIS00778",2025-10-12
"CTA00251","DIS01752",2025-08-12
"CTA01203","DIS00068",2026-05-19
"CTA02437","DIS00412",2025-06-07
"CTA01049","DIS01222",2026-08-03
"CTA04877","DIS01493",2026-07-09
"CTA01438","DIS00123",2025-11-30
"CTA04962","DIS00215",2026-02-06
"CTA04975","DIS00726",2026-02-04
"CTA00809","DIS01661",2026-06-22
"CTA02701","DIS01910",2025-02-09
"CTA03141","DIS01026",2026-08-07
"CTA04939","DIS01347",2025-01-02
"CTA01206","DIS00921",2026-03-18
"CTA03390","DIS01267",2025-08-11
"CTA03260","DIS00442",2025-07-17
"CTA00361","DIS01035",2026-04-19
"CTA00619","DIS00287",2025-05-07
"CTA03762","DIS01459",2025-01-10
"CTA04272","DIS01813",2025-08-12
"CTA01369","DIS01131",2025-06-20
"CTA01920","DIS00762",2026-04-14
"CTA00252","DIS01368",2025-08-31
"CTA00694","DIS01919",2026-04-23
"CTA01554","DIS01534",2025-06-13
"CTA04762","DIS01972",2025-08-18
"CTA01174","DIS00602",2025-12-28
"CTA00067","DIS00232",2025-07-19
"CTA02593","DIS01343",2025-12-19
"CTA04897","DIS00223",2025-03-10
"CTA01158","DIS00949",2025-03-15
"CTA04230","DIS00696",2025-08-25
"CTA03406","DIS01256",2025-09-01
"CTA00967","DIS00104",2025-03-01
"CTA00965","DIS00165",2026-01-19
"CTA03856","DIS01108",2025-10-19
"CTA01329","DIS01538",2026-03-26
"CTA02116","DIS00788",2026-05-21
"CTA01239","DIS01291",2025-10-25
"CTA03061","DIS00533",2025-11-11
"CTA04370","DIS00602",2025-04-01
"CTA01047","DIS01926",2025-04-27
"CTA01988","DIS00277",2026-04-14
"CTA03199","DIS01408",2026-05-22
"CTA01697","DIS01810",2026-04-14
"CTA01212","DIS01262",2026-03-06
"CTA03742","DIS00539",2025-02-05
"CTA00694","DIS01889",2026-01-10
"CTA03644","DIS01469",2026-06-28
"CTA01231","DIS01327",2025-03-12
"CTA01409","DIS01993",2026-03-25
"CTA01811","DIS01576",2025-07-04
"CTA04893","DIS01407",2026-03-14
"CTA03796","DIS01329",2025-09-24
"CTA04643","DIS01028",2026-03-11
"CTA02200","DIS00239",2025-07-05
"CTA03435","DIS00456",2025-11-12
"CTA04288","DIS01225",2025-08-26
"CTA03965","DIS01222",2026-06-15
"CTA02443","DIS01276",2025-07-01
"CTA00796","DIS00450",2025-01-19
"CTA00712","DIS01590",2026-08-20
"CTA01896","DIS00247",2025-08-01
"CTA04949","DIS01218",2026-06-25
"CTA04898","DIS00059",2026-08-02
"CTA01688","DIS00019",2025-05-25
"CTA02595","DIS01685",2026-06-14
"CTA04322","DIS01229",2026-07-13
"CTA01821","DIS01260",2026-05-05
"CTA02596","DIS00517",2025-01-18
"CTA02501","DIS00036",2025-11-11
"CTA00732","DIS00309",2026-09-01
"CTA01257","DIS00254",2025-04-29
"CTA00235","DIS01534",2025-12-22
"CTA03886","DIS00140",2026-04-02
"CTA03241","DIS00859",2025-08-08
"CTA03285","DIS01034",2025-08-20
"CTA00905","DIS01428",2025-05-10
"CTA03176","DIS00349",2025-12-05
"CTA00294","DIS00450",2025-06-10
"CTA04644","DIS00136",2025-04-15
"CTA02594","DIS00020",2026-08-16
"CTA04083","DIS01502",2025-11-20
"CTA01742","DIS01962",2026-02-07
"CTA04848","DIS00810",2025-12-06
"CTA02123","DIS00374",2026-04-09
"CTA02693","DIS01619",2025-04-21
"CTA04605","DIS01442",2025-08-13
"CTA02179","DIS00341",2025-06-10
"CTA02843","DIS00309",2025-07-05
"CTA02531","DIS01750",2026-08-01
"CTA02926","DIS01205",2025-08-23
"CTA02640","DIS00550",2025-04-30
"CTA04966","DIS00027",2025-09-04
"CTA03943","DIS00360",2025-06-18
"CTA03859","DIS01352",2025-01-03
"CTA03448","DIS00261",2026-05-07
"CTA02384","DIS01252",2026-03-23
"CTA03129","DIS00961",2025-09-02
"CTA02479","DIS01215",2025-10-14
"CTA02628","DIS00344",2025-09-08
"CTA04109","DIS00617",2025-05-14
"CTA01689","DIS00629",2025-10-05
"CTA00240","DIS01108",2025-03-31
"CTA03442","DIS00263",2026-01-22
"CTA00587","DIS01844",2026-08-06
"CTA01476","DIS01021",2025-07-31
"CTA03942","DIS00926",2026-07-29
"CTA04906","DIS00726",2025-01-08
"CTA04848","DIS01799",2026-01-31
"CTA02047","DIS00890",2026-05-30
"CTA04322","DIS00601",2025-06-13
"CTA03582","DIS01443",2025-06-06
"CTA02622","DIS00045",2025-09-22
"CTA03223","DIS01934",2026-04-04
"CTA03822","DIS01186",2025-05-07
"CTA03173","DIS01956",2025-06-14
"CTA00983","DIS00495",2025-04-07
"CTA03486","DIS00951",2025-05-27
"CTA03002","DIS00771",2026-03-10
"CTA00280","DIS00856",2025-03-27
"CTA01560","DIS00659",2025-03-15
"CTA03709","DIS00389",2025-07-28
"CTA04584","DIS01170",2026-02-25
"CTA03633","DIS00472",2025-07-09
"CTA03011","DIS00349",2026-05-16
"CTA00752","DIS00209",2026-03-19
"CTA01835","DIS01952",2025-02-15
"CTA01877","DIS00263",2026-08-17
"CTA04490","DIS01274",2025-06-26
"CTA03161","DIS01077",2025-05-16
"CTA00127","DIS00643",2026-07-19
"CTA02586","DIS01870",2025-09-29
"CTA03352","DIS01040",2025-08-04
"CTA03680","DIS01746",2025-10-12
"CTA03940","DIS01129",2025-12-30
"CTA03435","DIS00750",2025-07-19
"CTA01742","DIS01450",2025-07-03
"CTA04057","DIS00011",2025-07-25
"CTA04049","DIS01858",2026-02-11
"CTA02077","DIS00555",2026-07-10
"CTA00431","DIS00776",2026-07-06
"CTA02526","DIS00120",2026-02-12
"CTA03385","DIS01173",2025-03-12
"CTA00025","DIS00178",2025-06-04
"CTA03231","DIS00568",2026-02-18
"CTA04955","DIS01359",2025-09-08
"CTA02087","DIS01629",2025-10-20
"CTA01353","DIS01809",2026-03-15
"CTA02726","DIS00168",2026-03-15
"CTA04271","DIS01385",2026-03-04
"CTA03172","DIS00326",2026-03-20
"CTA00549","DIS01250",2025-02-04
"CTA01602","DIS01723",2025-06-18
"CTA00023","DIS01058",2025-07-06
"CTA03109","DIS01838",2026-03-16
"CTA00794","DIS01448",2025-02-21
"CTA02224","DIS00701",2025-07-06
"CTA01458","DIS01315",2025-05-01
"CTA02395","DIS00933",2025-05-30
"CTA01262","DIS00275",2026-06-21
"CTA03010","DIS00650",2025-04-18
"CTA04832","DIS01716",2026-03-07
"CTA01406","DIS00771",2026-01-05
"CTA00168","DIS01041",2025-10-25
"CTA01600","DIS00352",2025-07-10
"CTA02462","DIS00686",2025-09-04
"CTA01920","DIS00797",2026-01-19
"CTA03199","DIS01198",2026-08-08
"CTA00044","DIS01397",2026-08-20
"CTA04586","DIS00345",2026-01-14
"CTA03457","DIS00368",2025-06-10
"CTA00280","DIS00114",2026-05-08
"CTA03657","DIS00545",2026-01-06
"CTA00208","DIS01279",2025-09-23
"CTA03147","DIS01805",2026-07-05
"CTA01551","DIS01090",2025-08-13
"CTA00188","DIS01417",2025-09-15
"CTA02363","DIS01144",2025-10-31
"CTA02423","DIS01251",2025-10-26
"CTA04479","DIS00054",2026-04-10
"CTA01159","DIS01784",2026-08-03
"CTA01712","DIS00676",2026-01-08
"CTA02342","DIS01037",2026-02-04
"CTA01334","DIS01894",2026-04-27
"CTA01289","DIS01730",2026-03-01
"CTA03097","DIS00348",2025-01-16
"CTA03583","DIS01641",2026-05-22
"CTA01308","DIS00903",2026-03-14
"CTA01373","DIS01594",2026-06-16
"CTA00667","DIS01603",2025-08-15
"CTA01873","DIS00609",2026-02-17
"CTA03738","DIS00352",2026-05-21
"CTA04989","DIS01539",2025-01-22
"CTA00757","DIS00267",2025-05-31
"CTA04272","DIS01573",2026-03-19
"CTA01811","DIS01348",2025-07-26
"CTA03386","DIS01234",2025-07-18
"CTA02129","DIS00945",2025-10-30
"CTA01994","DIS01570",2025-09-10
"CTA01711","DIS01742",2025-09-18
"CTA04193","DIS00175",2025-03-19
"CTA04588","DIS01466",2026-02-21
"CTA01023","DIS00660",2026-05-05
"CTA02558","DIS00053",2026-01-28
"CTA03358","DIS00649",2026-01-20
"CTA04854","DIS00477",2026-08-09
"CTA01688","DIS00841",2025-01-03
"CTA02732","DIS00443",2025-12-16
"CTA01320","DIS01569",2025-06-01
"CTA00317","DIS01224",2025-01-06
"CTA00172","DIS00212",2025-05-20
"CTA02098","DIS01789",2026-05-10
"CTA00622","DIS01624",2025-05-25
"CTA02883","DIS00053",2025-10-21
"CTA01360","DIS00058",2025-09-24
"CTA03847","DIS01930",2026-04-02
"CTA00785","DIS00014",2025-03-30
"CTA03162","DIS01452",2025-03-28
"CTA02268","DIS00027",2026-02-24
"CTA00847","DIS00919",2026-06-30
"CTA03350","DIS00282",2026-03-25
"CTA00037","DIS01317",2025-03-10
"CTA02170","DIS01013",2025-02-18
"CTA03181","DIS01822",2025-11-12
"CTA01868","DIS00345",2025-09-23
"CTA02631","DIS01102",2026-01-03
"CTA03670","DIS01143",2025-03-01
"CTA00461","DIS00158",2025-12-21
"CTA02990","DIS00854",2026-03-25
"CTA02438","DIS00238",2025-06-09
"CTA01037","DIS01889",2025-03-31
"CTA00634","DIS00488",2026-01-04
"CTA01772","DIS00649",2025-03-21
"CTA03697","DIS00726",2025-07-28
"CTA02025","DIS00773",2025-08-03
"CTA04677","DIS00565",2025-05-15
"CTA04304","DIS01376",2025-05-10
"CTA00523","DIS00747",2025-07-01
"CTA03204","DIS00954",2026-04-28
"CTA04872","DIS01224",2025-12-11
"CTA00176","DIS01663",2025-08-09
"CTA00899","DIS00608",2026-05-14
"CTA00020","DIS01671",2026-01-17
"CTA04882","DIS00897",2026-08-20
"CTA01043","DIS00484",2025-01-26
"CTA02176","DIS01251",2026-01-16
"CTA04566","DIS00515",2025-10-02
"CTA04752","DIS01177",2025-10-20
"CTA03787","DIS00139",2026-07-13
"CTA00831","DIS01163",2025-04-22
"CTA02377","DIS00148",2025-06-07
"CTA04887","DIS01316",2026-01-12
"CTA01313","DIS00294",2025-06-02
"CTA02602","DIS01039",2026-02-28
"CTA01640","DIS01612",2025-09-12
"CTA02779","DIS01904",2026-02-01
"CTA01013","DIS01579",2025-07-20
"CTA03875","DIS00469",2025-02-01
"CTA03331","DIS01989",2026-01-29
"CTA02419","DIS00234",2026-08-31
"CTA03813","DIS01338",2025-07-18
"CTA03612","DIS00651",2025-12-16
"CTA04230","DIS01540",2026-02-26
"CTA03556","DIS01067",2026-06-18
"CTA04245","DIS01178",2026-06-23
"CTA01137","DIS00893",2026-02-04
"CTA03544","DIS00949",2025-11-29
"CTA04303","DIS00852",2026-02-08
"CTA01447","DIS01356",2025-06-27
"CTA00932","DIS01676",2025-05-28
"CTA03965","DIS00359",2025-03-23
"CTA02796","DIS01748",2026-04-29
"CTA00100","DIS01511",2025-05-11
"CTA04364","DIS00757",2025-03-11
"CTA03742","DIS00401",2025-06-14
"CTA03358","DIS00607",2026-06-14
"CTA02852","DIS00689",2026-01-26
"CTA03091","DIS01953",2026-04-09
"CTA01016","DIS01693",2025-06-07
"CTA04484","DIS01836",2025-05-27
"CTA03358","DIS00011",2025-03-04
"CTA00909","DIS00056",2026-04-09
"CTA02100","DIS01212",2026-01-30
"CTA03925","DIS00520",2026-03-27
"CTA03684","DIS01522",2025-11-26
"CTA03444","DIS01017",2025-11-20
"CTA04670","DIS01486",2025-11-15
"CTA03600","DIS00409",2026-01-27
"CTA04086","DIS00699",2026-04-10
"CTA01563","DIS01213",2025-08-13
"CTA02532","DIS01327",2026-06-17
"CTA04800","DIS00858",2026-05-25
"CTA03197","DIS00366",2025-10-04
"CTA01028","DIS01971",2026-04-06
"CTA01364","DIS01729",2025-10-22
"CTA00822","DIS01965",2025-01-21
"CTA02945","DIS00153",2026-02-02
"CTA04742","DIS00826",2026-04-12
"CTA03947","DIS00352",2026-04-04
"CTA04817","DIS00877",2026-07-05
"CTA04959","DIS01932",2025-08-24
"CTA04636","DIS00543",2026-02-19
"CTA04931","DIS00434",2025-05-09
"CTA01775","DIS00061",2026-07-12
"CTA03003","DIS01879",2025-08-31
"CTA00268","DIS01683",2025-10-08
"CTA03367","DIS01312",2025-10-11
"CTA00077","DIS00655",2025-05-08
"CTA02927","DIS01962",2025-11-04
"CTA04336","DIS01931",2025-01-14
"CTA01039","DIS00476",2025-09-13
"CTA01976","DIS00810",2025-06-02
"CTA04878","DIS00748",2025-09-25
"CTA04553","DIS01169",2026-01-14
"CTA02866","DIS01377",2026-07-05
"CTA00217","DIS00086",2026-02-05
"CTA03623","DIS01238",2026-05-21
"CTA01125","DIS01541",2025-06-13
"CTA03115","DIS01549",2025-07-15
"CTA02098","DIS01441",2025-11-06
"CTA02206","DIS01043",2026-04-12
"CTA03314","DIS00441",2025-09-03
"CTA03732","DIS01469",2025-02-01
"CTA01577","DIS00974",2025-09-18
"CTA04113","DIS01501",2025-03-17
"CTA00511","DIS01329",2025-11-28
"CTA02600","DIS01081",2026-05-08
"CTA03470","DIS00913",2026-07-03
"CTA00555","DIS00001",2026-04-30
"CTA01438","DIS00047",2025-06-21
"CTA04306","DIS00491",2026-08-26
"CTA01927","DIS01159",2025-08-18
"CTA02989","DIS01875",2025-05-29
"CTA01983","DIS01434",2025-02-10
"CTA02321","DIS00802",2026-01-20
"CTA02093","DIS01547",2026-02-25
"CTA03441","DIS01340",2025-04-04
"CTA02220","DIS00779",2025-02-01
"CTA00928","DIS01394",2025-05-09
"CTA04380","DIS01033",2025-08-31
"CTA02132","DIS01259",2026-05-24
"CTA02596","DIS00151",2026-08-30
"CTA00816","DIS00374",2025-02-04
"CTA00704","DIS00486",2026-06-12
"CTA01555","DIS01453",2025-04-22
"CTA04607","DIS00921",2025-01-12
"CTA04785","DIS00361",2025-06-05
"CTA01478","DIS01821",2026-05-20
"CTA02812","DIS01050",2025-09-17
"CTA03974","DIS00495",2026-03-27
"CTA02219","DIS00265",2025-12-24
"CTA04152","DIS01396",2025-12-19
"CTA03898","DIS01646",2025-01-21
"CTA04993","DIS00729",2025-04-27
"CTA04463","DIS00277",2025-09-08
"CTA04189","DIS01344",2025-03-08
"CTA03681","DIS00314",2025-01-11
"CTA01855","DIS01633",2026-08-29
"CTA03921","DIS00030",2025-09-18
"CTA03841","DIS01746",2025-09-10
"CTA03789","DIS01198",2025-12-06
"CTA03831","DIS00453",2025-12-18
"CTA03488","DIS00355",2025-08-23
"CTA04698","DIS01124",2025-12-20
"CTA01516","DIS00053",2025-08-04
"CTA01061","DIS01099",2025-11-08
"CTA04117","DIS01018",2026-06-03
"CTA01653","DIS01261",2025-09-06
"CTA04122","DIS00632",2025-01-22
"CTA03430","DIS00405",2025-11-11
"CTA02066","DIS01345",2026-02-13
"CTA04013","DIS00304",2025-01-06
"CTA01690","DIS00136",2025-07-06
"CTA02528","DIS01140",2026-04-02
"CTA03819","DIS01724",2025-09-20
"CTA01176","DIS01036",2026-05-11
"CTA04130","DIS01609",2025-12-08
"CTA01155","DIS01973",2026-02-24
"CTA00436","DIS01501",2026-08-23
"CTA04784","DIS01317",2025-12-29
"CTA04863","DIS00301",2026-03-07
"CTA01537","DIS00943",2025-06-26
"CTA03640","DIS00185",2025-09-04
"CTA00259","DIS01093",2025-01-14
"CTA04953","DIS01898",2025-05-13
"CTA00813","DIS01452",2025-03-17
"CTA04592","DIS00080",2025-10-27
"CTA01194","DIS01161",2026-06-01
"CTA04107","DIS00974",2026-05-22
"CTA04759","DIS01634",2026-07-27
"CTA02391","DIS01264",2026-07-05
"CTA04011","DIS00570",2026-08-12
"CTA03062","DIS00626",2025-04-12
"CTA04814","DIS00714",2025-08-02
"CTA00579","DIS01913",2026-01-26
"CTA00808","DIS00407",2026-04-11
"CTA04784","DIS00487",2026-01-27
"CTA01884","DIS01307",2025-10-12
"CTA00289","DIS00092",2026-06-06
"CTA03651","DIS00616",2026-02-24
"CTA03235","DIS01082",2026-01-25
"CTA03726","DIS01221",2025-07-27
"CTA04969","DIS01648",2025-02-08
"CTA00742","DIS01394",2025-10-26
"CTA00395","DIS00507",2025-01-04
"CTA04619","DIS01002",2025-04-18
"CTA01289","DIS01327",2026-08-09
"CTA00985","DIS01136",2026-04-08
"CTA02489","DIS01912",2026-07-08
"CTA02074","DIS01431",2026-08-04
"CTA02217","DIS01085",2026-08-12
"CTA03742","DIS00875",2025-02-28
"CTA03772","DIS00080",2025-06-05
"CTA00421","DIS01511",2026-02-10
"CTA04824","DIS01173",2025-05-07
"CTA00925","DIS00382",2025-12-22
"CTA01330","DIS00586",2026-02-14
"CTA03463","DIS00818",2025-09-09
"CTA04448","DIS01517",2026-03-22
"CTA04072","DIS00605",2026-01-27
"CTA04014","DIS01575",2025-09-02
"CTA03051","DIS01871",2025-01-02
"CTA04114","DIS01637",2025-02-22
"CTA02712","DIS01408",2025-09-21
"CTA04457","DIS00070",2025-11-06
"CTA03755","DIS01627",2025-05-09
"CTA03290","DIS00263",2026-01-25
"CTA03387","DIS01353",2025-06-28
"CTA03989","DIS01471",2025-04-19
"CTA00167","DIS01378",2026-06-21
"CTA04249","DIS00626",2025-10-24
"CTA03197","DIS00861",2025-02-14
"CTA01095","DIS00230",2026-07-07
"CTA01997","DIS01841",2025-11-17
"CTA04337","DIS00443",2026-07-12
"CTA02073","DIS01892",2025-11-24
"CTA02117","DIS00124",2025-09-20
"CTA00189","DIS00798",2026-03-18
"CTA04979","DIS01841",2026-02-26
"CTA03175","DIS00522",2025-12-29
"CTA01647","DIS01929",2025-08-12
"CTA00144","DIS00058",2025-10-08
"CTA02359","DIS00468",2025-09-24
"CTA01742","DIS00990",2026-03-09
"CTA03916","DIS00108",2025-11-05
"CTA02158","DIS00678",2025-10-22
"CTA01274","DIS01347",2026-01-29
"CTA00031","DIS00843",2025-10-23
"CTA00665","DIS01698",2025-03-10
"CTA01894","DIS00462",2026-08-27
"CTA00999","DIS01050",2026-02-06
"CTA04302","DIS00689",2026-08-23
"CTA04434","DIS01723",2025-10-06
"CTA00274","DIS00411",2025-07-02
"CTA03474","DIS00103",2025-12-02
"CTA04119","DIS00877",2025-07-16
"CTA00026","DIS01539",2026-07-19
"CTA04789","DIS01225",2026-08-07
"CTA03565","DIS01731",2026-07-13
"CTA03200","DIS00523",2026-06-04
"CTA01891","DIS00899",2025-11-24
"CTA02788","DIS00871",2025-05-18
"CTA00911","DIS01651",2025-05-02
"CTA03190","DIS00953",2026-05-21
"CTA03340","DIS00304",2026-05-09
"CTA02718","DIS01109",2025-01-18
"CTA03566","DIS00355",2026-07-08
"CTA04336","DIS00137",2026-05-23
"CTA02168","DIS00357",2025-08-30
"CTA03245","DIS01896",2025-07-21
"CTA04760","DIS00666",2026-05-23
"CTA04132","DIS01483",2025-12-30
"CTA02793","DIS00396",2025-01-16
"CTA04449","DIS00311",2025-01-06
"CTA04818","DIS01726",2025-02-27
"CTA04145","DIS00063",2025-09-28
"CTA00477","DIS00479",2026-06-28
"CTA00791","DIS00952",2026-01-08
"CTA04178","DIS00624",2025-02-12
"CTA03616","DIS01191",2026-07-26
"CTA00712","DIS01299",2026-07-28
"CTA03365","DIS00134",2025-04-13
"CTA04999","DIS01038",2026-05-19
"CTA03270","DIS00717",2026-05-18
"CTA02273","DIS00114",2026-06-20
"CTA04221","DIS01975",2026-05-17
"CTA01635","DIS01297",2026-04-19
"CTA02188","DIS00186",2025-07-31
"CTA00433","DIS01732",2026-01-29
"CTA04098","DIS00022",2025-07-17
"CTA02693","DIS00876",2025-06-18
"CTA00615","DIS00995",2025-11-22
"CTA02774","DIS01341",2026-08-15
"CTA01761","DIS01005",2026-07-25
"CTA01966","DIS01822",2025-07-04
"CTA00874","DIS01323",2026-02-15
"CTA01808","DIS01166",2025-03-05
"CTA03109","DIS01751",2026-03-10
"CTA01076","DIS00466",2026-02-06
"CTA02891","DIS00061",2026-03-12
"CTA03620","DIS00453",2025-01-12
"CTA01509","DIS01369",2025-11-13
"CTA02656","DIS01505",2026-01-01
"CTA04535","DIS01034",2025-07-08
"CTA04757","DIS00519",2026-08-27
"CTA04231","DIS01708",2025-10-05
"CTA04809","DIS01716",2026-08-18
"CTA03866","DIS01829",2025-12-26
"CTA01019","DIS01090",2026-06-02
"CTA01163","DIS01592",2025-04-21
"CTA03776","DIS00270",2025-10-25
"CTA00907","DIS01713",2025-12-06
"CTA04162","DIS01355",2025-03-21
"CTA00434","DIS00623",2025-11-08
"CTA00319","DIS00973",2026-08-14
"CTA04654","DIS01723",2025-03-21
"CTA01437","DIS01491",2025-09-20
"CTA04437","DIS01858",2026-07-13
"CTA01128","DIS01923",2025-09-12
"CTA04420","DIS01036",2026-02-10
"CTA01587","DIS01851",2026-03-22
"CTA00852","DIS00367",2025-07-08
"CTA01326","DIS00069",2025-05-17
"CTA02927","DIS00272",2025-03-01
"CTA03840","DIS00374",2026-04-10
"CTA03088","DIS00665",2025-12-27
"CTA02756","DIS00992",2025-07-14
"CTA03256","DIS01495",2026-05-08
"CTA00525","DIS00418",2025-12-30
"CTA04738","DIS01404",2025-03-25
"CTA03215","DIS00258",2026-04-12
"CTA04197","DIS00870",2025-03-19
"CTA02014","DIS00802",2025-02-08
"CTA04308","DIS01650",2025-02-01
"CTA04009","DIS01711",2026-08-14
"CTA02697","DIS00112",2025-07-04
"CTA01511","DIS01213",2026-01-31
"CTA03773","DIS01097",2025-10-19
"CTA00546","DIS01626",2025-06-01
"CTA03841","DIS00822",2025-01-21
"CTA04731","DIS01294",2025-12-21
"CTA03407","DIS00672",2025-08-28
"CTA02712","DIS00040",2025-05-06
"CTA04753","DIS00272",2025-08-03
"CTA00053","DIS00940",2026-08-17
"CTA02355","DIS00816",2026-08-17
"CTA02236","DIS01462",2026-03-10
"CTA03937","DIS01364",2026-06-15
"CTA00451","DIS01597",2025-04-19
"CTA03347","DIS00107",2026-02-01
"CTA03317","DIS01805",2026-05-25
"CTA02756","DIS00565",2025-07-07
"CTA04796","DIS00828",2026-01-18
"CTA00999","DIS01066",2025-03-21
"CTA04266","DIS00840",2026-06-19
"CTA04556","DIS00269",2026-03-31
"CTA04280","DIS01081",2025-04-10
"CTA03598","DIS00606",2025-09-24
"CTA04421","DIS01231",2026-04-02
"CTA00284","DIS01161",2026-01-24
"CTA00161","DIS00412",2026-08-02
"CTA02492","DIS00385",2026-04-07
"CTA01675","DIS00686",2026-03-26
"CTA01977","DIS01734",2025-06-09
"CTA03112","DIS01013",2025-06-16
"CTA02715","DIS01120",2026-05-17
"CTA01496","DIS01787",2025-11-01
"CTA01799","DIS01869",2026-04-18
"CTA03528","DIS00176",2025-09-15
"CTA02915","DIS00833",2025-08-03
"CTA00714","DIS01209",2025-04-11
"CTA04804","DIS00311",2025-08-18
"CTA03149","DIS00201",2025-10-23
"CTA01650","DIS00681",2025-10-11
"CTA04772","DIS01142",2026-07-14
"CTA01630","DIS00081",2025-11-22
"CTA02988","DIS01657",2026-08-13
"CTA00418","DIS01798",2026-08-20
"CTA01059","DIS01988",2026-05-14
"CTA03734","DIS01528",2025-01-23
"CTA01124","DIS00294",2025-06-06
"CTA04401","DIS01065",2025-04-15
"CTA00988","DIS01146",2025-02-25
"CTA02726","DIS00542",2026-03-10
"CTA04442","DIS00520",2025-10-15
"CTA02966","DIS00469",2026-03-20
"CTA02989","DIS00193",2025-04-30
"CTA00289","DIS01239",2025-03-19
"CTA02415","DIS00593",2026-04-12
"CTA03434","DIS00942",2025-04-05
"CTA03554","DIS01591",2026-08-17
"CTA02628","DIS00343",2026-02-17
"CTA00582","DIS01430",2026-04-01
"CTA00695","DIS00063",2026-08-13
"CTA04927","DIS01844",2026-05-19
"CTA01996","DIS01236",2026-06-26
"CTA03625","DIS01350",2025-07-01
"CTA02866","DIS00756",2026-01-21
"CTA04639","DIS00984",2026-05-07
"CTA00460","DIS00733",2025-03-26
"CTA03224","DIS01504",2026-03-22
"CTA02254","DIS01525",2025-01-09
"CTA01378","DIS01948",2025-11-17
"CTA04136","DIS00034",2026-03-13
"CTA03219","DIS01173",2025-08-21
"CTA01279","DIS01868",2025-05-17
"CTA00938","DIS00791",2026-04-28
"CTA00042","DIS01141",2026-01-11
"CTA01035","DIS00174",2025-02-16
"CTA03918","DIS00364",2025-05-04
"CTA03772","DIS00828",2025-01-01
"CTA02262","DIS00171",2026-08-04
"CTA04922","DIS00433",2026-05-14
"CTA04264","DIS00580",2025-03-06
"CTA00784","DIS00658",2026-04-07
"CTA02675","DIS01681",2026-01-22
"CTA01226","DIS00513",2025-07-08
"CTA00268","DIS00680",2026-08-14
"CTA04028","DIS01259",2026-01-03
"CTA00216","DIS01008",2026-06-07
"CTA01833","DIS00396",2025-09-03
"CTA00210","DIS00431",2025-11-25
"CTA01079","DIS01115",2025-12-03
"CTA01626","DIS01614",2026-07-20
"CTA01186","DIS00692",2026-01-17
"CTA01787","DIS00456",2025-01-23
"CTA01016","DIS00717",2025-10-29
"CTA02950","DIS00644",2025-04-29
"CTA04955","DIS01489",2026-02-14
"CTA04631","DIS00677",2025-11-21
"CTA03572","DIS01417",2025-05-24
"CTA04205","DIS00994",2025-03-30
"CTA00823","DIS00255",2025-10-20
"CTA04116","DIS00195",2025-07-13
"CTA01020","DIS01736",2025-06-25
"CTA01320","DIS00789",2025-06-15
"CTA00611","DIS00589",2025-08-23
"CTA01389","DIS01133",2025-05-27
"CTA04199","DIS01890",2025-07-12
"CTA04031","DIS00004",2025-12-27
"CTA00421","DIS01793",2026-02-22
"CTA02916","DIS00159",2026-08-11
"CTA00842","DIS00172",2025-07-18
"CTA04657","DIS01729",2025-12-22
"CTA02527","DIS00666",2025-10-30
"CTA03154","DIS01734",2025-05-12
"CTA03460","DIS00217",2025-02-03
"CTA02007","DIS00616",2025-03-08
"CTA03784","DIS01601",2026-06-24
"CTA01771","DIS00975",2025-11-12
"CTA03892","DIS00070",2026-01-30
"CTA01957","DIS01123",2026-04-04
"CTA00714","DIS00515",2025-06-19
"CTA01213","DIS01891",2025-05-29
"CTA04517","DIS01148",2025-05-16
"CTA03623","DIS01343",2025-04-19
"CTA02453","DIS01669",2025-11-11
"CTA02275","DIS00350",2025-12-30
"CTA03079","DIS00087",2025-10-23
"CTA00195","DIS01607",2025-03-27
"CTA00765","DIS01472",2025-02-07
"CTA04775","DIS01589",2025-07-15
"CTA01573","DIS01781",2025-06-07
"CTA04411","DIS01776",2025-03-24
"CTA02476","DIS01342",2025-07-19
"CTA03687","DIS01082",2025-06-23
"CTA00018","DIS01172",2026-01-28
"CTA04418","DIS01062",2026-04-26
"CTA03061","DIS01925",2026-07-12
"CTA00963","DIS01824",2025-02-18
"CTA01525","DIS00518",2025-06-06
"CTA01204","DIS01676",2025-11-18
"CTA01143","DIS01429",2025-02-13
"CTA03292","DIS00290",2026-08-18
"CTA00312","DIS01334",2025-01-01
"CTA02964","DIS01269",2025-10-24
"CTA04448","DIS00943",2025-03-11
"CTA04520","DIS00840",2025-10-11
"CTA03815","DIS01871",2025-12-21
"CTA01699","DIS00877",2025-05-02
"CTA01225","DIS01527",2025-07-12
"CTA02875","DIS01703",2025-12-23
"CTA01629","DIS00233",2025-11-01
"CTA04248","DIS01386",2025-01-16
"CTA03785","DIS01771",2025-06-06
"CTA00655","DIS01278",2026-05-06
"CTA03026","DIS01668",2026-02-04
"CTA00519","DIS01606",2026-05-30
"CTA04049","DIS00446",2026-01-15
"CTA01203","DIS01958",2025-07-30
"CTA02441","DIS01675",2026-08-11
"CTA00946","DIS01784",2025-02-03
"CTA00605","DIS01893",2025-07-24
"CTA03244","DIS01454",2025-12-01
"CTA04317","DIS01854",2025-01-20
"CTA04813","DIS01082",2025-05-20
"CTA00744","DIS00353",2026-07-16
"CTA00852","DIS00211",2025-04-24
"CTA04482","DIS00543",2026-02-27
"CTA00516","DIS01860",2026-02-13
"CTA02976","DIS01159",2025-05-09
"CTA03176","DIS00008",2026-05-12
"CTA04456","DIS00160",2025-11-06
"CTA03387","DIS01024",2025-07-06
"CTA03342","DIS00419",2025-04-07
"CTA03764","DIS01764",2026-07-11
"CTA00512","DIS00271",2026-06-18
"CTA04308","DIS00074",2026-07-05
"CTA03185","DIS01780",2026-06-02
"CTA01911","DIS01663",2025-10-28
"CTA04865","DIS00377",2025-11-27
"CTA04283","DIS00711",2026-04-13
"CTA03187","DIS00932",2025-02-07
"CTA00791","DIS00269",2025-09-06
"CTA04245","DIS01422",2026-03-18
"CTA02766","DIS00168",2025-07-06
"CTA02732","DIS01224",2026-03-05
"CTA03171","DIS01304",2025-03-03
"CTA00093","DIS00998",2025-01-24
"CTA01881","DIS01536",2025-07-29
"CTA02193","DIS00637",2025-09-19
"CTA00250","DIS00237",2025-01-01
"CTA03820","DIS00215",2026-08-29
"CTA03899","DIS00671",2025-07-08
"CTA04909","DIS00398",2026-08-12
"CTA04563","DIS01499",2025-09-21
"CTA04838","DIS01392",2025-11-09
"CTA02481","DIS00102",2025-12-21
"CTA03427","DIS00324",2026-03-29
"CTA00746","DIS00169",2026-03-03
"CTA03754","DIS00974",2026-04-28
"CTA02857","DIS01854",2025-12-13
"CTA03277","DIS00226",2025-05-10
"CTA02325","DIS01555",2025-03-30
"CTA01166","DIS00272",2025-02-25
"CTA01076","DIS00322",2025-11-03
"CTA04837","DIS00449",2025-11-01
"CTA03633","DIS00771",2025-11-19
"CTA00382","DIS00731",2025-09-13
"CTA00548","DIS00634",2025-07-07
"CTA01473","DIS01550",2025-10-16
"CTA03428","DIS01247",2026-03-10
"CTA00538","DIS00527",2026-08-05
"CTA03243","DIS01952",2026-07-05
"CTA03106","DIS00159",2025-05-01
"CTA04814","DIS00291",2026-04-30
"CTA04523","DIS00781",2025-08-24
"CTA03131","DIS00084",2026-04-06
"CTA04479","DIS01016",2025-02-27
"CTA02717","DIS01901",2025-10-31
"CTA04626","DIS00897",2025-04-28
"CTA00677","DIS00679",2025-05-28
"CTA00445","DIS00285",2025-10-17
"CTA04451","DIS01301",2025-02-03
"CTA04275","DIS01473",2026-03-27
"CTA01362","DIS00922",2025-02-21
"CTA01707","DIS00749",2025-04-03
"CTA03754","DIS01358",2025-12-26
"CTA03163","DIS01530",2025-12-21
"CTA03371","DIS01290",2026-08-07
"CTA04254","DIS01537",2025-10-04
"CTA04101","DIS00327",2025-12-17
"CTA01889","DIS00316",2025-10-17
"CTA04419","DIS01699",2025-11-20
"CTA01261","DIS01242",2025-07-04
"CTA02391","DIS01506",2026-01-25
"CTA01658","DIS00785",2026-02-27
"CTA02447","DIS00818",2026-01-12
"CTA03738","DIS00002",2026-08-02
"CTA01024","DIS00748",2025-03-31
"CTA04356","DIS00400",2025-12-27
"CTA03295","DIS00459",2025-11-10
"CTA04464","DIS00950",2025-12-18
"CTA03802","DIS00885",2026-07-15
"CTA02478","DIS01302",2026-01-04
"CTA01361","DIS00431",2026-04-02
"CTA04722","DIS00684",2026-08-18
"CTA04529","DIS01843",2025-12-10
"CTA00944","DIS00507",2025-09-20
"CTA03942","DIS01811",2025-03-23
"CTA04485","DIS01211",2026-03-29
"CTA02354","DIS01783",2026-04-20
"CTA01948","DIS00672",2025-02-12
"CTA01511","DIS01702",2026-07-26
"CTA01512","DIS00274",2025-11-07
"CTA04273","DIS00484",2026-03-17
"CTA04054","DIS00852",2026-01-15
"CTA01546","DIS01048",2026-01-19
"CTA04261","DIS00505",2026-08-06
"CTA02296","DIS00692",2025-09-03
"CTA03221","DIS00559",2025-07-30
"CTA02159","DIS00339",2025-07-02
"CTA02537","DIS01032",2026-05-03
"CTA00971","DIS00140",2026-06-01
"CTA03438","DIS01596",2026-01-25
"CTA04216","DIS00952",2025-08-28
"CTA00664","DIS00091",2025-01-28
"CTA01013","DIS01534",2026-06-09
"CTA04557","DIS01346",2025-08-29
"CTA03997","DIS00032",2026-04-19
"CTA04803","DIS00940",2026-03-29
"CTA00251","DIS01422",2025-06-25
"CTA02410","DIS00735",2025-02-08
"CTA02790","DIS00539",2025-01-13
"CTA02062","DIS00774",2026-08-05
"CTA01080","DIS01039",2026-01-18
"CTA02500","DIS00891",2026-07-19
"CTA03393","DIS00969",2025-03-14
"CTA03935","DIS01178",2025-04-17
"CTA03258","DIS00186",2026-01-17
"CTA00700","DIS00924",2025-03-15
"CTA01800","DIS00736",2026-02-06
"CTA00379","DIS00815",2026-08-25
"CTA04532","DIS00482",2026-08-19
"CTA04460","DIS00090",2025-04-04
"CTA03904","DIS01968",2025-02-05
"CTA00877","DIS00982",2025-01-10
"CTA04090","DIS01277",2025-12-21
"CTA00602","DIS01668",2025-08-12
"CTA00570","DIS01408",2025-11-10
"CTA00483","DIS01869",2025-04-20
"CTA04398","DIS00864",2025-01-04
"CTA03983","DIS01917",2026-05-11
"CTA01316","DIS01908",2025-01-26
"CTA04462","DIS00408",2025-11-06
"CTA00201","DIS00229",2026-05-05
"CTA01643","DIS01142",2025-05-08
"CTA01183","DIS01126",2025-09-10
"CTA01326","DIS01625",2026-04-04
"CTA04627","DIS01056",2025-11-30
"CTA01990","DIS01218",2025-07-12
"CTA00453","DIS01102",2025-10-01
"CTA02553","DIS01909",2025-04-01
"CTA04145","DIS01354",2025-11-30
"CTA01586","DIS00695",2025-08-12
"CTA04354","DIS01126",2025-09-18
"CTA04667","DIS00263",2025-08-09
"CTA00856","DIS01380",2025-08-11
"CTA03116","DIS00515",2025-05-18
"CTA04669","DIS01148",2026-07-01
"CTA01769","DIS00392",2026-02-07
"CTA01209","DIS00818",2025-04-22
"CTA01314","DIS00253",2026-02-27
"CTA00531","DIS01318",2025-02-01
"CTA00069","DIS00482",2026-06-05
"CTA00599","DIS01990",2025-03-15
"CTA01337","DIS00706",2025-11-05
"CTA00332","DIS00036",2026-07-07
"CTA02611","DIS00018",2026-07-12
"CTA04358","DIS00851",2025-07-26
"CTA02967","DIS01997",2025-08-18
"CTA02381","DIS01812",2026-04-14
"CTA01110","DIS00122",2026-01-01
"CTA02765","DIS01631",2026-08-21
"CTA04739","DIS00109",2026-08-05
"CTA03563","DIS01533",2026-07-04
"CTA01521","DIS00121",2026-07-22
"CTA02693","DIS00315",2026-08-18
"CTA04556","DIS01853",2026-01-26
"CTA04823","DIS01123",2025-04-23
"CTA02446","DIS01584",2025-07-20
"CTA01817","DIS00134",2025-05-28
"CTA00897","DIS01785",2025-08-24
"CTA04944","DIS00700",2025-12-22
"CTA02790","DIS00721",2025-01-31
"CTA01544","DIS00771",2025-11-07
"CTA03037","DIS00935",2025-06-08
"CTA02249","DIS01032",2025-12-13
"CTA03027","DIS01242",2026-07-26
"CTA04653","DIS01319",2026-07-02
"CTA00077","DIS00568",2025-04-12
"CTA01521","DIS00519",2026-05-27
"CTA00797","DIS01927",2026-05-06
"CTA01442","DIS00411",2025-08-24
"CTA00571","DIS00254",2025-03-24
"CTA02958","DIS01871",2026-02-16
"CTA02222","DIS00639",2025-11-01
"CTA01270","DIS01200",2025-06-11
"CTA02732","DIS00920",2026-03-14
"CTA02900","DIS00937",2026-01-15
"CTA01648","DIS00502",2026-08-07
"CTA01612","DIS00345",2025-10-21
"CTA03406","DIS01037",2025-04-27
"CTA01840","DIS01827",2025-12-12
"CTA01224","DIS01590",2026-02-25
"CTA04563","DIS01803",2025-11-05
"CTA02090","DIS01219",2025-01-19
"CTA00256","DIS00135",2025-03-17
"CTA02048","DIS00089",2026-01-14
"CTA04940","DIS01304",2026-08-12
"CTA04913","DIS00690",2025-11-03
"CTA01119","DIS00450",2025-08-12
"CTA04485","DIS01755",2025-07-23
"CTA03763","DIS01121",2025-08-09
"CTA00065","DIS01234",2025-08-25
"CTA01638","DIS01956",2025-12-20
"CTA02695","DIS00821",2025-12-11
"CTA03737","DIS00922",2025-03-29
"CTA03193","DIS01761",2026-04-10
"CTA04554","DIS01065",2025-04-04
"CTA04170","DIS01961",2025-10-31
"CTA00922","DIS01079",2025-02-15
"CTA00808","DIS00769",2026-07-07
"CTA01294","DIS01332",2026-04-03
"CTA02409","DIS01438",2025-11-04
"CTA02788","DIS01745",2025-07-23
"CTA03022","DIS00238",2025-09-09
"CTA04642","DIS01166",2025-02-01
"CTA01107","DIS01427",2025-08-18
"CTA02410","DIS01734",2025-03-16
"CTA02074","DIS01400",2026-05-11
"CTA00878","DIS00518",2025-12-08
"CTA00185","DIS01070",2026-07-06
"CTA04994","DIS00520",2025-04-08
"CTA00301","DIS00369",2025-05-04
"CTA01717","DIS01261",2025-05-07
"CTA00260","DIS00107",2025-11-15
"CTA01941","DIS00777",2026-08-23
"CTA01845","DIS00470",2025-11-02
"CTA04880","DIS00858",2026-05-10
"CTA04250","DIS01295",2025-08-31
"CTA03234","DIS00924",2025-10-05
"CTA04094","DIS01263",2026-06-24
"CTA01346","DIS00347",2026-08-10
"CTA02243","DIS00995",2026-01-02
"CTA04214","DIS01600",2026-01-26
"CTA00453","DIS01250",2026-08-01
"CTA00102","DIS00689",2026-06-13
"CTA04548","DIS00002",2026-02-12
"CTA01644","DIS00714",2026-08-18
"CTA00256","DIS00341",2025-05-02
"CTA02575","DIS00808",2025-03-14
"CTA03964","DIS01882",2025-03-30
"CTA03144","DIS00484",2026-06-15
"CTA02470","DIS01330",2025-08-08
"CTA02927","DIS01059",2026-03-07
"CTA04464","DIS00181",2026-02-16
"CTA01464","DIS01784",2026-03-02
"CTA02783","DIS00367",2025-04-14
"CTA01637","DIS00099",2026-01-18
"CTA01960","DIS01336",2026-02-17
"CTA04563","DIS01523",2025-05-23
"CTA01117","DIS00678",2026-02-17
"CTA04648","DIS00535",2025-11-16
"CTA01218","DIS00771",2026-01-25
"CTA04810","DIS00592",2025-04-20
"CTA01545","DIS01185",2025-06-03
"CTA00209","DIS01358",2026-07-31
"CTA03336","DIS00323",2026-03-16
"CTA01186","DIS01054",2025-08-23
"CTA00440","DIS00354",2025-12-03
"CTA01829","DIS01428",2025-06-18
"CTA03819","DIS01961",2026-04-20
"CTA03044","DIS01563",2026-02-06
"CTA01422","DIS01075",2025-11-14
"CTA04367","DIS01181",2025-05-20
"CTA04133","DIS00188",2025-08-02
"CTA04749","DIS00819",2026-02-02
"CTA01130","DIS00571",2025-05-31
"CTA01393","DIS01217",2026-07-30
"CTA04207","DIS01502",2026-03-12
"CTA00835","DIS01390",2025-02-28
"CTA01901","DIS00739",2025-11-23
"CTA01204","DIS00690",2026-01-07
"CTA00319","DIS00945",2026-05-13
"CTA00965","DIS01133",2025-09-24
"CTA04824","DIS01763",2025-05-17
"CTA04753","DIS01763",2025-05-24
"CTA01133","DIS01057",2025-06-21
"CTA03956","DIS00843",2026-05-02
"CTA04013","DIS00743",2026-05-22
"CTA00055","DIS00862",2026-02-23
"CTA04272","DIS01521",2025-05-12
"CTA04606","DIS00625",2026-06-16
"CTA00163","DIS00060",2025-03-29
"CTA00185","DIS01756",2026-08-07
"CTA00353","DIS01386",2025-04-23
"CTA02009","DIS01574",2025-04-06
"CTA01200","DIS00789",2025-04-11
"CTA00144","DIS01934",2025-11-29
"CTA03003","DIS00786",2026-02-12
"CTA00997","DIS01475",2026-03-16
"CTA01803","DIS01105",2025-11-02
"CTA03158","DIS00571",2026-08-25
"CTA02823","DIS01150",2025-03-16
"CTA00049","DIS00400",2026-08-08
"CTA04106","DIS01948",2025-11-09
"CTA02782","DIS00823",2026-09-01
"CTA03457","DIS00798",2025-04-04
"CTA03934","DIS00703",2025-10-17
"CTA03849","DIS00613",2025-12-23
"CTA01234","DIS01544",2026-07-26
"CTA02975","DIS00335",2025-08-19
"CTA02034","DIS01609",2025-03-05
"CTA01240","DIS01795",2025-06-24
"CTA01375","DIS00280",2026-01-19
"CTA00670","DIS00281",2026-01-20
"CTA02225","DIS00315",2025-07-28
"CTA00518","DIS00177",2026-03-18
"CTA04284","DIS01790",2026-01-27
"CTA02847","DIS01472",2025-05-25
"CTA00345","DIS00397",2026-06-15
"CTA02645","DIS01475",2026-06-30
"CTA01152","DIS00882",2026-08-29
"CTA04998","DIS00051",2026-03-14
"CTA00007","DIS01697",2025-12-30
"CTA00448","DIS00885",2025-03-30
"CTA02640","DIS01195",2025-12-13
"CTA00881","DIS01042",2026-06-15
"CTA03874","DIS01993",2025-01-14
"CTA02315","DIS01999",2025-02-01
"CTA03465","DIS00020",2026-03-28
"CTA01749","DIS01737",2026-08-30
"CTA02039","DIS01995",2026-08-19
"CTA00617","DIS01786",2025-03-07
"CTA00364","DIS01468",2026-07-26
"CTA00776","DIS01254",2025-11-07
"CTA04335","DIS00363",2025-02-13
"CTA02764","DIS00030",2026-08-26
"CTA04658","DIS00464",2025-09-30
"CTA03646","DIS00291",2025-06-14
"CTA01387","DIS00864",2025-01-11
"CTA02694","DIS01297",2025-06-18
"CTA02242","DIS01214",2025-02-15
"CTA04018","DIS00541",2026-05-11
"CTA01140","DIS00361",2025-05-23
"CTA01180","DIS01568",2026-04-16
"CTA02628","DIS00305",2026-01-21
"CTA01083","DIS00448",2025-04-18
"CTA02852","DIS00533",2026-05-03
"CTA00829","DIS01484",2025-12-16
"CTA03203","DIS01257",2026-07-27
"CTA04821","DIS00999",2026-04-04
"CTA02029","DIS01830",2025-07-05
"CTA04479","DIS01384",2026-04-24
"CTA04065","DIS00862",2026-07-24
"CTA00447","DIS01538",2025-05-23
"CTA00815","DIS01927",2026-04-05
"CTA00385","DIS01477",2025-12-13
"CTA01013","DIS00045",2025-01-25
"CTA00611","DIS00925",2025-06-16
"CTA00095","DIS00386",2026-05-05
"CTA02576","DIS00529",2025-12-31
"CTA04187","DIS01683",2026-08-20
"CTA00348","DIS00117",2025-12-02
"CTA04516","DIS01278",2026-01-03
"CTA01201","DIS01460",2026-06-07
"CTA04705","DIS00155",2025-04-29
"CTA01363","DIS01069",2025-03-29
"CTA00167","DIS00131",2025-10-09
"CTA04904","DIS01955",2026-07-18
"CTA01183","DIS00223",2025-06-03
"CTA01462","DIS00354",2026-05-04
"CTA01633","DIS00531",2025-10-04
"CTA03429","DIS01422",2025-04-07
"CTA04295","DIS01812",2026-04-12
"CTA04945","DIS00915",2025-07-04
"CTA03518","DIS01937",2025-03-27
"CTA01766","DIS01149",2025-10-08
"CTA04418","DIS00063",2026-02-02
"CTA02247","DIS01587",2026-06-22
"CTA04933","DIS00825",2026-02-07
"CTA00201","DIS01797",2026-04-12
"CTA00299","DIS00374",2026-05-20
"CTA00042","DIS00305",2025-06-25
"CTA02228","DIS01179",2025-02-06
"CTA04779","DIS01010",2026-02-07
"CTA03761","DIS01906",2025-10-09
"CTA01621","DIS00245",2026-07-28
"CTA02777","DIS00156",2026-07-19
"CTA02352","DIS01299",2025-06-03
"CTA00032","DIS00172",2025-04-05
"CTA03254","DIS00650",2026-01-20
"CTA00975","DIS00042",2025-04-02
"CTA00421","DIS01233",2026-07-03
"CTA00238","DIS00044",2025-01-20
"CTA00974","DIS01630",2025-11-06
"CTA01289","DIS01719",2026-04-08
"CTA00234","DIS00439",2026-07-05
"CTA01831","DIS00020",2025-06-18
"CTA01797","DIS01198",2025-06-29
"CTA01696","DIS00923",2025-10-26
"CTA04461","DIS01006",2026-03-30
"CTA01284","DIS01383",2026-01-29
"CTA00048","DIS01487",2025-08-10
"CTA02721","DIS01199",2026-06-05
"CTA02185","DIS00726",2026-04-17
"CTA04747","DIS00964",2025-12-12
"CTA00417","DIS01844",2026-02-25
"CTA00362","DIS00429",2026-06-26
"CTA04972","DIS00828",2025-12-01
"CTA00116","DIS01157",2025-04-23
"CTA01905","DIS00635",2025-02-01
"CTA04756","DIS00481",2025-10-10
"CTA01691","DIS00233",2025-11-29
"CTA02319","DIS00159",2025-02-17
"CTA02190","DIS00940",2026-07-11
"CTA04380","DIS01269",2026-06-25
"CTA04251","DIS01317",2026-01-08
"CTA03765","DIS00963",2026-04-03
"CTA02126","DIS00922",2025-11-05
"CTA01024","DIS01532",2026-02-05
"CTA03986","DIS00060",2025-10-13
"CTA02000","DIS01724",2026-05-19
"CTA04390","DIS00183",2025-10-21
"CTA03295","DIS00667",2026-02-18
"CTA00103","DIS01138",2026-02-19
"CTA02376","DIS01332",2025-05-24
"CTA00996","DIS00603",2025-09-07
"CTA00995","DIS01155",2025-10-17
"CTA01048","DIS00207",2025-11-11
"CTA01123","DIS00027",2025-04-22
"CTA03135","DIS00405",2026-02-10
"CTA04499","DIS00060",2025-10-01
"CTA01854","DIS00385",2026-03-11
"CTA04431","DIS00256",2025-05-26
"CTA04991","DIS01607",2026-01-24
"CTA02358","DIS01316",2025-11-01
"CTA01821","DIS01083",2026-05-14
"CTA03683","DIS01361",2026-01-31
"CTA02486","DIS01060",2026-05-05
"CTA01101","DIS00735",2025-10-17
"CTA00058","DIS01797",2026-02-09
"CTA01418","DIS00697",2026-01-14
"CTA04172","DIS01485",2026-01-25
"CTA03350","DIS00943",2025-07-02
"CTA02153","DIS01902",2025-03-19
"CTA04631","DIS00096",2025-10-19
"CTA00830","DIS01526",2026-06-27
"CTA02751","DIS01999",2026-06-03
"CTA00420","DIS00519",2026-07-01
"CTA00690","DIS00598",2025-08-06
"CTA02199","DIS01306",2025-06-17
"CTA04666","DIS01456",2026-08-23
"CTA03321","DIS00918",2026-01-06
"CTA02459","DIS01099",2025-08-09
"CTA03366","DIS00091",2025-04-12
"CTA01120","DIS01471",2026-08-15
"CTA01295","DIS00851",2025-05-22
"CTA03190","DIS00255",2025-08-15
"CTA01482","DIS01455",2025-03-09
"CTA04644","DIS01445",2026-03-23
"CTA04273","DIS00784",2025-09-20
"CTA03986","DIS01132",2025-06-16
"CTA01815","DIS01130",2026-05-15
"CTA03319","DIS00340",2025-04-14
"CTA00998","DIS00308",2025-03-26
"CTA02222","DIS00350",2026-03-25
"CTA01431","DIS01055",2025-01-13
"CTA03343","DIS00313",2025-04-27
"CTA04139","DIS00611",2025-06-21
"CTA04533","DIS00535",2026-07-04
"CTA01192","DIS01191",2025-07-26
"CTA04851","DIS00688",2025-08-31
"CTA02596","DIS01941",2026-06-08
"CTA00297","DIS00410",2025-07-16
"CTA03480","DIS01290",2026-04-07
"CTA01469","DIS00753",2025-07-30
"CTA01445","DIS01611",2025-10-13
"CTA04111","DIS01533",2025-04-28
"CTA02452","DIS01043",2026-08-11
"CTA03583","DIS00585",2025-07-04
"CTA04501","DIS00352",2026-06-16
"CTA04106","DIS00914",2026-03-06
"CTA03244","DIS00708",2026-08-23
"CTA02093","DIS00868",2026-01-10
"CTA04868","DIS01723",2025-09-24
"CTA03823","DIS00402",2025-05-18
"CTA00811","DIS01380",2025-05-07
"CTA01577","DIS00469",2025-10-19
"CTA00176","DIS00648",2025-08-06
"CTA01336","DIS01829",2025-05-14
"CTA01025","DIS01595",2025-04-26
"CTA03276","DIS00091",2025-05-24
"CTA03405","DIS00198",2025-09-18
"CTA02655","DIS00469",2025-03-22
"CTA04246","DIS01113",2025-05-13
"CTA02457","DIS00884",2025-09-30
"CTA03250","DIS00009",2026-06-09
"CTA01160","DIS00735",2025-01-30
"CTA01058","DIS01933",2025-09-15
"CTA04653","DIS01746",2026-06-10
"CTA03851","DIS00575",2025-10-25
"CTA01407","DIS01459",2026-03-23
"CTA01959","DIS01720",2026-05-13
"CTA01253","DIS01920",2025-01-03
"CTA00408","DIS00789",2025-07-29
"CTA03348","DIS00987",2025-10-28
"CTA00532","DIS00518",2025-03-17
"CTA02362","DIS01624",2025-12-05
"CTA01404","DIS00806",2025-01-09
"CTA00168","DIS01696",2026-08-27
"CTA03671","DIS00835",2025-02-28
"CTA03206","DIS01977",2026-07-14
"CTA01710","DIS01763",2025-10-18
"CTA04125","DIS01002",2025-03-29
"CTA03157","DIS00078",2025-08-07
"CTA00624","DIS00502",2026-08-16
"CTA02114","DIS00644",2026-06-19
"CTA01981","DIS00313",2026-01-15
"CTA00122","DIS00993",2025-09-07
"CTA01175","DIS00547",2025-04-21
"CTA04628","DIS01985",2026-07-25
"CTA04283","DIS00753",2025-10-14
"CTA01389","DIS01565",2025-02-22
"CTA04259","DIS00107",2025-08-16
"CTA02385","DIS01097",2025-05-29
"CTA04149","DIS01156",2025-01-23
"CTA04926","DIS01781",2025-10-18
"CTA01299","DIS00148",2025-05-06
"CTA03487","DIS00799",2025-03-17
"CTA01817","DIS00083",2025-11-17
"CTA01802","DIS01687",2026-08-24
"CTA03109","DIS00114",2025-03-17
"CTA03440","DIS01126",2025-07-10
"CTA00718","DIS01958",2025-06-20
"CTA01697","DIS00370",2025-04-12
"CTA02296","DIS01610",2025-02-07
"CTA00212","DIS01188",2026-07-29
"CTA01312","DIS01808",2026-08-11
"CTA03557","DIS01192",2025-10-08
"CTA03228","DIS01024",2026-03-13
"CTA03126","DIS00354",2025-12-15
"CTA00665","DIS01045",2025-05-16
"CTA02158","DIS00907",2025-09-28
"CTA00623","DIS01848",2025-04-06
"CTA04752","DIS00128",2025-05-26
"CTA02487","DIS00344",2026-06-05
"CTA00409","DIS01985",2026-07-26
"CTA03034","DIS01904",2025-08-23
"CTA02661","DIS00776",2025-01-31
"CTA01548","DIS01125",2026-03-10
"CTA00606","DIS01540",2025-06-07
"CTA00846","DIS00239",2026-08-08
"CTA01749","DIS01381",2025-04-27
"CTA01228","DIS01016",2025-09-16
"CTA04059","DIS01555",2025-01-15
"CTA04840","DIS00988",2026-02-18
"CTA04121","DIS01301",2026-02-12
"CTA03560","DIS00503",2026-02-02
"CTA01590","DIS01293",2026-04-06
"CTA00245","DIS00932",2025-02-16
"CTA01010","DIS01252",2025-12-29
"CTA04255","DIS00724",2025-06-22
"CTA02203","DIS01522",2025-05-06
"CTA00196","DIS00807",2025-11-11
"CTA02491","DIS01733",2026-02-08
"CTA02560","DIS01408",2025-11-28
"CTA02269","DIS01666",2025-02-15
"CTA01873","DIS00468",2026-04-04
"CTA04677","DIS01590",2025-02-12
"CTA01525","DIS01116",2025-11-18
"CTA02948","DIS01895",2025-10-30
"CTA00519","DIS00981",2025-08-29
"CTA03528","DIS00073",2025-03-08
"CTA01220","DIS00352",2025-03-16
"CTA02823","DIS00235",2026-06-23
"CTA03211","DIS01971",2025-07-30
"CTA04093","DIS01836",2026-08-11
"CTA01516","DIS00134",2026-02-22
"CTA01245","DIS01293",2025-12-12
"CTA02055","DIS01711",2025-12-16
"CTA01361","DIS01720",2025-08-23
"CTA00532","DIS01814",2025-06-02
"CTA02537","DIS01068",2025-03-08
"CTA00232","DIS00907",2025-07-30
"CTA03085","DIS00636",2025-08-27
"CTA04354","DIS01689",2026-02-10
"CTA03550","DIS00096",2026-03-08
"CTA00367","DIS01232",2025-01-13
"CTA00513","DIS01434",2025-12-29
"CTA00479","DIS01627",2025-05-31
"CTA04135","DIS01607",2026-05-01
"CTA01003","DIS01999",2026-05-26
"CTA01112","DIS01803",2025-01-06
"CTA01778","DIS00305",2025-06-20
"CTA02742","DIS00832",2025-06-12
"CTA04827","DIS01143",2025-05-06
"CTA02354","DIS01750",2025-11-06
"CTA01647","DIS01540",2025-04-16
"CTA01923","DIS00180",2025-06-22
"CTA00748","DIS01353",2025-03-24
"CTA01219","DIS00301",2025-11-05
"CTA04411","DIS01722",2026-07-12
"CTA02914","DIS00343",2026-04-02
"CTA03175","DIS01782",2026-08-30
"CTA00458","DIS01248",2025-07-16
"CTA04139","DIS00930",2025-09-19
"CTA02482","DIS00729",2026-03-06
"CTA02402","DIS01142",2025-12-18
"CTA02006","DIS01405",2026-07-11
"CTA00311","DIS01263",2025-11-18
"CTA04655","DIS00976",2025-08-01
"CTA01750","DIS01204",2026-05-13
"CTA00207","DIS01849",2026-05-03
"CTA04934","DIS00870",2025-02-20
"CTA01098","DIS00875",2026-03-06
"CTA01075","DIS01155",2025-11-09
"CTA03880","DIS01203",2026-07-28
"CTA04878","DIS01251",2025-05-03
"CTA01630","DIS00327",2025-06-17
"CTA04001","DIS00841",2026-06-27
"CTA02944","DIS01588",2026-04-03
"CTA02063","DIS00613",2025-05-29
"CTA02421","DIS00340",2025-01-05
"CTA03135","DIS00749",2025-07-15
"CTA01835","DIS00129",2026-02-27
"CTA01714","DIS01154",2025-12-21
"CTA01848","DIS01922",2025-01-31
"CTA02874","DIS00062",2026-07-29
"CTA00094","DIS00287",2025-03-27
"CTA03687","DIS01785",2026-08-02
"CTA04536","DIS01106",2026-07-08
"CTA01966","DIS01782",2025-08-29
"CTA00029","DIS01406",2025-07-15
"CTA03515","DIS00643",2026-03-07
"CTA01035","DIS01933",2025-09-15
"CTA03850","DIS00339",2025-03-08
"CTA00185","DIS01739",2026-03-19
"CTA03960","DIS00219",2026-08-04
"CTA00861","DIS00371",2025-08-31
"CTA00247","DIS00220",2025-03-03
"CTA03359","DIS01380",2025-10-06
"CTA01829","DIS01851",2025-08-28
"CTA00389","DIS00652",2025-10-01
"CTA02541","DIS00721",2026-03-03
"CTA04020","DIS01046",2025-12-21
"CTA04222","DIS00245",2026-08-11
"CTA00191","DIS00072",2026-05-26
"CTA03748","DIS00355",2025-06-21
"CTA03718","DIS01269",2025-11-01
"CTA04143","DIS01458",2026-01-07
"CTA00003","DIS00431",2026-06-21
"CTA01565","DIS01392",2025-03-12
"CTA00004","DIS00304",2025-12-29
"CTA01764","DIS00680",2025-09-14
"CTA03661","DIS00287",2026-02-01
"CTA03437","DIS00244",2025-06-07
"CTA00365","DIS00713",2025-06-16
"CTA00141","DIS01813",2025-10-31
"CTA00236","DIS00824",2025-11-26
"CTA04923","DIS01951",2026-08-08
"CTA04076","DIS01252",2026-07-21
"CTA01443","DIS01223",2025-12-29
"CTA00399","DIS01175",2025-07-08
"CTA03777","DIS01307",2025-03-25
"CTA00109","DIS01895",2026-01-30
"CTA03247","DIS00675",2025-10-11
"CTA04952","DIS01573",2026-02-20
"CTA03694","DIS00267",2025-10-11
"CTA01883","DIS01730",2026-08-12
"CTA02072","DIS00986",2025-08-30
"CTA00240","DIS00356",2025-06-26
"CTA01947","DIS01471",2025-09-14
"CTA00416","DIS01858",2026-03-14
"CTA03029","DIS01363",2025-06-16
"CTA02015","DIS00205",2025-10-10
"CTA00489","DIS00962",2025-08-22
"CTA02353","DIS01656",2026-02-19
"CTA04095","DIS01044",2025-10-20
"CTA02909","DIS01327",2025-11-04
"CTA04723","DIS00166",2025-12-01
"CTA02073","DIS01417",2025-10-23
"CTA03220","DIS00113",2025-11-13
"CTA01999","DIS00289",2026-01-24
"CTA04439","DIS00901",2026-08-11
"CTA00518","DIS01633",2026-02-19
"CTA01291","DIS01528",2025-01-10
"CTA01502","DIS01495",2026-03-10
"CTA02903","DIS00765",2025-08-23
"CTA03513","DIS01541",2026-07-18
"CTA02422","DIS00667",2025-08-28
"CTA04996","DIS00683",2025-10-05
"CTA01232","DIS01638",2025-05-28
"CTA04806","DIS01066",2025-07-23
"CTA03179","DIS01841",2026-07-02
"CTA04866","DIS00463",2025-11-20
"CTA02285","DIS01214",2026-06-25
"CTA00420","DIS00104",2026-07-30
"CTA04010","DIS00406",2025-06-21
"CTA00045","DIS01330",2026-05-07
"CTA03585","DIS00926",2025-10-18
"CTA03571","DIS00951",2025-01-02
"CTA02386","DIS00368",2026-02-17
"CTA03637","DIS00767",2025-07-13
"CTA04671","DIS01911",2026-06-19
"CTA01566","DIS01324",2026-04-02
"CTA00086","DIS00316",2026-03-13
"CTA03174","DIS00169",2025-02-17
"CTA00464","DIS01381",2025-03-03
"CTA03442","DIS00425",2026-06-30
"CTA00320","DIS00704",2026-05-19
"CTA02073","DIS00992",2025-07-06
"CTA03337","DIS00023",2026-03-30
"CTA04167","DIS01963",2026-05-18
"CTA00073","DIS01746",2026-07-16
"CTA00583","DIS01210",2026-05-12
"CTA04885","DIS01457",2026-06-16
"CTA01342","DIS01322",2026-04-21
"CTA01369","DIS01695",2025-09-02
"CTA00604","DIS00671",2026-01-08
"CTA02072","DIS01439",2025-08-24
"CTA02302","DIS01768",2025-07-25
"CTA04054","DIS00382",2026-03-09
"CTA02064","DIS01631",2025-12-23
"CTA01285","DIS00649",2026-06-27
"CTA00405","DIS00535",2025-09-23
"CTA00684","DIS01460",2025-09-11
"CTA04417","DIS01153",2025-06-17
"CTA00843","DIS00706",2026-06-09
"CTA01979","DIS00284",2025-10-12
"CTA04964","DIS00049",2025-10-17
"CTA02642","DIS00003",2025-07-17
"CTA04017","DIS01389",2025-02-21
"CTA03171","DIS00515",2025-12-11
"CTA03515","DIS00699",2025-03-30
"CTA02647","DIS01704",2026-07-11
"CTA01052","DIS00091",2025-08-03
"CTA02400","DIS01276",2025-11-15
"CTA00025","DIS01011",2026-06-18
"CTA02290","DIS01044",2025-03-23
"CTA00390","DIS01883",2025-07-24
"CTA03728","DIS01602",2026-04-07
"CTA02748","DIS00520",2025-12-10
"CTA01499","DIS01801",2026-07-22
"CTA00983","DIS00168",2025-10-02
"CTA02196","DIS01641",2026-01-06
"CTA00792","DIS00051",2026-02-12
"CTA04183","DIS00771",2025-12-17
"CTA03354","DIS01954",2026-03-18
"CTA01869","DIS00786",2025-01-07
"CTA04435","DIS00781",2025-02-07
"CTA02060","DIS00590",2026-05-24
"CTA01820","DIS00752",2025-12-04
"CTA04239","DIS00044",2025-11-12
"CTA04731","DIS00088",2025-07-14
"CTA04735","DIS00883",2025-09-04
"CTA01902","DIS01605",2025-03-15
"CTA03521","DIS01678",2025-03-01
"CTA04571","DIS01763",2025-01-18
"CTA01985","DIS01794",2026-06-13
"CTA01975","DIS00438",2025-05-08
"CTA04178","DIS01205",2025-05-31
"CTA02943","DIS01061",2025-06-16
"CTA04514","DIS00627",2025-10-25
"CTA01190","DIS01066",2025-08-12
"CTA03330","DIS00995",2025-02-01
"CTA01250","DIS01191",2025-02-22
"CTA01038","DIS01173",2025-01-24
"CTA04081","DIS01820",2025-10-24
"CTA01753","DIS01932",2026-05-28
"CTA01124","DIS00460",2026-08-31
"CTA04121","DIS00168",2026-03-09
"CTA04444","DIS01857",2025-12-27
"CTA04274","DIS01538",2025-09-05
"CTA03452","DIS00809",2026-04-09
"CTA01545","DIS00310",2026-01-07
"CTA01315","DIS00873",2025-01-12
"CTA04481","DIS00767",2025-07-27
"CTA02398","DIS01677",2026-05-03
"CTA04488","DIS01520",2025-08-15
"CTA03921","DIS01966",2025-07-27
"CTA00148","DIS01059",2025-09-19
"CTA00942","DIS00513",2026-05-05
"CTA00513","DIS00873",2025-05-31
"CTA02080","DIS00258",2025-08-03
"CTA02161","DIS00627",2026-08-05
"CTA03756","DIS01273",2026-03-22
"CTA00081","DIS00415",2025-12-15
"CTA03016","DIS00024",2026-01-18
"CTA01837","DIS01307",2025-05-13
"CTA02419","DIS00916",2025-07-28
"CTA02345","DIS01331",2026-02-01
"CTA04796","DIS01952",2025-09-12
"CTA01574","DIS00272",2026-02-12
"CTA02450","DIS00156",2025-09-15
"CTA04533","DIS01424",2025-03-30
"CTA00758","DIS00404",2025-02-06
"CTA01246","DIS01851",2026-05-10
"CTA00283","DIS00588",2026-07-19
"CTA01289","DIS01902",2025-06-09
"CTA03374","DIS00321",2025-06-08
"CTA00752","DIS00949",2025-02-08
"CTA04390","DIS01575",2026-02-17
"CTA02375","DIS00847",2025-08-18
"CTA04847","DIS01307",2026-02-28
"CTA03047","DIS01093",2025-03-08
"CTA02262","DIS00467",2025-07-26
"CTA02089","DIS01377",2026-04-09
"CTA04974","DIS00078",2025-01-08
"CTA02430","DIS01054",2026-06-27
"CTA01540","DIS01715",2025-05-30
"CTA04705","DIS00488",2025-01-21
"CTA02019","DIS00160",2026-06-17
"CTA01439","DIS01121",2025-03-22
"CTA00533","DIS01806",2025-05-24
"CTA02852","DIS01398",2026-07-12
"CTA04366","DIS00652",2025-08-27
"CTA02620","DIS01134",2026-05-25
"CTA01120","DIS01775",2025-12-11
"CTA04982","DIS00151",2025-10-17
"CTA01510","DIS01016",2026-02-08
"CTA04397","DIS01778",2026-02-25
"CTA02708","DIS01108",2025-01-04
"CTA04717","DIS00301",2026-06-20
"CTA04323","DIS00248",2025-10-08
"CTA02929","DIS00343",2026-03-19
"CTA01403","DIS00636",2026-05-17
"CTA01059","DIS01371",2026-03-01
"CTA02181","DIS00760",2025-11-20
"CTA00772","DIS01720",2026-01-22
"CTA02342","DIS00152",2025-04-09
"CTA02400","DIS00548",2026-01-17
"CTA01196","DIS01766",2025-11-21
"CTA01430","DIS01870",2026-03-04
"CTA00016","DIS01344",2025-06-29
"CTA01160","DIS00551",2025-01-29
"CTA02349","DIS00654",2025-11-10
"CTA04911","DIS00938",2026-01-19
"CTA01815","DIS01716",2026-03-12
"CTA02405","DIS01668",2025-09-23
"CTA00989","DIS00467",2025-12-14
"CTA01377","DIS00649",2025-04-22
"CTA00141","DIS01252",2025-10-21
"CTA02867","DIS01385",2026-08-30
"CTA03804","DIS01602",2025-07-21
"CTA02429","DIS00709",2025-07-27
"CTA01793","DIS01648",2026-05-22
"CTA04944","DIS01879",2025-02-16
"CTA03176","DIS00397",2025-07-13
"CTA00624","DIS01379",2026-05-22
"CTA03031","DIS00755",2025-09-14
"CTA03604","DIS01513",2026-04-01
"CTA01425","DIS00533",2025-07-20
"CTA01314","DIS01031",2025-04-26
"CTA04373","DIS01689",2025-10-24
"CTA03376","DIS00464",2026-05-03
"CTA04631","DIS00249",2026-06-22
"CTA03952","DIS00197",2025-11-09
"CTA03963","DIS00703",2026-08-28
"CTA02498","DIS01368",2026-07-12
"CTA01629","DIS01531",2025-05-26
"CTA04480","DIS01131",2026-01-24
"CTA03163","DIS00975",2026-03-16
"CTA01445","DIS00529",2026-08-18
"CTA01419","DIS00933",2025-11-13
"CTA00407","DIS00335",2025-11-15
"CTA04001","DIS01698",2026-08-31
"CTA00496","DIS00322",2025-04-15
"CTA00413","DIS00527",2025-08-28
"CTA04087","DIS01644",2026-05-07
"CTA01261","DIS00992",2025-09-28
"CTA01438","DIS00701",2025-03-04
"CTA00322","DIS01865",2025-03-21
"CTA04930","DIS00282",2025-01-27
"CTA00573","DIS01068",2025-07-02
"CTA01754","DIS00644",2025-05-31
"CTA01816","DIS01550",2026-06-23
"CTA01964","DIS00075",2026-07-21
"CTA01586","DIS01551",2025-01-29
"CTA01231","DIS01765",2025-07-04
"CTA03468","DIS01659",2026-01-09
"CTA04738","DIS01607",2025-10-06
"CTA04331","DIS01137",2026-04-19
"CTA02720","DIS00106",2025-05-17
"CTA01559","DIS00043",2025-02-24
"CTA00915","DIS01678",2025-10-28
"CTA04637","DIS01580",2025-12-01
"CTA03606","DIS00148",2025-05-16
"CTA04426","DIS00963",2026-03-06
"CTA02312","DIS01751",2026-05-24
"CTA02317","DIS00381",2026-01-19
"CTA04882","DIS00349",2025-11-20
"CTA02160","DIS01520",2025-03-06
"CTA03590","DIS01140",2025-08-01
"CTA01261","DIS01751",2025-02-08
"CTA04375","DIS01979",2025-09-02
"CTA02623","DIS01146",2026-02-28
"CTA01505","DIS00897",2026-04-04
"CTA03831","DIS01974",2026-05-15
"CTA02898","DIS00453",2025-04-07
"CTA02928","DIS00686",2025-03-23
"CTA03135","DIS00545",2026-05-26
"CTA01622","DIS01810",2026-01-13
"CTA03130","DIS01961",2026-06-26
"CTA03527","DIS01321",2025-06-26
"CTA01975","DIS01622",2025-12-18
"CTA04269","DIS00558",2025-06-06
"CTA00815","DIS00564",2025-01-03
"CTA04185","DIS01274",2025-10-11
"CTA03199","DIS00745",2026-05-08
"CTA00488","DIS00900",2025-01-10
"CTA02713","DIS01327",2026-05-16
"CTA04842","DIS01614",2025-12-08
"CTA00819","DIS00127",2025-12-26
"CTA01675","DIS01148",2026-08-21
"CTA01599","DIS00246",2026-08-24
"CTA01330","DIS00069",2025-03-01
"CTA03361","DIS00881",2026-04-07
"CTA01745","DIS01523",2025-10-30
"CTA04490","DIS01027",2025-03-12
"CTA02657","DIS01497",2026-03-02
"CTA01623","DIS00033",2026-02-04
"CTA03197","DIS00010",2025-12-21
"CTA04486","DIS01077",2026-01-07
"CTA03623","DIS00590",2025-08-05
"CTA01679","DIS00352",2025-08-25
"CTA03520","DIS00575",2025-12-29
"CTA02592","DIS01046",2025-09-26
"CTA00237","DIS00468",2025-05-15
"CTA04271","DIS01749",2026-04-03
"CTA00625","DIS01253",2026-01-28
"CTA03783","DIS01017",2025-04-13
"CTA04447","DIS00950",2026-07-03
"CTA01711","DIS01652",2026-03-16
"CTA04727","DIS00143",2025-04-24
"CTA00618","DIS00190",2025-12-25
"CTA04035","DIS01741",2025-02-28
"CTA03936","DIS01255",2026-03-02
"CTA03929","DIS01611",2025-10-02
"CTA00957","DIS01212",2025-12-09
"CTA01285","DIS00275",2025-11-03
"CTA03877","DIS00197",2025-07-13
"CTA03947","DIS01626",2025-10-20
"CTA03841","DIS00705",2026-06-12
"CTA00638","DIS00155",2026-03-25
"CTA01961","DIS01979",2025-09-02
"CTA03701","DIS00834",2025-01-05
"CTA03957","DIS01768",2025-01-14
"CTA01457","DIS01490",2025-04-05
"CTA02392","DIS01731",2025-07-26
"CTA04873","DIS00838",2026-01-08
"CTA01772","DIS00385",2026-03-28
"CTA03570","DIS01456",2026-04-09
"CTA04428","DIS01228",2025-08-17
"CTA02251","DIS01611",2025-10-28
"CTA00434","DIS01495",2025-05-21
"CTA04748","DIS01318",2026-08-08
"CTA04640","DIS01024",2025-05-12
"CTA01039","DIS01336",2025-08-19
"CTA02359","DIS01261",2026-02-04
"CTA04954","DIS01171",2025-08-26
"CTA04017","DIS01169",2025-02-28
"CTA04533","DIS00868",2026-05-08
"CTA02487","DIS01970",2026-08-13
"CTA03422","DIS00196",2025-05-21
"CTA01445","DIS00926",2026-03-18
"CTA03962","DIS00954",2025-10-09
"CTA04740","DIS01711",2025-07-14
"CTA00582","DIS01887",2026-03-19
"CTA02942","DIS00933",2025-06-23
"CTA01182","DIS00666",2025-05-02
"CTA02753","DIS00696",2025-05-31
"CTA04768","DIS01321",2025-05-30
"CTA01230","DIS00570",2026-08-31
"CTA00136","DIS00796",2026-06-18
"CTA03869","DIS00097",2025-12-31
"CTA04946","DIS00225",2025-07-03
"CTA00293","DIS00458",2025-09-16
"CTA04237","DIS01690",2025-09-29
"CTA01741","DIS00044",2025-09-08
"CTA03471","DIS00983",2025-07-30
"CTA01736","DIS00146",2025-02-05
"CTA02265","DIS00585",2025-03-05
"CTA01706","DIS00771",2026-06-04
"CTA02793","DIS00652",2026-02-14
"CTA03792","DIS00716",2026-07-27
"CTA03095","DIS00132",2025-07-01
"CTA02095","DIS00463",2025-10-17
"CTA01574","DIS00667",2026-08-30
"CTA02559","DIS01233",2025-09-16
"CTA01414","DIS00435",2025-09-04
"CTA04473","DIS01398",2026-06-14
